ISO-10303-21;
HEADER;
/* Generated by software containing ST-Developer
 * from STEP Tools, Inc. (www.steptools.com) 
 */
/* OPTION: using custom renumber hook */

FILE_DESCRIPTION(
/* description */ ('STEP AP242 Edition 2',
'CAx-IF Rec.Pracs.---Representation and Presentation of Product Manufa
cturing Information (PMI)---4.0---2014-10-13',
'CAx-IF Rec.Pracs.---3D Tessellated Geometry---0.4---2014-09-14','2;1',
'CAx-IF Rec.Pracs.---User Defined Attributes---1.5---2016-08-15'),
/* implementation_level */ '2;1');

FILE_NAME(
/* name */ 'Keycap Right',
/* time_stamp */ '2026-08-13T13:20:28Z',
/* author */ (''),
/* organization */ (''),
/* preprocessor_version */ 'ST-DEVELOPER v20',
/* originating_system */ 'ONSHAPE BY PTC INC, 1.219',
/* authorisation */ '  ');

FILE_SCHEMA (('AP242_MANAGED_MODEL_BASED_3D_ENGINEERING_MIM_LF { 1 0 10303 442 3 1 4 }'));
ENDSEC;

DATA;
#10=SHAPE_REPRESENTATION_RELATIONSHIP('','',#1521,#11);
#11=ADVANCED_BREP_SHAPE_REPRESENTATION('',(#1519),#4140);
#12=OVER_RIDING_STYLED_ITEM('',(#1506),#1502,#1504);
#13=CONICAL_SURFACE('',#1561,0.000578674021268001,0.00245683629617198);
#14=CONICAL_SURFACE('',#1562,0.000578710401499148,0.00246260126998919);
#15=CONICAL_SURFACE('',#1563,0.000821280932753971,0.594128337450122);
#16=CONICAL_SURFACE('',#1564,0.000593285928054577,0.475075964559576);
#17=CONICAL_SURFACE('',#1565,0.000578674021268011,0.00245683629616806);
#18=CONICAL_SURFACE('',#1566,0.000578710401839326,0.00246260114638548);
#19=CONICAL_SURFACE('',#1567,0.000821280932753974,0.594128337450117);
#20=CONICAL_SURFACE('',#1568,0.000593285927853554,0.475075965056343);
#21=CONICAL_SURFACE('',#1569,0.000578674021268024,0.00245683629616329);
#22=CONICAL_SURFACE('',#1570,0.00057871040183933,0.0024626011463844);
#23=CONICAL_SURFACE('',#1571,0.000821280932753971,0.594128337450122);
#24=CONICAL_SURFACE('',#1572,0.000578674021661906,0.00245683615655237);
#25=CONICAL_SURFACE('',#1573,0.00057871040183932,0.00246260114638769);
#26=CONICAL_SURFACE('',#1574,0.000821280932753974,0.594128337450117);
#27=CONICAL_SURFACE('',#1575,0.000593285930902368,0.47507595736688);
#28=CIRCLE('',#1534,0.00133658829123758);
#29=CIRCLE('',#1535,0.00133658829123759);
#30=CIRCLE('',#1536,0.00133658829123758);
#31=CIRCLE('',#1537,0.00133658829060177);
#32=CIRCLE('',#1541,0.00133658829123758);
#33=CIRCLE('',#1544,0.00133658829123759);
#34=CIRCLE('',#1549,0.00133658829060177);
#35=CIRCLE('',#1551,0.00133658829123758);
#36=CIRCLE('',#1578,0.000275);
#37=CIRCLE('',#1580,0.000275);
#38=LINE('',#2227,#108);
#39=LINE('',#2230,#109);
#40=LINE('',#2232,#110);
#41=LINE('',#2234,#111);
#42=LINE('',#2236,#112);
#43=LINE('',#2238,#113);
#44=LINE('',#2240,#114);
#45=LINE('',#2242,#115);
#46=LINE('',#2244,#116);
#47=LINE('',#2246,#117);
#48=LINE('',#2248,#118);
#49=LINE('',#2250,#119);
#50=LINE('',#2252,#120);
#51=LINE('',#2254,#121);
#52=LINE('',#2256,#122);
#53=LINE('',#2258,#123);
#54=LINE('',#2260,#124);
#55=LINE('',#2262,#125);
#56=LINE('',#2264,#126);
#57=LINE('',#2266,#127);
#58=LINE('',#2268,#128);
#59=LINE('',#2270,#129);
#60=LINE('',#2272,#130);
#61=LINE('',#2274,#131);
#62=LINE('',#2276,#132);
#63=LINE('',#2278,#133);
#64=LINE('',#2281,#134);
#65=LINE('',#2283,#135);
#66=LINE('',#2285,#136);
#67=LINE('',#2289,#137);
#68=LINE('',#2293,#138);
#69=LINE('',#2297,#139);
#70=LINE('',#2301,#140);
#71=LINE('',#2303,#141);
#72=LINE('',#2305,#142);
#73=LINE('',#2307,#143);
#74=LINE('',#2309,#144);
#75=LINE('',#2311,#145);
#76=LINE('',#2330,#146);
#77=LINE('',#2344,#147);
#78=LINE('',#2346,#148);
#79=LINE('',#2348,#149);
#80=LINE('',#2350,#150);
#81=LINE('',#2352,#151);
#82=LINE('',#2354,#152);
#83=LINE('',#2368,#153);
#84=LINE('',#2371,#154);
#85=LINE('',#2372,#155);
#86=LINE('',#2374,#156);
#87=LINE('',#2376,#157);
#88=LINE('',#2377,#158);
#89=LINE('',#2385,#159);
#90=LINE('',#2389,#160);
#91=LINE('',#2392,#161);
#92=LINE('',#2394,#162);
#93=LINE('',#2396,#163);
#94=LINE('',#2824,#164);
#95=LINE('',#3239,#165);
#96=LINE('',#3697,#166);
#97=LINE('',#4112,#167);
#98=LINE('',#4115,#168);
#99=LINE('',#4119,#169);
#100=LINE('',#4121,#170);
#101=LINE('',#4125,#171);
#102=LINE('',#4127,#172);
#103=LINE('',#4129,#173);
#104=LINE('',#4131,#174);
#105=LINE('',#4133,#175);
#106=LINE('',#4135,#176);
#107=LINE('',#4137,#177);
#108=VECTOR('',#1596,1.);
#109=VECTOR('',#1597,1.);
#110=VECTOR('',#1598,1.);
#111=VECTOR('',#1599,1.);
#112=VECTOR('',#1600,1.);
#113=VECTOR('',#1601,1.);
#114=VECTOR('',#1602,1.);
#115=VECTOR('',#1603,1.);
#116=VECTOR('',#1604,1.);
#117=VECTOR('',#1605,1.);
#118=VECTOR('',#1606,1.);
#119=VECTOR('',#1607,1.);
#120=VECTOR('',#1610,1.);
#121=VECTOR('',#1611,1.);
#122=VECTOR('',#1612,1.);
#123=VECTOR('',#1615,1.);
#124=VECTOR('',#1616,1.);
#125=VECTOR('',#1619,1.);
#126=VECTOR('',#1620,1.);
#127=VECTOR('',#1623,1.);
#128=VECTOR('',#1624,1.);
#129=VECTOR('',#1627,1.);
#130=VECTOR('',#1628,1.);
#131=VECTOR('',#1631,1.);
#132=VECTOR('',#1632,1.);
#133=VECTOR('',#1635,1.);
#134=VECTOR('',#1636,1.);
#135=VECTOR('',#1637,1.);
#136=VECTOR('',#1638,1.);
#137=VECTOR('',#1641,1.);
#138=VECTOR('',#1644,1.);
#139=VECTOR('',#1647,1.);
#140=VECTOR('',#1650,1.);
#141=VECTOR('',#1653,1.);
#142=VECTOR('',#1654,1.);
#143=VECTOR('',#1655,1.);
#144=VECTOR('',#1658,1.);
#145=VECTOR('',#1659,1.);
#146=VECTOR('',#1666,1.);
#147=VECTOR('',#1673,1.);
#148=VECTOR('',#1676,1.);
#149=VECTOR('',#1677,1.);
#150=VECTOR('',#1678,1.);
#151=VECTOR('',#1681,1.);
#152=VECTOR('',#1682,1.);
#153=VECTOR('',#1689,1.);
#154=VECTOR('',#1692,1.);
#155=VECTOR('',#1693,1.);
#156=VECTOR('',#1694,1.);
#157=VECTOR('',#1695,1.);
#158=VECTOR('',#1696,1.);
#159=VECTOR('',#1703,1.);
#160=VECTOR('',#1710,1.);
#161=VECTOR('',#1715,1.);
#162=VECTOR('',#1716,1.);
#163=VECTOR('',#1719,1.);
#164=VECTOR('',#1728,1.);
#165=VECTOR('',#1737,1.);
#166=VECTOR('',#1744,1.);
#167=VECTOR('',#1753,1.);
#168=VECTOR('',#1758,1.);
#169=VECTOR('',#1761,1.);
#170=VECTOR('',#1764,1.);
#171=VECTOR('',#1767,1.);
#172=VECTOR('',#1770,1.);
#173=VECTOR('',#1771,1.);
#174=VECTOR('',#1774,1.);
#175=VECTOR('',#1775,1.);
#176=VECTOR('',#1778,1.);
#177=VECTOR('',#1781,1.);
#178=PLANE('',#1526);
#179=PLANE('',#1527);
#180=PLANE('',#1528);
#181=PLANE('',#1529);
#182=PLANE('',#1530);
#183=PLANE('',#1531);
#184=PLANE('',#1532);
#185=PLANE('',#1533);
#186=PLANE('',#1538);
#187=PLANE('',#1539);
#188=PLANE('',#1542);
#189=PLANE('',#1545);
#190=PLANE('',#1546);
#191=PLANE('',#1547);
#192=PLANE('',#1550);
#193=PLANE('',#1552);
#194=PLANE('',#1554);
#195=PLANE('',#1555);
#196=PLANE('',#1556);
#197=PLANE('',#1557);
#198=PLANE('',#1558);
#199=PLANE('',#1559);
#200=PLANE('',#1560);
#201=PLANE('',#1576);
#202=PLANE('',#1581);
#203=PLANE('',#1582);
#204=PLANE('',#1583);
#205=PLANE('',#1584);
#206=PLANE('',#1585);
#207=ELLIPSE('',#1524,0.0495371445887686,0.0323751130687227);
#208=ELLIPSE('',#1525,0.0480647781928599,0.0323751130687227);
#209=CYLINDRICAL_SURFACE('',#1523,0.0323751130687227);
#210=CYLINDRICAL_SURFACE('',#1540,0.00133658829123758);
#211=CYLINDRICAL_SURFACE('',#1543,0.00133658829123759);
#212=CYLINDRICAL_SURFACE('',#1548,0.00133658829060177);
#213=CYLINDRICAL_SURFACE('',#1553,0.00133658829123758);
#214=CYLINDRICAL_SURFACE('',#1577,0.000275);
#215=CYLINDRICAL_SURFACE('',#1579,0.000275);
#216=ORIENTED_EDGE('',*,*,#674,.T.);
#217=ORIENTED_EDGE('',*,*,#675,.T.);
#218=ORIENTED_EDGE('',*,*,#676,.F.);
#219=ORIENTED_EDGE('',*,*,#677,.T.);
#220=ORIENTED_EDGE('',*,*,#678,.T.);
#221=ORIENTED_EDGE('',*,*,#679,.T.);
#222=ORIENTED_EDGE('',*,*,#680,.T.);
#223=ORIENTED_EDGE('',*,*,#681,.F.);
#224=ORIENTED_EDGE('',*,*,#682,.T.);
#225=ORIENTED_EDGE('',*,*,#683,.T.);
#226=ORIENTED_EDGE('',*,*,#684,.T.);
#227=ORIENTED_EDGE('',*,*,#685,.F.);
#228=ORIENTED_EDGE('',*,*,#680,.F.);
#229=ORIENTED_EDGE('',*,*,#686,.F.);
#230=ORIENTED_EDGE('',*,*,#687,.F.);
#231=ORIENTED_EDGE('',*,*,#688,.F.);
#232=ORIENTED_EDGE('',*,*,#689,.F.);
#233=ORIENTED_EDGE('',*,*,#690,.F.);
#234=ORIENTED_EDGE('',*,*,#691,.F.);
#235=ORIENTED_EDGE('',*,*,#684,.F.);
#236=ORIENTED_EDGE('',*,*,#692,.F.);
#237=ORIENTED_EDGE('',*,*,#681,.T.);
#238=ORIENTED_EDGE('',*,*,#691,.T.);
#239=ORIENTED_EDGE('',*,*,#693,.F.);
#240=ORIENTED_EDGE('',*,*,#694,.F.);
#241=ORIENTED_EDGE('',*,*,#695,.T.);
#242=ORIENTED_EDGE('',*,*,#696,.F.);
#243=ORIENTED_EDGE('',*,*,#697,.T.);
#244=ORIENTED_EDGE('',*,*,#698,.F.);
#245=ORIENTED_EDGE('',*,*,#699,.F.);
#246=ORIENTED_EDGE('',*,*,#700,.T.);
#247=ORIENTED_EDGE('',*,*,#701,.T.);
#248=ORIENTED_EDGE('',*,*,#702,.T.);
#249=ORIENTED_EDGE('',*,*,#676,.T.);
#250=ORIENTED_EDGE('',*,*,#703,.F.);
#251=ORIENTED_EDGE('',*,*,#704,.F.);
#252=ORIENTED_EDGE('',*,*,#689,.T.);
#253=ORIENTED_EDGE('',*,*,#705,.T.);
#254=ORIENTED_EDGE('',*,*,#706,.T.);
#255=ORIENTED_EDGE('',*,*,#707,.F.);
#256=ORIENTED_EDGE('',*,*,#708,.T.);
#257=ORIENTED_EDGE('',*,*,#709,.T.);
#258=ORIENTED_EDGE('',*,*,#710,.F.);
#259=ORIENTED_EDGE('',*,*,#711,.F.);
#260=ORIENTED_EDGE('',*,*,#712,.F.);
#261=ORIENTED_EDGE('',*,*,#695,.F.);
#262=ORIENTED_EDGE('',*,*,#713,.F.);
#263=ORIENTED_EDGE('',*,*,#714,.F.);
#264=ORIENTED_EDGE('',*,*,#715,.F.);
#265=ORIENTED_EDGE('',*,*,#716,.F.);
#266=ORIENTED_EDGE('',*,*,#697,.F.);
#267=ORIENTED_EDGE('',*,*,#717,.F.);
#268=ORIENTED_EDGE('',*,*,#718,.T.);
#269=ORIENTED_EDGE('',*,*,#719,.T.);
#270=ORIENTED_EDGE('',*,*,#710,.T.);
#271=ORIENTED_EDGE('',*,*,#720,.T.);
#272=ORIENTED_EDGE('',*,*,#721,.T.);
#273=ORIENTED_EDGE('',*,*,#722,.T.);
#274=ORIENTED_EDGE('',*,*,#713,.T.);
#275=ORIENTED_EDGE('',*,*,#694,.T.);
#276=ORIENTED_EDGE('',*,*,#723,.F.);
#277=ORIENTED_EDGE('',*,*,#724,.F.);
#278=ORIENTED_EDGE('',*,*,#725,.F.);
#279=ORIENTED_EDGE('',*,*,#726,.F.);
#280=ORIENTED_EDGE('',*,*,#727,.F.);
#281=ORIENTED_EDGE('',*,*,#728,.F.);
#282=ORIENTED_EDGE('',*,*,#729,.F.);
#283=ORIENTED_EDGE('',*,*,#730,.F.);
#284=ORIENTED_EDGE('',*,*,#731,.F.);
#285=ORIENTED_EDGE('',*,*,#732,.F.);
#286=ORIENTED_EDGE('',*,*,#733,.F.);
#287=ORIENTED_EDGE('',*,*,#734,.F.);
#288=ORIENTED_EDGE('',*,*,#729,.T.);
#289=ORIENTED_EDGE('',*,*,#735,.T.);
#290=ORIENTED_EDGE('',*,*,#736,.T.);
#291=ORIENTED_EDGE('',*,*,#737,.F.);
#292=ORIENTED_EDGE('',*,*,#728,.T.);
#293=ORIENTED_EDGE('',*,*,#738,.T.);
#294=ORIENTED_EDGE('',*,*,#739,.T.);
#295=ORIENTED_EDGE('',*,*,#735,.F.);
#296=ORIENTED_EDGE('',*,*,#727,.T.);
#297=ORIENTED_EDGE('',*,*,#740,.T.);
#298=ORIENTED_EDGE('',*,*,#741,.T.);
#299=ORIENTED_EDGE('',*,*,#738,.F.);
#300=ORIENTED_EDGE('',*,*,#726,.T.);
#301=ORIENTED_EDGE('',*,*,#742,.T.);
#302=ORIENTED_EDGE('',*,*,#743,.T.);
#303=ORIENTED_EDGE('',*,*,#740,.F.);
#304=ORIENTED_EDGE('',*,*,#725,.T.);
#305=ORIENTED_EDGE('',*,*,#744,.T.);
#306=ORIENTED_EDGE('',*,*,#745,.T.);
#307=ORIENTED_EDGE('',*,*,#742,.F.);
#308=ORIENTED_EDGE('',*,*,#724,.T.);
#309=ORIENTED_EDGE('',*,*,#746,.T.);
#310=ORIENTED_EDGE('',*,*,#747,.T.);
#311=ORIENTED_EDGE('',*,*,#744,.F.);
#312=ORIENTED_EDGE('',*,*,#748,.F.);
#313=ORIENTED_EDGE('',*,*,#749,.F.);
#314=ORIENTED_EDGE('',*,*,#750,.F.);
#315=ORIENTED_EDGE('',*,*,#751,.F.);
#316=ORIENTED_EDGE('',*,*,#752,.F.);
#317=ORIENTED_EDGE('',*,*,#753,.F.);
#318=ORIENTED_EDGE('',*,*,#754,.F.);
#319=ORIENTED_EDGE('',*,*,#755,.F.);
#320=ORIENTED_EDGE('',*,*,#756,.F.);
#321=ORIENTED_EDGE('',*,*,#757,.F.);
#322=ORIENTED_EDGE('',*,*,#758,.F.);
#323=ORIENTED_EDGE('',*,*,#759,.F.);
#324=ORIENTED_EDGE('',*,*,#732,.T.);
#325=ORIENTED_EDGE('',*,*,#760,.T.);
#326=ORIENTED_EDGE('',*,*,#761,.T.);
#327=ORIENTED_EDGE('',*,*,#762,.F.);
#328=ORIENTED_EDGE('',*,*,#731,.T.);
#329=ORIENTED_EDGE('',*,*,#763,.T.);
#330=ORIENTED_EDGE('',*,*,#764,.T.);
#331=ORIENTED_EDGE('',*,*,#760,.F.);
#332=ORIENTED_EDGE('',*,*,#756,.T.);
#333=ORIENTED_EDGE('',*,*,#765,.T.);
#334=ORIENTED_EDGE('',*,*,#766,.T.);
#335=ORIENTED_EDGE('',*,*,#767,.T.);
#336=ORIENTED_EDGE('',*,*,#755,.T.);
#337=ORIENTED_EDGE('',*,*,#768,.F.);
#338=ORIENTED_EDGE('',*,*,#769,.T.);
#339=ORIENTED_EDGE('',*,*,#765,.F.);
#340=ORIENTED_EDGE('',*,*,#754,.T.);
#341=ORIENTED_EDGE('',*,*,#770,.T.);
#342=ORIENTED_EDGE('',*,*,#771,.T.);
#343=ORIENTED_EDGE('',*,*,#768,.T.);
#344=ORIENTED_EDGE('',*,*,#753,.T.);
#345=ORIENTED_EDGE('',*,*,#772,.F.);
#346=ORIENTED_EDGE('',*,*,#773,.T.);
#347=ORIENTED_EDGE('',*,*,#770,.F.);
#348=ORIENTED_EDGE('',*,*,#750,.T.);
#349=ORIENTED_EDGE('',*,*,#774,.F.);
#350=ORIENTED_EDGE('',*,*,#775,.F.);
#351=ORIENTED_EDGE('',*,*,#776,.T.);
#352=ORIENTED_EDGE('',*,*,#749,.T.);
#353=ORIENTED_EDGE('',*,*,#777,.F.);
#354=ORIENTED_EDGE('',*,*,#778,.F.);
#355=ORIENTED_EDGE('',*,*,#774,.T.);
#356=ORIENTED_EDGE('',*,*,#758,.T.);
#357=ORIENTED_EDGE('',*,*,#779,.T.);
#358=ORIENTED_EDGE('',*,*,#780,.T.);
#359=ORIENTED_EDGE('',*,*,#781,.T.);
#360=ORIENTED_EDGE('',*,*,#780,.F.);
#361=ORIENTED_EDGE('',*,*,#782,.F.);
#362=ORIENTED_EDGE('',*,*,#766,.F.);
#363=ORIENTED_EDGE('',*,*,#769,.F.);
#364=ORIENTED_EDGE('',*,*,#771,.F.);
#365=ORIENTED_EDGE('',*,*,#773,.F.);
#366=ORIENTED_EDGE('',*,*,#783,.F.);
#367=ORIENTED_EDGE('',*,*,#784,.F.);
#368=ORIENTED_EDGE('',*,*,#736,.F.);
#369=ORIENTED_EDGE('',*,*,#739,.F.);
#370=ORIENTED_EDGE('',*,*,#741,.F.);
#371=ORIENTED_EDGE('',*,*,#743,.F.);
#372=ORIENTED_EDGE('',*,*,#745,.F.);
#373=ORIENTED_EDGE('',*,*,#747,.F.);
#374=ORIENTED_EDGE('',*,*,#785,.F.);
#375=ORIENTED_EDGE('',*,*,#786,.F.);
#376=ORIENTED_EDGE('',*,*,#787,.F.);
#377=ORIENTED_EDGE('',*,*,#761,.F.);
#378=ORIENTED_EDGE('',*,*,#764,.F.);
#379=ORIENTED_EDGE('',*,*,#788,.F.);
#380=ORIENTED_EDGE('',*,*,#757,.T.);
#381=ORIENTED_EDGE('',*,*,#767,.F.);
#382=ORIENTED_EDGE('',*,*,#782,.T.);
#383=ORIENTED_EDGE('',*,*,#779,.F.);
#384=ORIENTED_EDGE('',*,*,#752,.T.);
#385=ORIENTED_EDGE('',*,*,#789,.T.);
#386=ORIENTED_EDGE('',*,*,#783,.T.);
#387=ORIENTED_EDGE('',*,*,#772,.T.);
#388=ORIENTED_EDGE('',*,*,#723,.T.);
#389=ORIENTED_EDGE('',*,*,#790,.T.);
#390=ORIENTED_EDGE('',*,*,#785,.T.);
#391=ORIENTED_EDGE('',*,*,#746,.F.);
#392=ORIENTED_EDGE('',*,*,#759,.T.);
#393=ORIENTED_EDGE('',*,*,#781,.F.);
#394=ORIENTED_EDGE('',*,*,#784,.T.);
#395=ORIENTED_EDGE('',*,*,#789,.F.);
#396=ORIENTED_EDGE('',*,*,#730,.T.);
#397=ORIENTED_EDGE('',*,*,#737,.T.);
#398=ORIENTED_EDGE('',*,*,#788,.T.);
#399=ORIENTED_EDGE('',*,*,#763,.F.);
#400=ORIENTED_EDGE('',*,*,#733,.T.);
#401=ORIENTED_EDGE('',*,*,#762,.T.);
#402=ORIENTED_EDGE('',*,*,#787,.T.);
#403=ORIENTED_EDGE('',*,*,#791,.F.);
#404=ORIENTED_EDGE('',*,*,#734,.T.);
#405=ORIENTED_EDGE('',*,*,#791,.T.);
#406=ORIENTED_EDGE('',*,*,#786,.T.);
#407=ORIENTED_EDGE('',*,*,#790,.F.);
#408=ORIENTED_EDGE('',*,*,#748,.T.);
#409=ORIENTED_EDGE('',*,*,#792,.F.);
#410=ORIENTED_EDGE('',*,*,#793,.F.);
#411=ORIENTED_EDGE('',*,*,#777,.T.);
#412=ORIENTED_EDGE('',*,*,#751,.T.);
#413=ORIENTED_EDGE('',*,*,#776,.F.);
#414=ORIENTED_EDGE('',*,*,#794,.F.);
#415=ORIENTED_EDGE('',*,*,#792,.T.);
#416=ORIENTED_EDGE('',*,*,#795,.F.);
#417=ORIENTED_EDGE('',*,*,#679,.F.);
#418=ORIENTED_EDGE('',*,*,#796,.F.);
#419=ORIENTED_EDGE('',*,*,#797,.F.);
#420=ORIENTED_EDGE('',*,*,#796,.T.);
#421=ORIENTED_EDGE('',*,*,#678,.F.);
#422=ORIENTED_EDGE('',*,*,#798,.F.);
#423=ORIENTED_EDGE('',*,*,#799,.F.);
#424=ORIENTED_EDGE('',*,*,#702,.F.);
#425=ORIENTED_EDGE('',*,*,#800,.F.);
#426=ORIENTED_EDGE('',*,*,#798,.T.);
#427=ORIENTED_EDGE('',*,*,#677,.F.);
#428=ORIENTED_EDGE('',*,*,#799,.T.);
#429=ORIENTED_EDGE('',*,*,#801,.F.);
#430=ORIENTED_EDGE('',*,*,#802,.T.);
#431=ORIENTED_EDGE('',*,*,#803,.F.);
#432=ORIENTED_EDGE('',*,*,#797,.T.);
#433=ORIENTED_EDGE('',*,*,#803,.T.);
#434=ORIENTED_EDGE('',*,*,#804,.T.);
#435=ORIENTED_EDGE('',*,*,#805,.T.);
#436=ORIENTED_EDGE('',*,*,#806,.T.);
#437=ORIENTED_EDGE('',*,*,#807,.T.);
#438=ORIENTED_EDGE('',*,*,#808,.F.);
#439=ORIENTED_EDGE('',*,*,#809,.T.);
#440=ORIENTED_EDGE('',*,*,#802,.F.);
#441=ORIENTED_EDGE('',*,*,#810,.F.);
#442=ORIENTED_EDGE('',*,*,#811,.T.);
#443=ORIENTED_EDGE('',*,*,#804,.F.);
#444=ORIENTED_EDGE('',*,*,#811,.F.);
#445=ORIENTED_EDGE('',*,*,#812,.F.);
#446=ORIENTED_EDGE('',*,*,#813,.T.);
#447=ORIENTED_EDGE('',*,*,#805,.F.);
#448=ORIENTED_EDGE('',*,*,#813,.F.);
#449=ORIENTED_EDGE('',*,*,#814,.F.);
#450=ORIENTED_EDGE('',*,*,#815,.T.);
#451=ORIENTED_EDGE('',*,*,#806,.F.);
#452=ORIENTED_EDGE('',*,*,#815,.F.);
#453=ORIENTED_EDGE('',*,*,#816,.F.);
#454=ORIENTED_EDGE('',*,*,#817,.T.);
#455=ORIENTED_EDGE('',*,*,#807,.F.);
#456=ORIENTED_EDGE('',*,*,#817,.F.);
#457=ORIENTED_EDGE('',*,*,#818,.F.);
#458=ORIENTED_EDGE('',*,*,#800,.T.);
#459=ORIENTED_EDGE('',*,*,#701,.F.);
#460=ORIENTED_EDGE('',*,*,#819,.F.);
#461=ORIENTED_EDGE('',*,*,#816,.T.);
#462=ORIENTED_EDGE('',*,*,#814,.T.);
#463=ORIENTED_EDGE('',*,*,#812,.T.);
#464=ORIENTED_EDGE('',*,*,#810,.T.);
#465=ORIENTED_EDGE('',*,*,#801,.T.);
#466=ORIENTED_EDGE('',*,*,#795,.T.);
#467=ORIENTED_EDGE('',*,*,#820,.T.);
#468=ORIENTED_EDGE('',*,*,#821,.T.);
#469=ORIENTED_EDGE('',*,*,#686,.T.);
#470=ORIENTED_EDGE('',*,*,#821,.F.);
#471=ORIENTED_EDGE('',*,*,#822,.T.);
#472=ORIENTED_EDGE('',*,*,#823,.T.);
#473=ORIENTED_EDGE('',*,*,#687,.T.);
#474=ORIENTED_EDGE('',*,*,#705,.F.);
#475=ORIENTED_EDGE('',*,*,#688,.T.);
#476=ORIENTED_EDGE('',*,*,#823,.F.);
#477=ORIENTED_EDGE('',*,*,#824,.T.);
#478=ORIENTED_EDGE('',*,*,#822,.F.);
#479=ORIENTED_EDGE('',*,*,#825,.T.);
#480=ORIENTED_EDGE('',*,*,#826,.F.);
#481=ORIENTED_EDGE('',*,*,#827,.T.);
#482=ORIENTED_EDGE('',*,*,#820,.F.);
#483=ORIENTED_EDGE('',*,*,#809,.F.);
#484=ORIENTED_EDGE('',*,*,#828,.T.);
#485=ORIENTED_EDGE('',*,*,#829,.F.);
#486=ORIENTED_EDGE('',*,*,#830,.F.);
#487=ORIENTED_EDGE('',*,*,#831,.F.);
#488=ORIENTED_EDGE('',*,*,#832,.F.);
#489=ORIENTED_EDGE('',*,*,#825,.F.);
#490=ORIENTED_EDGE('',*,*,#826,.T.);
#491=ORIENTED_EDGE('',*,*,#832,.T.);
#492=ORIENTED_EDGE('',*,*,#833,.F.);
#493=ORIENTED_EDGE('',*,*,#834,.T.);
#494=ORIENTED_EDGE('',*,*,#833,.T.);
#495=ORIENTED_EDGE('',*,*,#831,.T.);
#496=ORIENTED_EDGE('',*,*,#835,.F.);
#497=ORIENTED_EDGE('',*,*,#836,.T.);
#498=ORIENTED_EDGE('',*,*,#835,.T.);
#499=ORIENTED_EDGE('',*,*,#830,.T.);
#500=ORIENTED_EDGE('',*,*,#837,.F.);
#501=ORIENTED_EDGE('',*,*,#838,.T.);
#502=ORIENTED_EDGE('',*,*,#837,.T.);
#503=ORIENTED_EDGE('',*,*,#829,.T.);
#504=ORIENTED_EDGE('',*,*,#839,.F.);
#505=ORIENTED_EDGE('',*,*,#840,.T.);
#506=ORIENTED_EDGE('',*,*,#839,.T.);
#507=ORIENTED_EDGE('',*,*,#841,.T.);
#508=ORIENTED_EDGE('',*,*,#824,.F.);
#509=ORIENTED_EDGE('',*,*,#827,.F.);
#510=ORIENTED_EDGE('',*,*,#834,.F.);
#511=ORIENTED_EDGE('',*,*,#836,.F.);
#512=ORIENTED_EDGE('',*,*,#838,.F.);
#513=ORIENTED_EDGE('',*,*,#840,.F.);
#514=ORIENTED_EDGE('',*,*,#842,.T.);
#515=ORIENTED_EDGE('',*,*,#706,.F.);
#516=ORIENTED_EDGE('',*,*,#843,.T.);
#517=ORIENTED_EDGE('',*,*,#844,.T.);
#518=ORIENTED_EDGE('',*,*,#845,.T.);
#519=ORIENTED_EDGE('',*,*,#714,.T.);
#520=ORIENTED_EDGE('',*,*,#845,.F.);
#521=ORIENTED_EDGE('',*,*,#846,.T.);
#522=ORIENTED_EDGE('',*,*,#847,.T.);
#523=ORIENTED_EDGE('',*,*,#715,.T.);
#524=ORIENTED_EDGE('',*,*,#698,.T.);
#525=ORIENTED_EDGE('',*,*,#716,.T.);
#526=ORIENTED_EDGE('',*,*,#847,.F.);
#527=ORIENTED_EDGE('',*,*,#848,.T.);
#528=ORIENTED_EDGE('',*,*,#846,.F.);
#529=ORIENTED_EDGE('',*,*,#849,.T.);
#530=ORIENTED_EDGE('',*,*,#850,.F.);
#531=ORIENTED_EDGE('',*,*,#851,.T.);
#532=ORIENTED_EDGE('',*,*,#844,.F.);
#533=ORIENTED_EDGE('',*,*,#852,.F.);
#534=ORIENTED_EDGE('',*,*,#853,.T.);
#535=ORIENTED_EDGE('',*,*,#854,.F.);
#536=ORIENTED_EDGE('',*,*,#855,.F.);
#537=ORIENTED_EDGE('',*,*,#856,.F.);
#538=ORIENTED_EDGE('',*,*,#857,.F.);
#539=ORIENTED_EDGE('',*,*,#849,.F.);
#540=ORIENTED_EDGE('',*,*,#850,.T.);
#541=ORIENTED_EDGE('',*,*,#857,.T.);
#542=ORIENTED_EDGE('',*,*,#858,.F.);
#543=ORIENTED_EDGE('',*,*,#859,.T.);
#544=ORIENTED_EDGE('',*,*,#858,.T.);
#545=ORIENTED_EDGE('',*,*,#856,.T.);
#546=ORIENTED_EDGE('',*,*,#860,.F.);
#547=ORIENTED_EDGE('',*,*,#861,.T.);
#548=ORIENTED_EDGE('',*,*,#860,.T.);
#549=ORIENTED_EDGE('',*,*,#855,.T.);
#550=ORIENTED_EDGE('',*,*,#862,.F.);
#551=ORIENTED_EDGE('',*,*,#863,.T.);
#552=ORIENTED_EDGE('',*,*,#862,.T.);
#553=ORIENTED_EDGE('',*,*,#854,.T.);
#554=ORIENTED_EDGE('',*,*,#864,.F.);
#555=ORIENTED_EDGE('',*,*,#865,.T.);
#556=ORIENTED_EDGE('',*,*,#864,.T.);
#557=ORIENTED_EDGE('',*,*,#866,.T.);
#558=ORIENTED_EDGE('',*,*,#848,.F.);
#559=ORIENTED_EDGE('',*,*,#851,.F.);
#560=ORIENTED_EDGE('',*,*,#859,.F.);
#561=ORIENTED_EDGE('',*,*,#861,.F.);
#562=ORIENTED_EDGE('',*,*,#863,.F.);
#563=ORIENTED_EDGE('',*,*,#865,.F.);
#564=ORIENTED_EDGE('',*,*,#867,.T.);
#565=ORIENTED_EDGE('',*,*,#699,.T.);
#566=ORIENTED_EDGE('',*,*,#843,.F.);
#567=ORIENTED_EDGE('',*,*,#722,.F.);
#568=ORIENTED_EDGE('',*,*,#868,.F.);
#569=ORIENTED_EDGE('',*,*,#869,.F.);
#570=ORIENTED_EDGE('',*,*,#868,.T.);
#571=ORIENTED_EDGE('',*,*,#721,.F.);
#572=ORIENTED_EDGE('',*,*,#870,.F.);
#573=ORIENTED_EDGE('',*,*,#871,.F.);
#574=ORIENTED_EDGE('',*,*,#709,.F.);
#575=ORIENTED_EDGE('',*,*,#872,.F.);
#576=ORIENTED_EDGE('',*,*,#870,.T.);
#577=ORIENTED_EDGE('',*,*,#720,.F.);
#578=ORIENTED_EDGE('',*,*,#871,.T.);
#579=ORIENTED_EDGE('',*,*,#873,.F.);
#580=ORIENTED_EDGE('',*,*,#874,.T.);
#581=ORIENTED_EDGE('',*,*,#875,.F.);
#582=ORIENTED_EDGE('',*,*,#869,.T.);
#583=ORIENTED_EDGE('',*,*,#875,.T.);
#584=ORIENTED_EDGE('',*,*,#876,.T.);
#585=ORIENTED_EDGE('',*,*,#877,.T.);
#586=ORIENTED_EDGE('',*,*,#878,.T.);
#587=ORIENTED_EDGE('',*,*,#879,.T.);
#588=ORIENTED_EDGE('',*,*,#880,.F.);
#589=ORIENTED_EDGE('',*,*,#852,.T.);
#590=ORIENTED_EDGE('',*,*,#874,.F.);
#591=ORIENTED_EDGE('',*,*,#881,.F.);
#592=ORIENTED_EDGE('',*,*,#882,.T.);
#593=ORIENTED_EDGE('',*,*,#876,.F.);
#594=ORIENTED_EDGE('',*,*,#882,.F.);
#595=ORIENTED_EDGE('',*,*,#883,.F.);
#596=ORIENTED_EDGE('',*,*,#884,.T.);
#597=ORIENTED_EDGE('',*,*,#877,.F.);
#598=ORIENTED_EDGE('',*,*,#884,.F.);
#599=ORIENTED_EDGE('',*,*,#885,.F.);
#600=ORIENTED_EDGE('',*,*,#886,.T.);
#601=ORIENTED_EDGE('',*,*,#878,.F.);
#602=ORIENTED_EDGE('',*,*,#886,.F.);
#603=ORIENTED_EDGE('',*,*,#887,.F.);
#604=ORIENTED_EDGE('',*,*,#888,.T.);
#605=ORIENTED_EDGE('',*,*,#879,.F.);
#606=ORIENTED_EDGE('',*,*,#888,.F.);
#607=ORIENTED_EDGE('',*,*,#889,.F.);
#608=ORIENTED_EDGE('',*,*,#872,.T.);
#609=ORIENTED_EDGE('',*,*,#708,.F.);
#610=ORIENTED_EDGE('',*,*,#890,.F.);
#611=ORIENTED_EDGE('',*,*,#887,.T.);
#612=ORIENTED_EDGE('',*,*,#885,.T.);
#613=ORIENTED_EDGE('',*,*,#883,.T.);
#614=ORIENTED_EDGE('',*,*,#881,.T.);
#615=ORIENTED_EDGE('',*,*,#873,.T.);
#616=ORIENTED_EDGE('',*,*,#889,.T.);
#617=ORIENTED_EDGE('',*,*,#890,.T.);
#618=ORIENTED_EDGE('',*,*,#707,.T.);
#619=ORIENTED_EDGE('',*,*,#842,.F.);
#620=ORIENTED_EDGE('',*,*,#841,.F.);
#621=ORIENTED_EDGE('',*,*,#828,.F.);
#622=ORIENTED_EDGE('',*,*,#808,.T.);
#623=ORIENTED_EDGE('',*,*,#818,.T.);
#624=ORIENTED_EDGE('',*,*,#819,.T.);
#625=ORIENTED_EDGE('',*,*,#700,.F.);
#626=ORIENTED_EDGE('',*,*,#867,.F.);
#627=ORIENTED_EDGE('',*,*,#866,.F.);
#628=ORIENTED_EDGE('',*,*,#853,.F.);
#629=ORIENTED_EDGE('',*,*,#880,.T.);
#630=ORIENTED_EDGE('',*,*,#793,.T.);
#631=ORIENTED_EDGE('',*,*,#794,.T.);
#632=ORIENTED_EDGE('',*,*,#775,.T.);
#633=ORIENTED_EDGE('',*,*,#778,.T.);
#634=ORIENTED_EDGE('',*,*,#696,.T.);
#635=ORIENTED_EDGE('',*,*,#891,.F.);
#636=ORIENTED_EDGE('',*,*,#892,.T.);
#637=ORIENTED_EDGE('',*,*,#893,.T.);
#638=ORIENTED_EDGE('',*,*,#717,.T.);
#639=ORIENTED_EDGE('',*,*,#711,.T.);
#640=ORIENTED_EDGE('',*,*,#719,.F.);
#641=ORIENTED_EDGE('',*,*,#894,.F.);
#642=ORIENTED_EDGE('',*,*,#895,.T.);
#643=ORIENTED_EDGE('',*,*,#896,.T.);
#644=ORIENTED_EDGE('',*,*,#692,.T.);
#645=ORIENTED_EDGE('',*,*,#712,.T.);
#646=ORIENTED_EDGE('',*,*,#893,.F.);
#647=ORIENTED_EDGE('',*,*,#897,.T.);
#648=ORIENTED_EDGE('',*,*,#898,.T.);
#649=ORIENTED_EDGE('',*,*,#682,.F.);
#650=ORIENTED_EDGE('',*,*,#899,.F.);
#651=ORIENTED_EDGE('',*,*,#900,.T.);
#652=ORIENTED_EDGE('',*,*,#891,.T.);
#653=ORIENTED_EDGE('',*,*,#703,.T.);
#654=ORIENTED_EDGE('',*,*,#675,.F.);
#655=ORIENTED_EDGE('',*,*,#685,.T.);
#656=ORIENTED_EDGE('',*,*,#704,.T.);
#657=ORIENTED_EDGE('',*,*,#896,.F.);
#658=ORIENTED_EDGE('',*,*,#901,.T.);
#659=ORIENTED_EDGE('',*,*,#899,.T.);
#660=ORIENTED_EDGE('',*,*,#674,.F.);
#661=ORIENTED_EDGE('',*,*,#898,.F.);
#662=ORIENTED_EDGE('',*,*,#902,.T.);
#663=ORIENTED_EDGE('',*,*,#894,.T.);
#664=ORIENTED_EDGE('',*,*,#718,.F.);
#665=ORIENTED_EDGE('',*,*,#693,.T.);
#666=ORIENTED_EDGE('',*,*,#690,.T.);
#667=ORIENTED_EDGE('',*,*,#683,.F.);
#668=ORIENTED_EDGE('',*,*,#897,.F.);
#669=ORIENTED_EDGE('',*,*,#892,.F.);
#670=ORIENTED_EDGE('',*,*,#900,.F.);
#671=ORIENTED_EDGE('',*,*,#901,.F.);
#672=ORIENTED_EDGE('',*,*,#895,.F.);
#673=ORIENTED_EDGE('',*,*,#902,.F.);
#674=EDGE_CURVE('',#903,#904,#1049,.T.);
#675=EDGE_CURVE('',#904,#905,#1050,.T.);
#676=EDGE_CURVE('',#906,#905,#1051,.T.);
#677=EDGE_CURVE('',#906,#907,#1052,.F.);
#678=EDGE_CURVE('',#907,#908,#1053,.T.);
#679=EDGE_CURVE('',#908,#909,#1054,.F.);
#680=EDGE_CURVE('',#909,#903,#1055,.T.);
#681=EDGE_CURVE('',#910,#911,#1056,.T.);
#682=EDGE_CURVE('',#910,#912,#1057,.T.);
#683=EDGE_CURVE('',#912,#913,#1058,.T.);
#684=EDGE_CURVE('',#913,#911,#1059,.T.);
#685=EDGE_CURVE('',#903,#914,#1060,.T.);
#686=EDGE_CURVE('',#915,#909,#1061,.T.);
#687=EDGE_CURVE('',#916,#915,#1062,.F.);
#688=EDGE_CURVE('',#917,#916,#1063,.T.);
#689=EDGE_CURVE('',#914,#917,#1064,.T.);
#690=EDGE_CURVE('',#918,#913,#1065,.T.);
#691=EDGE_CURVE('',#911,#918,#1066,.T.);
#692=EDGE_CURVE('',#910,#919,#207,.F.);
#693=EDGE_CURVE('',#920,#918,#208,.F.);
#694=EDGE_CURVE('',#921,#920,#1067,.F.);
#695=EDGE_CURVE('',#921,#919,#1068,.T.);
#696=EDGE_CURVE('',#922,#923,#1069,.T.);
#697=EDGE_CURVE('',#922,#924,#1070,.T.);
#698=EDGE_CURVE('',#925,#924,#1071,.T.);
#699=EDGE_CURVE('',#926,#925,#1072,.F.);
#700=EDGE_CURVE('',#926,#927,#1073,.F.);
#701=EDGE_CURVE('',#927,#928,#1074,.T.);
#702=EDGE_CURVE('',#928,#906,#1075,.F.);
#703=EDGE_CURVE('',#923,#905,#1076,.T.);
#704=EDGE_CURVE('',#914,#929,#1077,.T.);
#705=EDGE_CURVE('',#917,#930,#1078,.F.);
#706=EDGE_CURVE('',#930,#931,#1079,.T.);
#707=EDGE_CURVE('',#932,#931,#1080,.T.);
#708=EDGE_CURVE('',#932,#933,#1081,.T.);
#709=EDGE_CURVE('',#933,#934,#1082,.F.);
#710=EDGE_CURVE('',#935,#934,#1083,.F.);
#711=EDGE_CURVE('',#929,#935,#1084,.T.);
#712=EDGE_CURVE('',#919,#936,#1085,.T.);
#713=EDGE_CURVE('',#937,#921,#1086,.F.);
#714=EDGE_CURVE('',#938,#937,#1087,.T.);
#715=EDGE_CURVE('',#939,#938,#1088,.F.);
#716=EDGE_CURVE('',#924,#939,#1089,.T.);
#717=EDGE_CURVE('',#936,#922,#1090,.T.);
#718=EDGE_CURVE('',#920,#940,#1091,.T.);
#719=EDGE_CURVE('',#940,#935,#1092,.T.);
#720=EDGE_CURVE('',#934,#941,#1093,.F.);
#721=EDGE_CURVE('',#941,#942,#1094,.T.);
#722=EDGE_CURVE('',#942,#937,#1095,.F.);
#723=EDGE_CURVE('',#943,#944,#38,.T.);
#724=EDGE_CURVE('',#945,#943,#39,.T.);
#725=EDGE_CURVE('',#946,#945,#40,.T.);
#726=EDGE_CURVE('',#947,#946,#41,.T.);
#727=EDGE_CURVE('',#948,#947,#42,.T.);
#728=EDGE_CURVE('',#949,#948,#43,.T.);
#729=EDGE_CURVE('',#950,#949,#44,.T.);
#730=EDGE_CURVE('',#951,#950,#45,.T.);
#731=EDGE_CURVE('',#952,#951,#46,.T.);
#732=EDGE_CURVE('',#953,#952,#47,.T.);
#733=EDGE_CURVE('',#954,#953,#48,.T.);
#734=EDGE_CURVE('',#944,#954,#49,.T.);
#735=EDGE_CURVE('',#949,#955,#50,.T.);
#736=EDGE_CURVE('',#955,#956,#51,.F.);
#737=EDGE_CURVE('',#950,#956,#52,.T.);
#738=EDGE_CURVE('',#948,#957,#53,.T.);
#739=EDGE_CURVE('',#957,#955,#54,.F.);
#740=EDGE_CURVE('',#947,#958,#55,.T.);
#741=EDGE_CURVE('',#958,#957,#56,.F.);
#742=EDGE_CURVE('',#946,#959,#57,.T.);
#743=EDGE_CURVE('',#959,#958,#58,.F.);
#744=EDGE_CURVE('',#945,#960,#59,.T.);
#745=EDGE_CURVE('',#960,#959,#60,.F.);
#746=EDGE_CURVE('',#943,#961,#61,.T.);
#747=EDGE_CURVE('',#961,#960,#62,.F.);
#748=EDGE_CURVE('',#962,#963,#63,.T.);
#749=EDGE_CURVE('',#964,#962,#64,.T.);
#750=EDGE_CURVE('',#965,#964,#65,.T.);
#751=EDGE_CURVE('',#963,#965,#66,.T.);
#752=EDGE_CURVE('',#966,#967,#28,.F.);
#753=EDGE_CURVE('',#968,#966,#67,.T.);
#754=EDGE_CURVE('',#969,#968,#29,.F.);
#755=EDGE_CURVE('',#970,#969,#68,.T.);
#756=EDGE_CURVE('',#971,#970,#30,.F.);
#757=EDGE_CURVE('',#972,#971,#69,.T.);
#758=EDGE_CURVE('',#973,#972,#31,.F.);
#759=EDGE_CURVE('',#967,#973,#70,.T.);
#760=EDGE_CURVE('',#952,#974,#71,.T.);
#761=EDGE_CURVE('',#974,#975,#72,.F.);
#762=EDGE_CURVE('',#953,#975,#73,.T.);
#763=EDGE_CURVE('',#951,#976,#74,.T.);
#764=EDGE_CURVE('',#976,#974,#75,.F.);
#765=EDGE_CURVE('',#970,#977,#1096,.F.);
#766=EDGE_CURVE('',#977,#978,#32,.T.);
#767=EDGE_CURVE('',#978,#971,#1097,.F.);
#768=EDGE_CURVE('',#979,#969,#1098,.F.);
#769=EDGE_CURVE('',#979,#977,#76,.F.);
#770=EDGE_CURVE('',#968,#980,#1099,.F.);
#771=EDGE_CURVE('',#980,#979,#33,.T.);
#772=EDGE_CURVE('',#981,#966,#1100,.F.);
#773=EDGE_CURVE('',#981,#980,#77,.F.);
#774=EDGE_CURVE('',#982,#964,#78,.T.);
#775=EDGE_CURVE('',#983,#982,#79,.F.);
#776=EDGE_CURVE('',#983,#965,#80,.T.);
#777=EDGE_CURVE('',#984,#962,#81,.T.);
#778=EDGE_CURVE('',#982,#984,#82,.F.);
#779=EDGE_CURVE('',#972,#985,#1101,.F.);
#780=EDGE_CURVE('',#985,#986,#34,.T.);
#781=EDGE_CURVE('',#986,#973,#1102,.F.);
#782=EDGE_CURVE('',#978,#985,#83,.F.);
#783=EDGE_CURVE('',#987,#981,#35,.T.);
#784=EDGE_CURVE('',#986,#987,#84,.F.);
#785=EDGE_CURVE('',#988,#961,#85,.F.);
#786=EDGE_CURVE('',#989,#988,#86,.F.);
#787=EDGE_CURVE('',#975,#989,#87,.F.);
#788=EDGE_CURVE('',#956,#976,#88,.F.);
#789=EDGE_CURVE('',#967,#987,#1103,.F.);
#790=EDGE_CURVE('',#944,#988,#89,.T.);
#791=EDGE_CURVE('',#954,#989,#90,.T.);
#792=EDGE_CURVE('',#990,#963,#91,.T.);
#793=EDGE_CURVE('',#984,#990,#92,.T.);
#794=EDGE_CURVE('',#990,#983,#93,.T.);
#795=EDGE_CURVE('',#909,#991,#1104,.F.);
#796=EDGE_CURVE('',#992,#908,#1105,.F.);
#797=EDGE_CURVE('',#991,#992,#1106,.F.);
#798=EDGE_CURVE('',#993,#907,#1107,.T.);
#799=EDGE_CURVE('',#992,#993,#1108,.F.);
#800=EDGE_CURVE('',#993,#928,#1109,.F.);
#801=EDGE_CURVE('',#994,#993,#1110,.F.);
#802=EDGE_CURVE('',#994,#995,#1111,.F.);
#803=EDGE_CURVE('',#992,#995,#1112,.T.);
#804=EDGE_CURVE('',#995,#996,#1113,.F.);
#805=EDGE_CURVE('',#996,#997,#1114,.T.);
#806=EDGE_CURVE('',#997,#998,#1115,.F.);
#807=EDGE_CURVE('',#998,#999,#1116,.T.);
#808=EDGE_CURVE('',#1000,#999,#1117,.T.);
#809=EDGE_CURVE('',#1000,#991,#1118,.T.);
#810=EDGE_CURVE('',#1001,#994,#1119,.F.);
#811=EDGE_CURVE('',#1001,#996,#1120,.T.);
#812=EDGE_CURVE('',#1002,#1001,#1121,.F.);
#813=EDGE_CURVE('',#1002,#997,#1122,.F.);
#814=EDGE_CURVE('',#1003,#1002,#1123,.F.);
#815=EDGE_CURVE('',#1003,#998,#1124,.T.);
#816=EDGE_CURVE('',#1004,#1003,#1125,.F.);
#817=EDGE_CURVE('',#1004,#999,#1126,.T.);
#818=EDGE_CURVE('',#999,#1004,#1127,.T.);
#819=EDGE_CURVE('',#1004,#927,#94,.T.);
#820=EDGE_CURVE('',#991,#1005,#1128,.T.);
#821=EDGE_CURVE('',#1005,#915,#1129,.T.);
#822=EDGE_CURVE('',#1005,#1006,#1130,.T.);
#823=EDGE_CURVE('',#1006,#916,#1131,.F.);
#824=EDGE_CURVE('',#1006,#930,#1132,.T.);
#825=EDGE_CURVE('',#1005,#1007,#1133,.F.);
#826=EDGE_CURVE('',#1008,#1007,#1134,.T.);
#827=EDGE_CURVE('',#1008,#1006,#1135,.T.);
#828=EDGE_CURVE('',#1000,#1009,#1136,.F.);
#829=EDGE_CURVE('',#1010,#1009,#1137,.F.);
#830=EDGE_CURVE('',#1011,#1010,#1138,.T.);
#831=EDGE_CURVE('',#1012,#1011,#1139,.F.);
#832=EDGE_CURVE('',#1007,#1012,#1140,.T.);
#833=EDGE_CURVE('',#1013,#1012,#1141,.F.);
#834=EDGE_CURVE('',#1013,#1008,#1142,.T.);
#835=EDGE_CURVE('',#1014,#1011,#1143,.T.);
#836=EDGE_CURVE('',#1014,#1013,#1144,.T.);
#837=EDGE_CURVE('',#1015,#1010,#1145,.F.);
#838=EDGE_CURVE('',#1015,#1014,#1146,.T.);
#839=EDGE_CURVE('',#1016,#1009,#1147,.F.);
#840=EDGE_CURVE('',#1016,#1015,#1148,.T.);
#841=EDGE_CURVE('',#1009,#1016,#1149,.T.);
#842=EDGE_CURVE('',#1016,#931,#95,.T.);
#843=EDGE_CURVE('',#937,#1017,#1150,.T.);
#844=EDGE_CURVE('',#1017,#1018,#1151,.T.);
#845=EDGE_CURVE('',#1018,#938,#1152,.T.);
#846=EDGE_CURVE('',#1018,#1019,#1153,.T.);
#847=EDGE_CURVE('',#1019,#939,#1154,.F.);
#848=EDGE_CURVE('',#1019,#925,#1155,.T.);
#849=EDGE_CURVE('',#1018,#1020,#1156,.F.);
#850=EDGE_CURVE('',#1021,#1020,#1157,.T.);
#851=EDGE_CURVE('',#1021,#1019,#1158,.T.);
#852=EDGE_CURVE('',#1022,#1017,#1159,.F.);
#853=EDGE_CURVE('',#1022,#1023,#1160,.F.);
#854=EDGE_CURVE('',#1024,#1023,#1161,.F.);
#855=EDGE_CURVE('',#1025,#1024,#1162,.T.);
#856=EDGE_CURVE('',#1026,#1025,#1163,.F.);
#857=EDGE_CURVE('',#1020,#1026,#1164,.T.);
#858=EDGE_CURVE('',#1027,#1026,#1165,.F.);
#859=EDGE_CURVE('',#1027,#1021,#1166,.T.);
#860=EDGE_CURVE('',#1028,#1025,#1167,.F.);
#861=EDGE_CURVE('',#1028,#1027,#1168,.T.);
#862=EDGE_CURVE('',#1029,#1024,#1169,.F.);
#863=EDGE_CURVE('',#1029,#1028,#1170,.T.);
#864=EDGE_CURVE('',#1030,#1023,#1171,.F.);
#865=EDGE_CURVE('',#1030,#1029,#1172,.T.);
#866=EDGE_CURVE('',#1023,#1030,#1173,.T.);
#867=EDGE_CURVE('',#1030,#926,#96,.F.);
#868=EDGE_CURVE('',#1031,#942,#1174,.F.);
#869=EDGE_CURVE('',#1017,#1031,#1175,.F.);
#870=EDGE_CURVE('',#1032,#941,#1176,.T.);
#871=EDGE_CURVE('',#1031,#1032,#1177,.F.);
#872=EDGE_CURVE('',#1032,#933,#1178,.F.);
#873=EDGE_CURVE('',#1033,#1032,#1179,.F.);
#874=EDGE_CURVE('',#1033,#1034,#1180,.F.);
#875=EDGE_CURVE('',#1031,#1034,#1181,.T.);
#876=EDGE_CURVE('',#1034,#1035,#1182,.F.);
#877=EDGE_CURVE('',#1035,#1036,#1183,.T.);
#878=EDGE_CURVE('',#1036,#1037,#1184,.F.);
#879=EDGE_CURVE('',#1037,#1038,#1185,.T.);
#880=EDGE_CURVE('',#1022,#1038,#1186,.T.);
#881=EDGE_CURVE('',#1039,#1033,#1187,.F.);
#882=EDGE_CURVE('',#1039,#1035,#1188,.T.);
#883=EDGE_CURVE('',#1040,#1039,#1189,.F.);
#884=EDGE_CURVE('',#1040,#1036,#1190,.F.);
#885=EDGE_CURVE('',#1041,#1040,#1191,.F.);
#886=EDGE_CURVE('',#1041,#1037,#1192,.T.);
#887=EDGE_CURVE('',#1042,#1041,#1193,.F.);
#888=EDGE_CURVE('',#1042,#1038,#1194,.T.);
#889=EDGE_CURVE('',#1038,#1042,#1195,.T.);
#890=EDGE_CURVE('',#1042,#932,#97,.F.);
#891=EDGE_CURVE('',#1043,#923,#98,.T.);
#892=EDGE_CURVE('',#1043,#1044,#36,.T.);
#893=EDGE_CURVE('',#1044,#936,#99,.T.);
#894=EDGE_CURVE('',#1045,#940,#100,.T.);
#895=EDGE_CURVE('',#1045,#1046,#37,.T.);
#896=EDGE_CURVE('',#1046,#929,#101,.T.);
#897=EDGE_CURVE('',#1044,#1047,#102,.T.);
#898=EDGE_CURVE('',#1047,#912,#103,.T.);
#899=EDGE_CURVE('',#1048,#904,#104,.T.);
#900=EDGE_CURVE('',#1048,#1043,#105,.T.);
#901=EDGE_CURVE('',#1046,#1048,#106,.T.);
#902=EDGE_CURVE('',#1047,#1045,#107,.T.);
#903=VERTEX_POINT('',#1805);
#904=VERTEX_POINT('',#1806);
#905=VERTEX_POINT('',#1811);
#906=VERTEX_POINT('',#1816);
#907=VERTEX_POINT('',#1821);
#908=VERTEX_POINT('',#1829);
#909=VERTEX_POINT('',#1834);
#910=VERTEX_POINT('',#1859);
#911=VERTEX_POINT('',#1860);
#912=VERTEX_POINT('',#1865);
#913=VERTEX_POINT('',#1870);
#914=VERTEX_POINT('',#1907);
#915=VERTEX_POINT('',#1912);
#916=VERTEX_POINT('',#1920);
#917=VERTEX_POINT('',#1925);
#918=VERTEX_POINT('',#1950);
#919=VERTEX_POINT('',#1957);
#920=VERTEX_POINT('',#1959);
#921=VERTEX_POINT('',#1964);
#922=VERTEX_POINT('',#2015);
#923=VERTEX_POINT('',#2016);
#924=VERTEX_POINT('',#2021);
#925=VERTEX_POINT('',#2026);
#926=VERTEX_POINT('',#2032);
#927=VERTEX_POINT('',#2037);
#928=VERTEX_POINT('',#2043);
#929=VERTEX_POINT('',#2098);
#930=VERTEX_POINT('',#2103);
#931=VERTEX_POINT('',#2109);
#932=VERTEX_POINT('',#2114);
#933=VERTEX_POINT('',#2120);
#934=VERTEX_POINT('',#2125);
#935=VERTEX_POINT('',#2130);
#936=VERTEX_POINT('',#2155);
#937=VERTEX_POINT('',#2160);
#938=VERTEX_POINT('',#2165);
#939=VERTEX_POINT('',#2173);
#940=VERTEX_POINT('',#2203);
#941=VERTEX_POINT('',#2213);
#942=VERTEX_POINT('',#2221);
#943=VERTEX_POINT('',#2228);
#944=VERTEX_POINT('',#2229);
#945=VERTEX_POINT('',#2231);
#946=VERTEX_POINT('',#2233);
#947=VERTEX_POINT('',#2235);
#948=VERTEX_POINT('',#2237);
#949=VERTEX_POINT('',#2239);
#950=VERTEX_POINT('',#2241);
#951=VERTEX_POINT('',#2243);
#952=VERTEX_POINT('',#2245);
#953=VERTEX_POINT('',#2247);
#954=VERTEX_POINT('',#2249);
#955=VERTEX_POINT('',#2253);
#956=VERTEX_POINT('',#2255);
#957=VERTEX_POINT('',#2259);
#958=VERTEX_POINT('',#2263);
#959=VERTEX_POINT('',#2267);
#960=VERTEX_POINT('',#2271);
#961=VERTEX_POINT('',#2275);
#962=VERTEX_POINT('',#2279);
#963=VERTEX_POINT('',#2280);
#964=VERTEX_POINT('',#2282);
#965=VERTEX_POINT('',#2284);
#966=VERTEX_POINT('',#2287);
#967=VERTEX_POINT('',#2288);
#968=VERTEX_POINT('',#2290);
#969=VERTEX_POINT('',#2292);
#970=VERTEX_POINT('',#2294);
#971=VERTEX_POINT('',#2296);
#972=VERTEX_POINT('',#2298);
#973=VERTEX_POINT('',#2300);
#974=VERTEX_POINT('',#2304);
#975=VERTEX_POINT('',#2306);
#976=VERTEX_POINT('',#2310);
#977=VERTEX_POINT('',#2317);
#978=VERTEX_POINT('',#2319);
#979=VERTEX_POINT('',#2329);
#980=VERTEX_POINT('',#2336);
#981=VERTEX_POINT('',#2343);
#982=VERTEX_POINT('',#2347);
#983=VERTEX_POINT('',#2349);
#984=VERTEX_POINT('',#2353);
#985=VERTEX_POINT('',#2360);
#986=VERTEX_POINT('',#2362);
#987=VERTEX_POINT('',#2370);
#988=VERTEX_POINT('',#2373);
#989=VERTEX_POINT('',#2375);
#990=VERTEX_POINT('',#2393);
#991=VERTEX_POINT('',#2402);
#992=VERTEX_POINT('',#2407);
#993=VERTEX_POINT('',#2500);
#994=VERTEX_POINT('',#2566);
#995=VERTEX_POINT('',#2571);
#996=VERTEX_POINT('',#2600);
#997=VERTEX_POINT('',#2605);
#998=VERTEX_POINT('',#2610);
#999=VERTEX_POINT('',#2615);
#1000=VERTEX_POINT('',#2620);
#1001=VERTEX_POINT('',#2631);
#1002=VERTEX_POINT('',#2675);
#1003=VERTEX_POINT('',#2687);
#1004=VERTEX_POINT('',#2732);
#1005=VERTEX_POINT('',#2830);
#1006=VERTEX_POINT('',#2926);
#1007=VERTEX_POINT('',#3000);
#1008=VERTEX_POINT('',#3005);
#1009=VERTEX_POINT('',#3024);
#1010=VERTEX_POINT('',#3029);
#1011=VERTEX_POINT('',#3034);
#1012=VERTEX_POINT('',#3039);
#1013=VERTEX_POINT('',#3049);
#1014=VERTEX_POINT('',#3093);
#1015=VERTEX_POINT('',#3103);
#1016=VERTEX_POINT('',#3148);
#1017=VERTEX_POINT('',#3245);
#1018=VERTEX_POINT('',#3250);
#1019=VERTEX_POINT('',#3346);
#1020=VERTEX_POINT('',#3419);
#1021=VERTEX_POINT('',#3424);
#1022=VERTEX_POINT('',#3444);
#1023=VERTEX_POINT('',#3449);
#1024=VERTEX_POINT('',#3454);
#1025=VERTEX_POINT('',#3459);
#1026=VERTEX_POINT('',#3464);
#1027=VERTEX_POINT('',#3474);
#1028=VERTEX_POINT('',#3521);
#1029=VERTEX_POINT('',#3561);
#1030=VERTEX_POINT('',#3606);
#1031=VERTEX_POINT('',#3703);
#1032=VERTEX_POINT('',#3796);
#1033=VERTEX_POINT('',#3862);
#1034=VERTEX_POINT('',#3867);
#1035=VERTEX_POINT('',#3897);
#1036=VERTEX_POINT('',#3902);
#1037=VERTEX_POINT('',#3907);
#1038=VERTEX_POINT('',#3912);
#1039=VERTEX_POINT('',#3922);
#1040=VERTEX_POINT('',#3966);
#1041=VERTEX_POINT('',#3976);
#1042=VERTEX_POINT('',#4020);
#1043=VERTEX_POINT('',#4116);
#1044=VERTEX_POINT('',#4118);
#1045=VERTEX_POINT('',#4122);
#1046=VERTEX_POINT('',#4124);
#1047=VERTEX_POINT('',#4128);
#1048=VERTEX_POINT('',#4132);
#1049=B_SPLINE_CURVE_WITH_KNOTS('',3,(#1801,#1802,#1803,#1804),
 .UNSPECIFIED.,.F.,.F.,(4,4),(0.,9.20951414428176E-5),.UNSPECIFIED.);
#1050=B_SPLINE_CURVE_WITH_KNOTS('',3,(#1807,#1808,#1809,#1810),
 .UNSPECIFIED.,.F.,.F.,(4,4),(0.,0.00340942350442012),.UNSPECIFIED.);
#1051=B_SPLINE_CURVE_WITH_KNOTS('',3,(#1812,#1813,#1814,#1815),
 .UNSPECIFIED.,.F.,.F.,(4,4),(0.,0.60684781172365),.UNSPECIFIED.);
#1052=B_SPLINE_CURVE_WITH_KNOTS('',3,(#1817,#1818,#1819,#1820),
 .UNSPECIFIED.,.F.,.F.,(4,4),(0.,0.999999788157292),.UNSPECIFIED.);
#1053=B_SPLINE_CURVE_WITH_KNOTS('',3,(#1822,#1823,#1824,#1825,#1826,#1827,
#1828),.UNSPECIFIED.,.F.,.F.,(4,1,1,1,4),(0.,0.0352059282844107,0.0704118565688215,
0.105617784853232,0.140823713137643),.UNSPECIFIED.);
#1054=B_SPLINE_CURVE_WITH_KNOTS('',3,(#1830,#1831,#1832,#1833),
 .UNSPECIFIED.,.F.,.F.,(4,4),(1.64294951661612E-7,1.),.UNSPECIFIED.);
#1055=B_SPLINE_CURVE_WITH_KNOTS('',3,(#1835,#1836,#1837,#1838),
 .UNSPECIFIED.,.F.,.F.,(4,4),(-0.934471251729031,-0.403153272688364),
 .UNSPECIFIED.);
#1056=B_SPLINE_CURVE_WITH_KNOTS('',3,(#1855,#1856,#1857,#1858),
 .UNSPECIFIED.,.F.,.F.,(4,4),(0.,1.),.UNSPECIFIED.);
#1057=B_SPLINE_CURVE_WITH_KNOTS('',3,(#1861,#1862,#1863,#1864),
 .UNSPECIFIED.,.F.,.F.,(4,4),(0.,0.00231463189252365),.UNSPECIFIED.);
#1058=B_SPLINE_CURVE_WITH_KNOTS('',3,(#1866,#1867,#1868,#1869),
 .UNSPECIFIED.,.F.,.F.,(4,4),(8.67361737988404E-19,7.54809318096569E-5),
 .UNSPECIFIED.);
#1059=B_SPLINE_CURVE_WITH_KNOTS('',3,(#1871,#1872,#1873,#1874),
 .UNSPECIFIED.,.F.,.F.,(4,4),(0.000874715994515731,0.00257088271316284),
 .UNSPECIFIED.);
#1060=B_SPLINE_CURVE_WITH_KNOTS('',3,(#1903,#1904,#1905,#1906),
 .UNSPECIFIED.,.F.,.F.,(4,4),(5.23414628969104E-5,0.00345180188372501),
 .UNSPECIFIED.);
#1061=B_SPLINE_CURVE_WITH_KNOTS('',3,(#1908,#1909,#1910,#1911),
 .UNSPECIFIED.,.F.,.F.,(4,4),(0.,1.),.UNSPECIFIED.);
#1062=B_SPLINE_CURVE_WITH_KNOTS('',3,(#1913,#1914,#1915,#1916,#1917,#1918,
#1919),.UNSPECIFIED.,.F.,.F.,(4,1,1,1,4),(0.,0.0352059282844107,0.0704118565688215,
0.105617784853232,0.140823713137643),.UNSPECIFIED.);
#1063=B_SPLINE_CURVE_WITH_KNOTS('',3,(#1921,#1922,#1923,#1924),
 .UNSPECIFIED.,.F.,.F.,(4,4),(0.,1.),.UNSPECIFIED.);
#1064=B_SPLINE_CURVE_WITH_KNOTS('',3,(#1926,#1927,#1928,#1929),
 .UNSPECIFIED.,.F.,.F.,(4,4),(0.393105642867757,1.),.UNSPECIFIED.);
#1065=B_SPLINE_CURVE_WITH_KNOTS('',3,(#1946,#1947,#1948,#1949),
 .UNSPECIFIED.,.F.,.F.,(4,4),(1.52707630268537E-14,0.00229484049588927),
 .UNSPECIFIED.);
#1066=B_SPLINE_CURVE_WITH_KNOTS('',3,(#1951,#1952,#1953,#1954),
 .UNSPECIFIED.,.F.,.F.,(4,4),(0.,1.),.UNSPECIFIED.);
#1067=B_SPLINE_CURVE_WITH_KNOTS('',3,(#1960,#1961,#1962,#1963),
 .UNSPECIFIED.,.F.,.F.,(4,4),(0.,1.),.UNSPECIFIED.);
#1068=B_SPLINE_CURVE_WITH_KNOTS('',3,(#1965,#1966,#1967,#1968),
 .UNSPECIFIED.,.F.,.F.,(4,4),(0.,1.),.UNSPECIFIED.);
#1069=B_SPLINE_CURVE_WITH_KNOTS('',3,(#2011,#2012,#2013,#2014),
 .UNSPECIFIED.,.F.,.F.,(4,4),(1.26027856960913E-5,2.55650013504001E-5),
 .UNSPECIFIED.);
#1070=B_SPLINE_CURVE_WITH_KNOTS('',3,(#2017,#2018,#2019,#2020),
 .UNSPECIFIED.,.F.,.F.,(4,4),(0.396066764468459,0.999993461685376),
 .UNSPECIFIED.);
#1071=B_SPLINE_CURVE_WITH_KNOTS('',3,(#2022,#2023,#2024,#2025),
 .UNSPECIFIED.,.F.,.F.,(4,4),(1.66421238761165E-5,0.999994261252858),
 .UNSPECIFIED.);
#1072=B_SPLINE_CURVE_WITH_KNOTS('',3,(#2027,#2028,#2029,#2030,#2031),
 .UNSPECIFIED.,.F.,.F.,(4,1,4),(0.,0.5,1.),.UNSPECIFIED.);
#1073=B_SPLINE_CURVE_WITH_KNOTS('',3,(#2033,#2034,#2035,#2036),
 .UNSPECIFIED.,.F.,.F.,(4,4),(0.,0.0199999999999955),.UNSPECIFIED.);
#1074=B_SPLINE_CURVE_WITH_KNOTS('',3,(#2038,#2039,#2040,#2041,#2042),
 .UNSPECIFIED.,.F.,.F.,(4,1,4),(0.,0.5,1.),.UNSPECIFIED.);
#1075=B_SPLINE_CURVE_WITH_KNOTS('',3,(#2044,#2045,#2046,#2047),
 .UNSPECIFIED.,.F.,.F.,(4,4),(3.16051801830856E-5,0.999956532845803),
 .UNSPECIFIED.);
#1076=B_SPLINE_CURVE_WITH_KNOTS('',3,(#2048,#2049,#2050,#2051),
 .UNSPECIFIED.,.F.,.F.,(4,4),(0.,1.32263614744493E-5),.UNSPECIFIED.);
#1077=B_SPLINE_CURVE_WITH_KNOTS('',3,(#2094,#2095,#2096,#2097),
 .UNSPECIFIED.,.F.,.F.,(4,4),(1.38906883621685E-5,2.74357756619241E-5),
 .UNSPECIFIED.);
#1078=B_SPLINE_CURVE_WITH_KNOTS('',3,(#2099,#2100,#2101,#2102),
 .UNSPECIFIED.,.F.,.F.,(4,4),(1.79446070181914E-5,1.00009222899362),
 .UNSPECIFIED.);
#1079=B_SPLINE_CURVE_WITH_KNOTS('',3,(#2104,#2105,#2106,#2107,#2108),
 .UNSPECIFIED.,.F.,.F.,(4,1,4),(0.,0.5,1.),.UNSPECIFIED.);
#1080=B_SPLINE_CURVE_WITH_KNOTS('',3,(#2110,#2111,#2112,#2113),
 .UNSPECIFIED.,.F.,.F.,(4,4),(0.,0.0199999999999955),.UNSPECIFIED.);
#1081=B_SPLINE_CURVE_WITH_KNOTS('',3,(#2115,#2116,#2117,#2118,#2119),
 .UNSPECIFIED.,.F.,.F.,(4,1,4),(0.,0.499999934290476,0.999999868580952),
 .UNSPECIFIED.);
#1082=B_SPLINE_CURVE_WITH_KNOTS('',3,(#2121,#2122,#2123,#2124),
 .UNSPECIFIED.,.F.,.F.,(4,4),(0.,0.999998451629772),.UNSPECIFIED.);
#1083=B_SPLINE_CURVE_WITH_KNOTS('',3,(#2126,#2127,#2128,#2129),
 .UNSPECIFIED.,.F.,.F.,(4,4),(1.21485690339514E-5,0.603820985328797),
 .UNSPECIFIED.);
#1084=B_SPLINE_CURVE_WITH_KNOTS('',3,(#2131,#2132,#2133,#2134),
 .UNSPECIFIED.,.F.,.F.,(4,4),(0.,1.32537135804496E-5),.UNSPECIFIED.);
#1085=B_SPLINE_CURVE_WITH_KNOTS('',3,(#2151,#2152,#2153,#2154),
 .UNSPECIFIED.,.F.,.F.,(4,4),(2.38169249829977E-10,0.000462359218595486),
 .UNSPECIFIED.);
#1086=B_SPLINE_CURVE_WITH_KNOTS('',3,(#2156,#2157,#2158,#2159),
 .UNSPECIFIED.,.F.,.F.,(4,4),(-0.934471251729031,0.),.UNSPECIFIED.);
#1087=B_SPLINE_CURVE_WITH_KNOTS('',3,(#2161,#2162,#2163,#2164),
 .UNSPECIFIED.,.F.,.F.,(4,4),(0.,0.999999835705048),.UNSPECIFIED.);
#1088=B_SPLINE_CURVE_WITH_KNOTS('',3,(#2166,#2167,#2168,#2169,#2170,#2171,
#2172),.UNSPECIFIED.,.F.,.F.,(4,1,1,1,4),(0.,0.0352059282844107,0.0704118565688215,
0.105617784853232,0.140823713137643),.UNSPECIFIED.);
#1089=B_SPLINE_CURVE_WITH_KNOTS('',3,(#2174,#2175,#2176,#2177),
 .UNSPECIFIED.,.F.,.F.,(4,4),(0.,1.),.UNSPECIFIED.);
#1090=B_SPLINE_CURVE_WITH_KNOTS('',3,(#2178,#2179,#2180,#2181,#2182),
 .UNSPECIFIED.,.F.,.F.,(4,1,4),(0.,0.00042392524068364,0.00084785048136728),
 .UNSPECIFIED.);
#1091=B_SPLINE_CURVE_WITH_KNOTS('',3,(#2199,#2200,#2201,#2202),
 .UNSPECIFIED.,.F.,.F.,(4,4),(3.06819896010821E-10,0.000488406335121173),
 .UNSPECIFIED.);
#1092=B_SPLINE_CURVE_WITH_KNOTS('',3,(#2204,#2205,#2206,#2207,#2208),
 .UNSPECIFIED.,.F.,.F.,(4,1,4),(0.,0.000423784553514383,0.000847569107028766),
 .UNSPECIFIED.);
#1093=B_SPLINE_CURVE_WITH_KNOTS('',3,(#2209,#2210,#2211,#2212),
 .UNSPECIFIED.,.F.,.F.,(4,4),(0.,1.),.UNSPECIFIED.);
#1094=B_SPLINE_CURVE_WITH_KNOTS('',3,(#2214,#2215,#2216,#2217,#2218,#2219,
#2220),.UNSPECIFIED.,.F.,.F.,(4,1,1,1,4),(0.,0.0352059282844107,0.0704118565688215,
0.105617784853232,0.140823713137643),.UNSPECIFIED.);
#1095=B_SPLINE_CURVE_WITH_KNOTS('',3,(#2222,#2223,#2224,#2225),
 .UNSPECIFIED.,.F.,.F.,(4,4),(0.,1.),.UNSPECIFIED.);
#1096=B_SPLINE_CURVE_WITH_KNOTS('',3,(#2313,#2314,#2315,#2316),
 .UNSPECIFIED.,.F.,.F.,(4,4),(0.,4.5),.UNSPECIFIED.);
#1097=B_SPLINE_CURVE_WITH_KNOTS('',3,(#2320,#2321,#2322,#2323),
 .UNSPECIFIED.,.F.,.F.,(4,4),(0.,4.5),.UNSPECIFIED.);
#1098=B_SPLINE_CURVE_WITH_KNOTS('',3,(#2325,#2326,#2327,#2328),
 .UNSPECIFIED.,.F.,.F.,(4,4),(0.,4.5),.UNSPECIFIED.);
#1099=B_SPLINE_CURVE_WITH_KNOTS('',3,(#2332,#2333,#2334,#2335),
 .UNSPECIFIED.,.F.,.F.,(4,4),(0.,4.5),.UNSPECIFIED.);
#1100=B_SPLINE_CURVE_WITH_KNOTS('',3,(#2339,#2340,#2341,#2342),
 .UNSPECIFIED.,.F.,.F.,(4,4),(0.,4.5),.UNSPECIFIED.);
#1101=B_SPLINE_CURVE_WITH_KNOTS('',3,(#2356,#2357,#2358,#2359),
 .UNSPECIFIED.,.F.,.F.,(4,4),(0.,4.5),.UNSPECIFIED.);
#1102=B_SPLINE_CURVE_WITH_KNOTS('',3,(#2363,#2364,#2365,#2366),
 .UNSPECIFIED.,.F.,.F.,(4,4),(0.,4.5),.UNSPECIFIED.);
#1103=B_SPLINE_CURVE_WITH_KNOTS('',3,(#2380,#2381,#2382,#2383),
 .UNSPECIFIED.,.F.,.F.,(4,4),(0.,4.5),.UNSPECIFIED.);
#1104=B_SPLINE_CURVE_WITH_KNOTS('',3,(#2398,#2399,#2400,#2401),
 .UNSPECIFIED.,.F.,.F.,(4,4),(3.483371412608E-5,0.999975487122588),
 .UNSPECIFIED.);
#1105=B_SPLINE_CURVE_WITH_KNOTS('',3,(#2403,#2404,#2405,#2406),
 .UNSPECIFIED.,.F.,.F.,(4,4),(0.,1.),.UNSPECIFIED.);
#1106=B_SPLINE_CURVE_WITH_KNOTS('',3,(#2408,#2409,#2410,#2411),
 .UNSPECIFIED.,.F.,.F.,(4,4),(4.91325837313225E-8,0.999999950765235),
 .UNSPECIFIED.);
#1107=B_SPLINE_CURVE_WITH_KNOTS('',3,(#2496,#2497,#2498,#2499),
 .UNSPECIFIED.,.F.,.F.,(4,4),(0.,1.),.UNSPECIFIED.);
#1108=B_SPLINE_CURVE_WITH_KNOTS('',3,(#2501,#2502,#2503,#2504,#2505,#2506,
#2507),.UNSPECIFIED.,.F.,.F.,(4,1,1,1,4),(-0.140823713137643,-0.105617797950118,
-0.0704118827625933,-0.0352059675750684,-5.23875435125586E-8),
 .UNSPECIFIED.);
#1109=B_SPLINE_CURVE_WITH_KNOTS('',3,(#2509,#2510,#2511,#2512),
 .UNSPECIFIED.,.F.,.F.,(4,4),(6.7956174673691E-8,1.),.UNSPECIFIED.);
#1110=B_SPLINE_CURVE_WITH_KNOTS('',3,(#2562,#2563,#2564,#2565),
 .UNSPECIFIED.,.F.,.F.,(4,4),(0.554907437043483,0.851673161408672),
 .UNSPECIFIED.);
#1111=B_SPLINE_CURVE_WITH_KNOTS('',3,(#2567,#2568,#2569,#2570),
 .UNSPECIFIED.,.F.,.F.,(4,4),(0.,0.999999935310849),.UNSPECIFIED.);
#1112=B_SPLINE_CURVE_WITH_KNOTS('',3,(#2572,#2573,#2574,#2575,#2576,#2577,
#2578,#2579,#2580,#2581,#2582,#2583,#2584,#2585),.UNSPECIFIED.,.F.,.F.,
(4,1,1,1,1,1,1,1,1,1,1,4),(0.,0.03125,0.0625,0.078125,0.09375,0.125,0.1875,
0.25,0.375,0.5,0.75,1.),.UNSPECIFIED.);
#1113=B_SPLINE_CURVE_WITH_KNOTS('',3,(#2596,#2597,#2598,#2599),
 .UNSPECIFIED.,.F.,.F.,(4,4),(0.,1.),.UNSPECIFIED.);
#1114=B_SPLINE_CURVE_WITH_KNOTS('',3,(#2601,#2602,#2603,#2604),
 .UNSPECIFIED.,.F.,.F.,(4,4),(0.,1.),.UNSPECIFIED.);
#1115=B_SPLINE_CURVE_WITH_KNOTS('',3,(#2606,#2607,#2608,#2609),
 .UNSPECIFIED.,.F.,.F.,(4,4),(0.,1.),.UNSPECIFIED.);
#1116=B_SPLINE_CURVE_WITH_KNOTS('',3,(#2611,#2612,#2613,#2614),
 .UNSPECIFIED.,.F.,.F.,(4,4),(0.,1.),.UNSPECIFIED.);
#1117=B_SPLINE_CURVE_WITH_KNOTS('',3,(#2616,#2617,#2618,#2619),
 .UNSPECIFIED.,.F.,.F.,(4,4),(0.,8.84635459368151),.UNSPECIFIED.);
#1118=B_SPLINE_CURVE_WITH_KNOTS('',3,(#2621,#2622,#2623,#2624,#2625),
 .UNSPECIFIED.,.F.,.F.,(4,1,4),(0.,0.5,1.),.UNSPECIFIED.);
#1119=B_SPLINE_CURVE_WITH_KNOTS('',3,(#2627,#2628,#2629,#2630),
 .UNSPECIFIED.,.F.,.F.,(4,4),(0.,1.),.UNSPECIFIED.);
#1120=B_SPLINE_CURVE_WITH_KNOTS('',3,(#2632,#2633,#2634,#2635),
 .UNSPECIFIED.,.F.,.F.,(4,4),(8.04522300038295E-8,1.),.UNSPECIFIED.);
#1121=B_SPLINE_CURVE_WITH_KNOTS('',3,(#2671,#2672,#2673,#2674),
 .UNSPECIFIED.,.F.,.F.,(4,4),(0.294807089074832,0.552425848826711),
 .UNSPECIFIED.);
#1122=B_SPLINE_CURVE_WITH_KNOTS('',3,(#2676,#2677,#2678,#2679,#2680,#2681),
 .UNSPECIFIED.,.F.,.F.,(4,1,1,4),(0.,0.499999910758724,0.749999866138087,
0.999999821517449),.UNSPECIFIED.);
#1123=B_SPLINE_CURVE_WITH_KNOTS('',3,(#2683,#2684,#2685,#2686),
 .UNSPECIFIED.,.F.,.F.,(4,4),(0.,1.),.UNSPECIFIED.);
#1124=B_SPLINE_CURVE_WITH_KNOTS('',3,(#2688,#2689,#2690,#2691,#2692),
 .UNSPECIFIED.,.F.,.F.,(4,1,4),(0.,0.5,1.),.UNSPECIFIED.);
#1125=B_SPLINE_CURVE_WITH_KNOTS('',3,(#2728,#2729,#2730,#2731),
 .UNSPECIFIED.,.F.,.F.,(4,4),(0.0028845777251113,0.293384541397889),
 .UNSPECIFIED.);
#1126=B_SPLINE_CURVE_WITH_KNOTS('',3,(#2733,#2734,#2735,#2736,#2737),
 .UNSPECIFIED.,.F.,.F.,(4,1,4),(-1.,-0.5,0.),.UNSPECIFIED.);
#1127=B_SPLINE_CURVE_WITH_KNOTS('',3,(#2787,#2788,#2789,#2790,#2791),
 .UNSPECIFIED.,.F.,.F.,(4,1,4),(3.46944695195361E-18,0.000247708677109807,
0.000495417354219611),.UNSPECIFIED.);
#1128=B_SPLINE_CURVE_WITH_KNOTS('',3,(#2826,#2827,#2828,#2829),
 .UNSPECIFIED.,.F.,.F.,(4,4),(2.9568418151452E-7,0.999999950867391),
 .UNSPECIFIED.);
#1129=B_SPLINE_CURVE_WITH_KNOTS('',3,(#2831,#2832,#2833,#2834),
 .UNSPECIFIED.,.F.,.F.,(4,4),(0.,1.),.UNSPECIFIED.);
#1130=B_SPLINE_CURVE_WITH_KNOTS('',3,(#2919,#2920,#2921,#2922,#2923,#2924,
#2925),.UNSPECIFIED.,.F.,.F.,(4,1,1,1,4),(-0.1408236607501,-0.105617745562575,
-0.0704118303750498,-0.0352059151875249,0.),.UNSPECIFIED.);
#1131=B_SPLINE_CURVE_WITH_KNOTS('',3,(#2927,#2928,#2929,#2930),
 .UNSPECIFIED.,.F.,.F.,(4,4),(0.,1.),.UNSPECIFIED.);
#1132=B_SPLINE_CURVE_WITH_KNOTS('',3,(#2932,#2933,#2934,#2935),
 .UNSPECIFIED.,.F.,.F.,(4,4),(0.,0.999999930002479),.UNSPECIFIED.);
#1133=B_SPLINE_CURVE_WITH_KNOTS('',3,(#2985,#2986,#2987,#2988,#2989,#2990,
#2991,#2992,#2993,#2994,#2995,#2996,#2997,#2998,#2999),.UNSPECIFIED.,.F.,
 .F.,(4,1,1,1,1,1,1,1,1,1,1,1,4),(0.,0.25,0.375,0.5,0.625,0.75,0.8125,0.875,
0.90625,0.921875,0.9375,0.96875,1.),.UNSPECIFIED.);
#1134=B_SPLINE_CURVE_WITH_KNOTS('',3,(#3001,#3002,#3003,#3004),
 .UNSPECIFIED.,.F.,.F.,(4,4),(6.33540108648888E-8,1.),.UNSPECIFIED.);
#1135=B_SPLINE_CURVE_WITH_KNOTS('',3,(#3006,#3007,#3008,#3009),
 .UNSPECIFIED.,.F.,.F.,(4,4),(0.55490748362395,0.851673161408672),
 .UNSPECIFIED.);
#1136=B_SPLINE_CURVE_WITH_KNOTS('',3,(#3020,#3021,#3022,#3023),
 .UNSPECIFIED.,.F.,.F.,(4,4),(0.,8.84635459368151),.UNSPECIFIED.);
#1137=B_SPLINE_CURVE_WITH_KNOTS('',3,(#3025,#3026,#3027,#3028),
 .UNSPECIFIED.,.F.,.F.,(4,4),(0.,1.),.UNSPECIFIED.);
#1138=B_SPLINE_CURVE_WITH_KNOTS('',3,(#3030,#3031,#3032,#3033),
 .UNSPECIFIED.,.F.,.F.,(4,4),(0.,1.),.UNSPECIFIED.);
#1139=B_SPLINE_CURVE_WITH_KNOTS('',3,(#3035,#3036,#3037,#3038),
 .UNSPECIFIED.,.F.,.F.,(4,4),(0.,1.),.UNSPECIFIED.);
#1140=B_SPLINE_CURVE_WITH_KNOTS('',3,(#3040,#3041,#3042,#3043),
 .UNSPECIFIED.,.F.,.F.,(4,4),(0.,1.),.UNSPECIFIED.);
#1141=B_SPLINE_CURVE_WITH_KNOTS('',3,(#3045,#3046,#3047,#3048),
 .UNSPECIFIED.,.F.,.F.,(4,4),(0.,0.999999919566544),.UNSPECIFIED.);
#1142=B_SPLINE_CURVE_WITH_KNOTS('',3,(#3050,#3051,#3052,#3053),
 .UNSPECIFIED.,.F.,.F.,(4,4),(0.,1.),.UNSPECIFIED.);
#1143=B_SPLINE_CURVE_WITH_KNOTS('',3,(#3089,#3090,#3091,#3092),
 .UNSPECIFIED.,.F.,.F.,(4,4),(0.,1.),.UNSPECIFIED.);
#1144=B_SPLINE_CURVE_WITH_KNOTS('',3,(#3094,#3095,#3096,#3097),
 .UNSPECIFIED.,.F.,.F.,(4,4),(0.294807089074832,0.552425848826711),
 .UNSPECIFIED.);
#1145=B_SPLINE_CURVE_WITH_KNOTS('',3,(#3099,#3100,#3101,#3102),
 .UNSPECIFIED.,.F.,.F.,(4,4),(0.,1.),.UNSPECIFIED.);
#1146=B_SPLINE_CURVE_WITH_KNOTS('',3,(#3104,#3105,#3106,#3107),
 .UNSPECIFIED.,.F.,.F.,(4,4),(0.,0.999993036639281),.UNSPECIFIED.);
#1147=B_SPLINE_CURVE_WITH_KNOTS('',3,(#3143,#3144,#3145,#3146,#3147),
 .UNSPECIFIED.,.F.,.F.,(4,1,4),(-1.,-0.5,0.),.UNSPECIFIED.);
#1148=B_SPLINE_CURVE_WITH_KNOTS('',3,(#3149,#3150,#3151,#3152),
 .UNSPECIFIED.,.F.,.F.,(4,4),(0.0028845777251113,0.293384541397889),
 .UNSPECIFIED.);
#1149=B_SPLINE_CURVE_WITH_KNOTS('',3,(#3202,#3203,#3204,#3205,#3206),
 .UNSPECIFIED.,.F.,.F.,(4,1,4),(3.46944695195361E-18,0.000247708677109514,
0.000495417354219024),.UNSPECIFIED.);
#1150=B_SPLINE_CURVE_WITH_KNOTS('',3,(#3241,#3242,#3243,#3244),
 .UNSPECIFIED.,.F.,.F.,(4,4),(2.45128774118453E-5,0.99996516628554),
 .UNSPECIFIED.);
#1151=B_SPLINE_CURVE_WITH_KNOTS('',3,(#3246,#3247,#3248,#3249),
 .UNSPECIFIED.,.F.,.F.,(4,4),(4.92347727421105E-8,0.999999950867416),
 .UNSPECIFIED.);
#1152=B_SPLINE_CURVE_WITH_KNOTS('',3,(#3251,#3252,#3253,#3254),
 .UNSPECIFIED.,.F.,.F.,(4,4),(0.,1.),.UNSPECIFIED.);
#1153=B_SPLINE_CURVE_WITH_KNOTS('',3,(#3339,#3340,#3341,#3342,#3343,#3344,
#3345),.UNSPECIFIED.,.F.,.F.,(4,1,1,1,4),(-0.1408236607501,-0.105617745562575,
-0.0704118303750498,-0.0352059151875249,0.),.UNSPECIFIED.);
#1154=B_SPLINE_CURVE_WITH_KNOTS('',3,(#3347,#3348,#3349,#3350),
 .UNSPECIFIED.,.F.,.F.,(4,4),(0.,1.),.UNSPECIFIED.);
#1155=B_SPLINE_CURVE_WITH_KNOTS('',3,(#3352,#3353,#3354,#3355),
 .UNSPECIFIED.,.F.,.F.,(4,4),(0.,1.),.UNSPECIFIED.);
#1156=B_SPLINE_CURVE_WITH_KNOTS('',3,(#3405,#3406,#3407,#3408,#3409,#3410,
#3411,#3412,#3413,#3414,#3415,#3416,#3417,#3418),.UNSPECIFIED.,.F.,.F.,
(4,1,1,1,1,1,1,1,1,1,1,4),(0.,0.25,0.5,0.625,0.75,0.8125,0.875,0.90625,
0.921875,0.9375,0.96875,1.),.UNSPECIFIED.);
#1157=B_SPLINE_CURVE_WITH_KNOTS('',3,(#3420,#3421,#3422,#3423),
 .UNSPECIFIED.,.F.,.F.,(4,4),(6.33540122187659E-8,1.),.UNSPECIFIED.);
#1158=B_SPLINE_CURVE_WITH_KNOTS('',3,(#3425,#3426,#3427,#3428),
 .UNSPECIFIED.,.F.,.F.,(4,4),(0.55490748362395,0.851673161408672),
 .UNSPECIFIED.);
#1159=B_SPLINE_CURVE_WITH_KNOTS('',3,(#3439,#3440,#3441,#3442,#3443),
 .UNSPECIFIED.,.F.,.F.,(4,1,4),(0.,0.5,1.),.UNSPECIFIED.);
#1160=B_SPLINE_CURVE_WITH_KNOTS('',3,(#3445,#3446,#3447,#3448),
 .UNSPECIFIED.,.F.,.F.,(4,4),(0.,8.84635459368151),.UNSPECIFIED.);
#1161=B_SPLINE_CURVE_WITH_KNOTS('',3,(#3450,#3451,#3452,#3453),
 .UNSPECIFIED.,.F.,.F.,(4,4),(0.,1.),.UNSPECIFIED.);
#1162=B_SPLINE_CURVE_WITH_KNOTS('',3,(#3455,#3456,#3457,#3458),
 .UNSPECIFIED.,.F.,.F.,(4,4),(-0.294807089074832,-0.293384541397847),
 .UNSPECIFIED.);
#1163=B_SPLINE_CURVE_WITH_KNOTS('',3,(#3460,#3461,#3462,#3463),
 .UNSPECIFIED.,.F.,.F.,(4,4),(0.,1.),.UNSPECIFIED.);
#1164=B_SPLINE_CURVE_WITH_KNOTS('',3,(#3465,#3466,#3467,#3468),
 .UNSPECIFIED.,.F.,.F.,(4,4),(0.,1.),.UNSPECIFIED.);
#1165=B_SPLINE_CURVE_WITH_KNOTS('',3,(#3470,#3471,#3472,#3473),
 .UNSPECIFIED.,.F.,.F.,(4,4),(0.,0.999999919566545),.UNSPECIFIED.);
#1166=B_SPLINE_CURVE_WITH_KNOTS('',3,(#3475,#3476,#3477,#3478),
 .UNSPECIFIED.,.F.,.F.,(4,4),(0.,1.),.UNSPECIFIED.);
#1167=B_SPLINE_CURVE_WITH_KNOTS('',3,(#3514,#3515,#3516,#3517,#3518,#3519,
#3520),.UNSPECIFIED.,.F.,.F.,(4,1,1,1,4),(-1.,-0.75,-0.5,-0.25,0.),
 .UNSPECIFIED.);
#1168=B_SPLINE_CURVE_WITH_KNOTS('',3,(#3522,#3523,#3524,#3525),
 .UNSPECIFIED.,.F.,.F.,(4,4),(0.294807089074832,0.552425848826711),
 .UNSPECIFIED.);
#1169=B_SPLINE_CURVE_WITH_KNOTS('',3,(#3554,#3555,#3556,#3557,#3558,#3559,
#3560),.UNSPECIFIED.,.F.,.F.,(4,1,1,1,4),(-1.,-0.75,-0.5,-0.25,0.),
 .UNSPECIFIED.);
#1170=B_SPLINE_CURVE_WITH_KNOTS('',3,(#3562,#3563,#3564,#3565),
 .UNSPECIFIED.,.F.,.F.,(4,4),(0.293385674881118,0.294807089074832),
 .UNSPECIFIED.);
#1171=B_SPLINE_CURVE_WITH_KNOTS('',3,(#3601,#3602,#3603,#3604,#3605),
 .UNSPECIFIED.,.F.,.F.,(4,1,4),(-1.,-0.5,0.),.UNSPECIFIED.);
#1172=B_SPLINE_CURVE_WITH_KNOTS('',3,(#3607,#3608,#3609,#3610),
 .UNSPECIFIED.,.F.,.F.,(4,4),(0.0028845777251113,0.293384541397889),
 .UNSPECIFIED.);
#1173=B_SPLINE_CURVE_WITH_KNOTS('',3,(#3660,#3661,#3662,#3663,#3664),
 .UNSPECIFIED.,.F.,.F.,(4,1,4),(3.46944695195361E-18,0.000247708677109514,
0.000495417354219024),.UNSPECIFIED.);
#1174=B_SPLINE_CURVE_WITH_KNOTS('',3,(#3699,#3700,#3701,#3702),
 .UNSPECIFIED.,.F.,.F.,(4,4),(0.,1.),.UNSPECIFIED.);
#1175=B_SPLINE_CURVE_WITH_KNOTS('',3,(#3704,#3705,#3706,#3707),
 .UNSPECIFIED.,.F.,.F.,(4,4),(4.91326088856252E-8,0.999999704315821),
 .UNSPECIFIED.);
#1176=B_SPLINE_CURVE_WITH_KNOTS('',3,(#3792,#3793,#3794,#3795),
 .UNSPECIFIED.,.F.,.F.,(4,4),(0.,1.),.UNSPECIFIED.);
#1177=B_SPLINE_CURVE_WITH_KNOTS('',3,(#3797,#3798,#3799,#3800,#3801,#3802,
#3803),.UNSPECIFIED.,.F.,.F.,(4,1,1,1,4),(-0.140823713137643,-0.105617797950118,
-0.0704118827625933,-0.0352059675750685,-5.23875436874774E-8),
 .UNSPECIFIED.);
#1178=B_SPLINE_CURVE_WITH_KNOTS('',3,(#3805,#3806,#3807,#3808),
 .UNSPECIFIED.,.F.,.F.,(4,4),(0.,1.),.UNSPECIFIED.);
#1179=B_SPLINE_CURVE_WITH_KNOTS('',3,(#3858,#3859,#3860,#3861),
 .UNSPECIFIED.,.F.,.F.,(4,4),(0.554907437043483,0.851673161408672),
 .UNSPECIFIED.);
#1180=B_SPLINE_CURVE_WITH_KNOTS('',3,(#3863,#3864,#3865,#3866),
 .UNSPECIFIED.,.F.,.F.,(4,4),(0.,0.999999935310849),.UNSPECIFIED.);
#1181=B_SPLINE_CURVE_WITH_KNOTS('',3,(#3868,#3869,#3870,#3871,#3872,#3873,
#3874,#3875,#3876,#3877,#3878,#3879,#3880,#3881,#3882),.UNSPECIFIED.,.F.,
 .F.,(4,1,1,1,1,1,1,1,1,1,1,1,4),(0.,0.03125,0.0625,0.078125,0.09375,0.125,
0.1875,0.25,0.375,0.5,0.625,0.75,1.),.UNSPECIFIED.);
#1182=B_SPLINE_CURVE_WITH_KNOTS('',3,(#3893,#3894,#3895,#3896),
 .UNSPECIFIED.,.F.,.F.,(4,4),(0.,1.),.UNSPECIFIED.);
#1183=B_SPLINE_CURVE_WITH_KNOTS('',3,(#3898,#3899,#3900,#3901),
 .UNSPECIFIED.,.F.,.F.,(4,4),(0.,1.),.UNSPECIFIED.);
#1184=B_SPLINE_CURVE_WITH_KNOTS('',3,(#3903,#3904,#3905,#3906),
 .UNSPECIFIED.,.F.,.F.,(4,4),(0.,1.),.UNSPECIFIED.);
#1185=B_SPLINE_CURVE_WITH_KNOTS('',3,(#3908,#3909,#3910,#3911),
 .UNSPECIFIED.,.F.,.F.,(4,4),(0.,1.),.UNSPECIFIED.);
#1186=B_SPLINE_CURVE_WITH_KNOTS('',3,(#3913,#3914,#3915,#3916),
 .UNSPECIFIED.,.F.,.F.,(4,4),(0.,8.84635459368151),.UNSPECIFIED.);
#1187=B_SPLINE_CURVE_WITH_KNOTS('',3,(#3918,#3919,#3920,#3921),
 .UNSPECIFIED.,.F.,.F.,(4,4),(0.,1.),.UNSPECIFIED.);
#1188=B_SPLINE_CURVE_WITH_KNOTS('',3,(#3923,#3924,#3925,#3926),
 .UNSPECIFIED.,.F.,.F.,(4,4),(8.0452230799737E-8,1.),.UNSPECIFIED.);
#1189=B_SPLINE_CURVE_WITH_KNOTS('',3,(#3962,#3963,#3964,#3965),
 .UNSPECIFIED.,.F.,.F.,(4,4),(0.294807089074832,0.552425848826711),
 .UNSPECIFIED.);
#1190=B_SPLINE_CURVE_WITH_KNOTS('',3,(#3967,#3968,#3969,#3970),
 .UNSPECIFIED.,.F.,.F.,(4,4),(0.,0.999999839095793),.UNSPECIFIED.);
#1191=B_SPLINE_CURVE_WITH_KNOTS('',3,(#3972,#3973,#3974,#3975),
 .UNSPECIFIED.,.F.,.F.,(4,4),(0.,1.),.UNSPECIFIED.);
#1192=B_SPLINE_CURVE_WITH_KNOTS('',3,(#3977,#3978,#3979,#3980),
 .UNSPECIFIED.,.F.,.F.,(4,4),(0.,1.),.UNSPECIFIED.);
#1193=B_SPLINE_CURVE_WITH_KNOTS('',3,(#4016,#4017,#4018,#4019),
 .UNSPECIFIED.,.F.,.F.,(4,4),(0.0028845777251113,0.293384541397889),
 .UNSPECIFIED.);
#1194=B_SPLINE_CURVE_WITH_KNOTS('',3,(#4021,#4022,#4023,#4024,#4025),
 .UNSPECIFIED.,.F.,.F.,(4,1,4),(-1.,-0.5,0.),.UNSPECIFIED.);
#1195=B_SPLINE_CURVE_WITH_KNOTS('',3,(#4075,#4076,#4077,#4078,#4079),
 .UNSPECIFIED.,.F.,.F.,(4,1,4),(3.46944695195361E-18,0.000247708677109807,
0.000495417354219611),.UNSPECIFIED.);
#1196=EDGE_LOOP('',(#216,#217,#218,#219,#220,#221,#222));
#1197=EDGE_LOOP('',(#223,#224,#225,#226));
#1198=EDGE_LOOP('',(#227,#228,#229,#230,#231,#232));
#1199=EDGE_LOOP('',(#233,#234,#235));
#1200=EDGE_LOOP('',(#236,#237,#238,#239,#240,#241));
#1201=EDGE_LOOP('',(#242,#243,#244,#245,#246,#247,#248,#249,#250));
#1202=EDGE_LOOP('',(#251,#252,#253,#254,#255,#256,#257,#258,#259));
#1203=EDGE_LOOP('',(#260,#261,#262,#263,#264,#265,#266,#267));
#1204=EDGE_LOOP('',(#268,#269,#270,#271,#272,#273,#274,#275));
#1205=EDGE_LOOP('',(#276,#277,#278,#279,#280,#281,#282,#283,#284,#285,#286,
#287));
#1206=EDGE_LOOP('',(#288,#289,#290,#291));
#1207=EDGE_LOOP('',(#292,#293,#294,#295));
#1208=EDGE_LOOP('',(#296,#297,#298,#299));
#1209=EDGE_LOOP('',(#300,#301,#302,#303));
#1210=EDGE_LOOP('',(#304,#305,#306,#307));
#1211=EDGE_LOOP('',(#308,#309,#310,#311));
#1212=EDGE_LOOP('',(#312,#313,#314,#315));
#1213=EDGE_LOOP('',(#316,#317,#318,#319,#320,#321,#322,#323));
#1214=EDGE_LOOP('',(#324,#325,#326,#327));
#1215=EDGE_LOOP('',(#328,#329,#330,#331));
#1216=EDGE_LOOP('',(#332,#333,#334,#335));
#1217=EDGE_LOOP('',(#336,#337,#338,#339));
#1218=EDGE_LOOP('',(#340,#341,#342,#343));
#1219=EDGE_LOOP('',(#344,#345,#346,#347));
#1220=EDGE_LOOP('',(#348,#349,#350,#351));
#1221=EDGE_LOOP('',(#352,#353,#354,#355));
#1222=EDGE_LOOP('',(#356,#357,#358,#359));
#1223=EDGE_LOOP('',(#360,#361,#362,#363,#364,#365,#366,#367));
#1224=EDGE_LOOP('',(#368,#369,#370,#371,#372,#373,#374,#375,#376,#377,#378,
#379));
#1225=EDGE_LOOP('',(#380,#381,#382,#383));
#1226=EDGE_LOOP('',(#384,#385,#386,#387));
#1227=EDGE_LOOP('',(#388,#389,#390,#391));
#1228=EDGE_LOOP('',(#392,#393,#394,#395));
#1229=EDGE_LOOP('',(#396,#397,#398,#399));
#1230=EDGE_LOOP('',(#400,#401,#402,#403));
#1231=EDGE_LOOP('',(#404,#405,#406,#407));
#1232=EDGE_LOOP('',(#408,#409,#410,#411));
#1233=EDGE_LOOP('',(#412,#413,#414,#415));
#1234=EDGE_LOOP('',(#416,#417,#418,#419));
#1235=EDGE_LOOP('',(#420,#421,#422,#423));
#1236=EDGE_LOOP('',(#424,#425,#426,#427));
#1237=EDGE_LOOP('',(#428,#429,#430,#431));
#1238=EDGE_LOOP('',(#432,#433,#434,#435,#436,#437,#438,#439));
#1239=EDGE_LOOP('',(#440,#441,#442,#443));
#1240=EDGE_LOOP('',(#444,#445,#446,#447));
#1241=EDGE_LOOP('',(#448,#449,#450,#451));
#1242=EDGE_LOOP('',(#452,#453,#454,#455));
#1243=EDGE_LOOP('',(#456,#457));
#1244=EDGE_LOOP('',(#458,#459,#460,#461,#462,#463,#464,#465));
#1245=EDGE_LOOP('',(#466,#467,#468,#469));
#1246=EDGE_LOOP('',(#470,#471,#472,#473));
#1247=EDGE_LOOP('',(#474,#475,#476,#477));
#1248=EDGE_LOOP('',(#478,#479,#480,#481));
#1249=EDGE_LOOP('',(#482,#483,#484,#485,#486,#487,#488,#489));
#1250=EDGE_LOOP('',(#490,#491,#492,#493));
#1251=EDGE_LOOP('',(#494,#495,#496,#497));
#1252=EDGE_LOOP('',(#498,#499,#500,#501));
#1253=EDGE_LOOP('',(#502,#503,#504,#505));
#1254=EDGE_LOOP('',(#506,#507));
#1255=EDGE_LOOP('',(#508,#509,#510,#511,#512,#513,#514,#515));
#1256=EDGE_LOOP('',(#516,#517,#518,#519));
#1257=EDGE_LOOP('',(#520,#521,#522,#523));
#1258=EDGE_LOOP('',(#524,#525,#526,#527));
#1259=EDGE_LOOP('',(#528,#529,#530,#531));
#1260=EDGE_LOOP('',(#532,#533,#534,#535,#536,#537,#538,#539));
#1261=EDGE_LOOP('',(#540,#541,#542,#543));
#1262=EDGE_LOOP('',(#544,#545,#546,#547));
#1263=EDGE_LOOP('',(#548,#549,#550,#551));
#1264=EDGE_LOOP('',(#552,#553,#554,#555));
#1265=EDGE_LOOP('',(#556,#557));
#1266=EDGE_LOOP('',(#558,#559,#560,#561,#562,#563,#564,#565));
#1267=EDGE_LOOP('',(#566,#567,#568,#569));
#1268=EDGE_LOOP('',(#570,#571,#572,#573));
#1269=EDGE_LOOP('',(#574,#575,#576,#577));
#1270=EDGE_LOOP('',(#578,#579,#580,#581));
#1271=EDGE_LOOP('',(#582,#583,#584,#585,#586,#587,#588,#589));
#1272=EDGE_LOOP('',(#590,#591,#592,#593));
#1273=EDGE_LOOP('',(#594,#595,#596,#597));
#1274=EDGE_LOOP('',(#598,#599,#600,#601));
#1275=EDGE_LOOP('',(#602,#603,#604,#605));
#1276=EDGE_LOOP('',(#606,#607));
#1277=EDGE_LOOP('',(#608,#609,#610,#611,#612,#613,#614,#615));
#1278=EDGE_LOOP('',(#616,#617,#618,#619,#620,#621,#622,#623,#624,#625,#626,
#627,#628,#629));
#1279=EDGE_LOOP('',(#630,#631,#632,#633));
#1280=EDGE_LOOP('',(#634,#635,#636,#637,#638));
#1281=EDGE_LOOP('',(#639,#640,#641,#642,#643));
#1282=EDGE_LOOP('',(#644,#645,#646,#647,#648,#649));
#1283=EDGE_LOOP('',(#650,#651,#652,#653,#654));
#1284=EDGE_LOOP('',(#655,#656,#657,#658,#659,#660));
#1285=EDGE_LOOP('',(#661,#662,#663,#664,#665,#666,#667));
#1286=EDGE_LOOP('',(#668,#669,#670,#671,#672,#673));
#1287=FACE_BOUND('',#1196,.T.);
#1288=FACE_BOUND('',#1197,.T.);
#1289=FACE_BOUND('',#1198,.T.);
#1290=FACE_BOUND('',#1199,.T.);
#1291=FACE_BOUND('',#1200,.T.);
#1292=FACE_BOUND('',#1201,.T.);
#1293=FACE_BOUND('',#1202,.T.);
#1294=FACE_BOUND('',#1203,.T.);
#1295=FACE_BOUND('',#1204,.T.);
#1296=FACE_BOUND('',#1205,.T.);
#1297=FACE_BOUND('',#1206,.T.);
#1298=FACE_BOUND('',#1207,.T.);
#1299=FACE_BOUND('',#1208,.T.);
#1300=FACE_BOUND('',#1209,.T.);
#1301=FACE_BOUND('',#1210,.T.);
#1302=FACE_BOUND('',#1211,.T.);
#1303=FACE_BOUND('',#1212,.T.);
#1304=FACE_BOUND('',#1213,.T.);
#1305=FACE_BOUND('',#1214,.T.);
#1306=FACE_BOUND('',#1215,.T.);
#1307=FACE_BOUND('',#1216,.T.);
#1308=FACE_BOUND('',#1217,.T.);
#1309=FACE_BOUND('',#1218,.T.);
#1310=FACE_BOUND('',#1219,.T.);
#1311=FACE_BOUND('',#1220,.T.);
#1312=FACE_BOUND('',#1221,.T.);
#1313=FACE_BOUND('',#1222,.T.);
#1314=FACE_BOUND('',#1223,.T.);
#1315=FACE_BOUND('',#1224,.T.);
#1316=FACE_BOUND('',#1225,.T.);
#1317=FACE_BOUND('',#1226,.T.);
#1318=FACE_BOUND('',#1227,.T.);
#1319=FACE_BOUND('',#1228,.T.);
#1320=FACE_BOUND('',#1229,.T.);
#1321=FACE_BOUND('',#1230,.T.);
#1322=FACE_BOUND('',#1231,.T.);
#1323=FACE_BOUND('',#1232,.T.);
#1324=FACE_BOUND('',#1233,.T.);
#1325=FACE_BOUND('',#1234,.T.);
#1326=FACE_BOUND('',#1235,.T.);
#1327=FACE_BOUND('',#1236,.T.);
#1328=FACE_BOUND('',#1237,.T.);
#1329=FACE_BOUND('',#1238,.T.);
#1330=FACE_BOUND('',#1239,.T.);
#1331=FACE_BOUND('',#1240,.T.);
#1332=FACE_BOUND('',#1241,.T.);
#1333=FACE_BOUND('',#1242,.T.);
#1334=FACE_BOUND('',#1243,.T.);
#1335=FACE_BOUND('',#1244,.T.);
#1336=FACE_BOUND('',#1245,.T.);
#1337=FACE_BOUND('',#1246,.T.);
#1338=FACE_BOUND('',#1247,.T.);
#1339=FACE_BOUND('',#1248,.T.);
#1340=FACE_BOUND('',#1249,.T.);
#1341=FACE_BOUND('',#1250,.T.);
#1342=FACE_BOUND('',#1251,.T.);
#1343=FACE_BOUND('',#1252,.T.);
#1344=FACE_BOUND('',#1253,.T.);
#1345=FACE_BOUND('',#1254,.T.);
#1346=FACE_BOUND('',#1255,.T.);
#1347=FACE_BOUND('',#1256,.T.);
#1348=FACE_BOUND('',#1257,.T.);
#1349=FACE_BOUND('',#1258,.T.);
#1350=FACE_BOUND('',#1259,.T.);
#1351=FACE_BOUND('',#1260,.T.);
#1352=FACE_BOUND('',#1261,.T.);
#1353=FACE_BOUND('',#1262,.T.);
#1354=FACE_BOUND('',#1263,.T.);
#1355=FACE_BOUND('',#1264,.T.);
#1356=FACE_BOUND('',#1265,.T.);
#1357=FACE_BOUND('',#1266,.T.);
#1358=FACE_BOUND('',#1267,.T.);
#1359=FACE_BOUND('',#1268,.T.);
#1360=FACE_BOUND('',#1269,.T.);
#1361=FACE_BOUND('',#1270,.T.);
#1362=FACE_BOUND('',#1271,.T.);
#1363=FACE_BOUND('',#1272,.T.);
#1364=FACE_BOUND('',#1273,.T.);
#1365=FACE_BOUND('',#1274,.T.);
#1366=FACE_BOUND('',#1275,.T.);
#1367=FACE_BOUND('',#1276,.T.);
#1368=FACE_BOUND('',#1277,.T.);
#1369=FACE_BOUND('',#1278,.T.);
#1370=FACE_BOUND('',#1279,.T.);
#1371=FACE_BOUND('',#1280,.T.);
#1372=FACE_BOUND('',#1281,.T.);
#1373=FACE_BOUND('',#1282,.T.);
#1374=FACE_BOUND('',#1283,.T.);
#1375=FACE_BOUND('',#1284,.T.);
#1376=FACE_BOUND('',#1285,.T.);
#1377=FACE_BOUND('',#1286,.T.);
#1378=B_SPLINE_SURFACE_WITH_KNOTS('',3,3,((#1785,#1786,#1787,#1788),(#1789,
#1790,#1791,#1792),(#1793,#1794,#1795,#1796),(#1797,#1798,#1799,#1800)),
 .UNSPECIFIED.,.F.,.F.,.F.,(4,4),(4,4),(0.,0.943991378782577),(0.,0.944222314906605),
 .UNSPECIFIED.);
#1379=B_SPLINE_SURFACE_WITH_KNOTS('',3,3,((#1839,#1840,#1841,#1842),(#1843,
#1844,#1845,#1846),(#1847,#1848,#1849,#1850),(#1851,#1852,#1853,#1854)),
 .UNSPECIFIED.,.F.,.F.,.F.,(4,4),(4,4),(0.,0.252199374420956),(0.,0.282628775360719),
 .PIECEWISE_BEZIER_KNOTS.);
#1380=B_SPLINE_SURFACE_WITH_KNOTS('',3,3,((#1875,#1876,#1877,#1878),(#1879,
#1880,#1881,#1882),(#1883,#1884,#1885,#1886),(#1887,#1888,#1889,#1890),
(#1891,#1892,#1893,#1894),(#1895,#1896,#1897,#1898),(#1899,#1900,#1901,
#1902)),.UNSPECIFIED.,.F.,.F.,.F.,(4,3,4),(4,4),(-0.0056637622708529,0.,
0.943991378782577),(0.,0.944222314906605),.PIECEWISE_BEZIER_KNOTS.);
#1381=B_SPLINE_SURFACE_WITH_KNOTS('',3,3,((#1930,#1931,#1932,#1933),(#1934,
#1935,#1936,#1937),(#1938,#1939,#1940,#1941),(#1942,#1943,#1944,#1945)),
 .UNSPECIFIED.,.F.,.F.,.F.,(4,4),(4,4),(0.,0.249334644449943),(0.,0.273618375765495),
 .PIECEWISE_BEZIER_KNOTS.);
#1382=B_SPLINE_SURFACE_WITH_KNOTS('',3,1,((#1969,#1970),(#1971,#1972),(#1973,
#1974),(#1975,#1976),(#1977,#1978),(#1979,#1980),(#1981,#1982),(#1983,#1984),
(#1985,#1986),(#1987,#1988),(#1989,#1990),(#1991,#1992),(#1993,#1994),(#1995,
#1996),(#1997,#1998),(#1999,#2000),(#2001,#2002),(#2003,#2004),(#2005,#2006),
(#2007,#2008),(#2009,#2010)),.SURF_OF_LINEAR_EXTRUSION.,.F.,.F.,.F.,(4,
1,1,1,1,1,1,1,1,1,1,1,1,1,1,1,1,1,4),(2,2),(0.578952174427295,0.631583152623883,
0.657898641722177,0.671056386271324,0.684214130820471,0.697371875369618,
0.703950747644192,0.710529619918765,0.717108492193339,0.723687364467912,
0.730266236742486,0.736845109017059,0.750002853566206,0.763160598115353,
0.789476087213647,0.815791576311942,0.842107065410236,0.894738043606824,
1.),(0.,1.),.UNSPECIFIED.);
#1383=B_SPLINE_SURFACE_WITH_KNOTS('',3,1,((#2052,#2053),(#2054,#2055),(#2056,
#2057),(#2058,#2059),(#2060,#2061),(#2062,#2063),(#2064,#2065),(#2066,#2067),
(#2068,#2069),(#2070,#2071),(#2072,#2073),(#2074,#2075),(#2076,#2077),(#2078,
#2079),(#2080,#2081),(#2082,#2083),(#2084,#2085),(#2086,#2087),(#2088,#2089),
(#2090,#2091),(#2092,#2093)),.SURF_OF_LINEAR_EXTRUSION.,.F.,.F.,.F.,(4,
1,1,1,1,1,1,1,1,1,1,1,1,1,1,1,1,1,4),(2,2),(0.,0.10526481782694,0.15789722674041,
0.184213431197145,0.21052963565388,0.236845840110615,0.250003942338983,
0.26316204456735,0.269741095681534,0.276320146795718,0.282899197909902,
0.289478249024085,0.296057300138269,0.302636351252453,0.315794453480821,
0.328952555709188,0.342110657937556,0.368426862394291,0.421059271307761),
(0.,1.),.UNSPECIFIED.);
#1384=B_SPLINE_SURFACE_WITH_KNOTS('',3,3,((#2135,#2136,#2137,#2138),(#2139,
#2140,#2141,#2142),(#2143,#2144,#2145,#2146),(#2147,#2148,#2149,#2150)),
 .UNSPECIFIED.,.F.,.F.,.F.,(4,4),(4,4),(0.,0.943991378782577),(0.,0.944222314906605),
 .UNSPECIFIED.);
#1385=B_SPLINE_SURFACE_WITH_KNOTS('',3,3,((#2183,#2184,#2185,#2186),(#2187,
#2188,#2189,#2190),(#2191,#2192,#2193,#2194),(#2195,#2196,#2197,#2198)),
 .UNSPECIFIED.,.F.,.F.,.F.,(4,4),(4,4),(0.,0.943991378782577),(0.,0.944222314906605),
 .PIECEWISE_BEZIER_KNOTS.);
#1386=B_SPLINE_SURFACE_WITH_KNOTS('',3,3,((#2412,#2413,#2414,#2415,#2416,
#2417,#2418,#2419,#2420,#2421,#2422,#2423),(#2424,#2425,#2426,#2427,#2428,
#2429,#2430,#2431,#2432,#2433,#2434,#2435),(#2436,#2437,#2438,#2439,#2440,
#2441,#2442,#2443,#2444,#2445,#2446,#2447),(#2448,#2449,#2450,#2451,#2452,
#2453,#2454,#2455,#2456,#2457,#2458,#2459),(#2460,#2461,#2462,#2463,#2464,
#2465,#2466,#2467,#2468,#2469,#2470,#2471),(#2472,#2473,#2474,#2475,#2476,
#2477,#2478,#2479,#2480,#2481,#2482,#2483),(#2484,#2485,#2486,#2487,#2488,
#2489,#2490,#2491,#2492,#2493,#2494,#2495)),.UNSPECIFIED.,.F.,.F.,.F.,(4,
1,1,1,4),(4,1,1,1,1,1,1,1,1,4),(0.,0.285714285714286,0.571428571428571,
0.857142857142857,1.),(0.,0.00928985941920158,0.0377332702233983,0.0542159087851563,
0.0706985473469143,0.076842560855945,0.0829865743649757,0.0984195349454,
0.113852495525824,0.140823713137643),.UNSPECIFIED.);
#1387=B_SPLINE_SURFACE_WITH_KNOTS('',3,3,((#2513,#2514,#2515,#2516,#2517,
#2518,#2519),(#2520,#2521,#2522,#2523,#2524,#2525,#2526),(#2527,#2528,#2529,
#2530,#2531,#2532,#2533),(#2534,#2535,#2536,#2537,#2538,#2539,#2540),(#2541,
#2542,#2543,#2544,#2545,#2546,#2547),(#2548,#2549,#2550,#2551,#2552,#2553,
#2554),(#2555,#2556,#2557,#2558,#2559,#2560,#2561)),.UNSPECIFIED.,.F.,.F.,
 .F.,(4,1,1,1,4),(4,1,2,4),(0.,0.285714285714286,0.571428571428571,0.785714285714286,
1.),(0.554907437043483,0.649723636563041,0.814933835617594,0.8516731614087),
 .UNSPECIFIED.);
#1388=B_SPLINE_SURFACE_WITH_KNOTS('',3,1,((#2586,#2587),(#2588,#2589),(#2590,
#2591),(#2592,#2593),(#2594,#2595)),.SURF_OF_LINEAR_EXTRUSION.,.F.,.F.,
 .F.,(4,1,4),(2,2),(-6.08002583766587E-17,0.00402624213321047,0.008052484266421),
(0.,1.),.UNSPECIFIED.);
#1389=B_SPLINE_SURFACE_WITH_KNOTS('',3,3,((#2636,#2637,#2638,#2639,#2640),
(#2641,#2642,#2643,#2644,#2645),(#2646,#2647,#2648,#2649,#2650),(#2651,
#2652,#2653,#2654,#2655),(#2656,#2657,#2658,#2659,#2660),(#2661,#2662,#2663,
#2664,#2665),(#2666,#2667,#2668,#2669,#2670)),.UNSPECIFIED.,.F.,.F.,.F.,
(4,1,1,1,4),(4,1,4),(0.,0.285714285714286,0.571428571428571,0.785714285714286,
1.),(0.294807089074832,0.407466917808797,0.552425848826711),
 .UNSPECIFIED.);
#1390=B_SPLINE_SURFACE_WITH_KNOTS('',3,3,((#2693,#2694,#2695,#2696,#2697),
(#2698,#2699,#2700,#2701,#2702),(#2703,#2704,#2705,#2706,#2707),(#2708,
#2709,#2710,#2711,#2712),(#2713,#2714,#2715,#2716,#2717),(#2718,#2719,#2720,
#2721,#2722),(#2723,#2724,#2725,#2726,#2727)),.UNSPECIFIED.,.F.,.F.,.F.,
(4,1,1,1,4),(4,1,4),(0.,0.285714285714286,0.571428571428571,0.785714285714286,
1.),(0.00288457772075523,0.203733458904399,0.293384541397847),
 .UNSPECIFIED.);
#1391=B_SPLINE_SURFACE_WITH_KNOTS('',3,3,((#2738,#2739,#2740,#2741,#2742,
#2743,#2744),(#2745,#2746,#2747,#2748,#2749,#2750,#2751),(#2752,#2753,#2754,
#2755,#2756,#2757,#2758),(#2759,#2760,#2761,#2762,#2763,#2764,#2765),(#2766,
#2767,#2768,#2769,#2770,#2771,#2772),(#2773,#2774,#2775,#2776,#2777,#2778,
#2779),(#2780,#2781,#2782,#2783,#2784,#2785,#2786)),.UNSPECIFIED.,.F.,.F.,
 .F.,(4,1,1,1,4),(4,3,4),(0.,0.285714285714286,0.571428571428571,0.785714285714286,
1.),(0.00144463445962,0.00147548853080184,0.00288457772075523),
 .UNSPECIFIED.);
#1392=B_SPLINE_SURFACE_WITH_KNOTS('',3,3,((#2792,#2793,#2794,#2795,#2796,
#2797,#2798,#2799),(#2800,#2801,#2802,#2803,#2804,#2805,#2806,#2807),(#2808,
#2809,#2810,#2811,#2812,#2813,#2814,#2815),(#2816,#2817,#2818,#2819,#2820,
#2821,#2822,#2823)),.UNSPECIFIED.,.F.,.F.,.F.,(4,4),(4,2,2,4),(0.033185290307721,
1.),(0.,0.32144453925033,0.622319880789324,0.956901585049026),
 .UNSPECIFIED.);
#1393=B_SPLINE_SURFACE_WITH_KNOTS('',3,3,((#2835,#2836,#2837,#2838,#2839,
#2840,#2841,#2842,#2843,#2844,#2845,#2846),(#2847,#2848,#2849,#2850,#2851,
#2852,#2853,#2854,#2855,#2856,#2857,#2858),(#2859,#2860,#2861,#2862,#2863,
#2864,#2865,#2866,#2867,#2868,#2869,#2870),(#2871,#2872,#2873,#2874,#2875,
#2876,#2877,#2878,#2879,#2880,#2881,#2882),(#2883,#2884,#2885,#2886,#2887,
#2888,#2889,#2890,#2891,#2892,#2893,#2894),(#2895,#2896,#2897,#2898,#2899,
#2900,#2901,#2902,#2903,#2904,#2905,#2906),(#2907,#2908,#2909,#2910,#2911,
#2912,#2913,#2914,#2915,#2916,#2917,#2918)),.UNSPECIFIED.,.F.,.F.,.F.,(4,
1,1,1,4),(4,1,1,1,1,1,1,1,1,4),(0.,0.285714285714286,0.571428571428571,
0.857142857142857,1.),(0.,0.00928985941920158,0.0377332702233983,0.0542159087851563,
0.0706985473469143,0.076842560855945,0.0829865743649757,0.0984195349454,
0.113852495525824,0.140823713137643),.UNSPECIFIED.);
#1394=B_SPLINE_SURFACE_WITH_KNOTS('',3,3,((#2936,#2937,#2938,#2939,#2940,
#2941,#2942),(#2943,#2944,#2945,#2946,#2947,#2948,#2949),(#2950,#2951,#2952,
#2953,#2954,#2955,#2956),(#2957,#2958,#2959,#2960,#2961,#2962,#2963),(#2964,
#2965,#2966,#2967,#2968,#2969,#2970),(#2971,#2972,#2973,#2974,#2975,#2976,
#2977),(#2978,#2979,#2980,#2981,#2982,#2983,#2984)),.UNSPECIFIED.,.F.,.F.,
 .F.,(4,1,1,1,4),(4,1,2,4),(0.,0.285714285714286,0.571428571428571,0.785714285714286,
1.),(0.554907437043483,0.649723636563041,0.814933835617594,0.8516731614087),
 .UNSPECIFIED.);
#1395=B_SPLINE_SURFACE_WITH_KNOTS('',3,1,((#3010,#3011),(#3012,#3013),(#3014,
#3015),(#3016,#3017),(#3018,#3019)),.SURF_OF_LINEAR_EXTRUSION.,.F.,.F.,
 .F.,(4,1,4),(2,2),(0.,0.00402306249548348,0.00804612499096695),(0.,1.),
 .UNSPECIFIED.);
#1396=B_SPLINE_SURFACE_WITH_KNOTS('',3,3,((#3054,#3055,#3056,#3057,#3058),
(#3059,#3060,#3061,#3062,#3063),(#3064,#3065,#3066,#3067,#3068),(#3069,
#3070,#3071,#3072,#3073),(#3074,#3075,#3076,#3077,#3078),(#3079,#3080,#3081,
#3082,#3083),(#3084,#3085,#3086,#3087,#3088)),.UNSPECIFIED.,.F.,.F.,.F.,
(4,1,1,1,4),(4,1,4),(0.,0.285714285714286,0.571428571428571,0.785714285714286,
1.),(0.294807089074832,0.407466917808797,0.552425848826711),
 .UNSPECIFIED.);
#1397=B_SPLINE_SURFACE_WITH_KNOTS('',3,3,((#3108,#3109,#3110,#3111,#3112),
(#3113,#3114,#3115,#3116,#3117),(#3118,#3119,#3120,#3121,#3122),(#3123,
#3124,#3125,#3126,#3127),(#3128,#3129,#3130,#3131,#3132),(#3133,#3134,#3135,
#3136,#3137),(#3138,#3139,#3140,#3141,#3142)),.UNSPECIFIED.,.F.,.F.,.F.,
(4,1,1,1,4),(4,1,4),(0.,0.285714285714286,0.571428571428571,0.785714285714286,
1.),(0.00288457772075523,0.203733458904399,0.293384541397847),
 .UNSPECIFIED.);
#1398=B_SPLINE_SURFACE_WITH_KNOTS('',3,3,((#3153,#3154,#3155,#3156,#3157,
#3158,#3159),(#3160,#3161,#3162,#3163,#3164,#3165,#3166),(#3167,#3168,#3169,
#3170,#3171,#3172,#3173),(#3174,#3175,#3176,#3177,#3178,#3179,#3180),(#3181,
#3182,#3183,#3184,#3185,#3186,#3187),(#3188,#3189,#3190,#3191,#3192,#3193,
#3194),(#3195,#3196,#3197,#3198,#3199,#3200,#3201)),.UNSPECIFIED.,.F.,.F.,
 .F.,(4,1,1,1,4),(4,3,4),(0.,0.285714285714286,0.571428571428571,0.785714285714286,
1.),(0.00144463445962,0.00147548853080184,0.00288457772075523),
 .UNSPECIFIED.);
#1399=B_SPLINE_SURFACE_WITH_KNOTS('',3,3,((#3207,#3208,#3209,#3210,#3211,
#3212,#3213,#3214),(#3215,#3216,#3217,#3218,#3219,#3220,#3221,#3222),(#3223,
#3224,#3225,#3226,#3227,#3228,#3229,#3230),(#3231,#3232,#3233,#3234,#3235,
#3236,#3237,#3238)),.UNSPECIFIED.,.F.,.F.,.F.,(4,4),(4,2,2,4),(0.033185290307721,
1.),(0.,0.32144453925033,0.622319880789324,0.956901585049026),
 .UNSPECIFIED.);
#1400=B_SPLINE_SURFACE_WITH_KNOTS('',3,3,((#3255,#3256,#3257,#3258,#3259,
#3260,#3261,#3262,#3263,#3264,#3265,#3266),(#3267,#3268,#3269,#3270,#3271,
#3272,#3273,#3274,#3275,#3276,#3277,#3278),(#3279,#3280,#3281,#3282,#3283,
#3284,#3285,#3286,#3287,#3288,#3289,#3290),(#3291,#3292,#3293,#3294,#3295,
#3296,#3297,#3298,#3299,#3300,#3301,#3302),(#3303,#3304,#3305,#3306,#3307,
#3308,#3309,#3310,#3311,#3312,#3313,#3314),(#3315,#3316,#3317,#3318,#3319,
#3320,#3321,#3322,#3323,#3324,#3325,#3326),(#3327,#3328,#3329,#3330,#3331,
#3332,#3333,#3334,#3335,#3336,#3337,#3338)),.UNSPECIFIED.,.F.,.F.,.F.,(4,
1,1,1,4),(4,1,1,1,1,1,1,1,1,4),(0.,0.285714285714286,0.571428571428571,
0.857142857142857,1.),(0.,0.00928985941920158,0.0377332702233983,0.0542159087851563,
0.0706985473469143,0.076842560855945,0.0829865743649757,0.0984195349454,
0.113852495525824,0.140823713137643),.UNSPECIFIED.);
#1401=B_SPLINE_SURFACE_WITH_KNOTS('',3,3,((#3356,#3357,#3358,#3359,#3360,
#3361,#3362),(#3363,#3364,#3365,#3366,#3367,#3368,#3369),(#3370,#3371,#3372,
#3373,#3374,#3375,#3376),(#3377,#3378,#3379,#3380,#3381,#3382,#3383),(#3384,
#3385,#3386,#3387,#3388,#3389,#3390),(#3391,#3392,#3393,#3394,#3395,#3396,
#3397),(#3398,#3399,#3400,#3401,#3402,#3403,#3404)),.UNSPECIFIED.,.F.,.F.,
 .F.,(4,1,1,1,4),(4,1,2,4),(0.,0.285714285714286,0.571428571428571,0.785714285714286,
1.),(0.554907437043483,0.649723636563041,0.814933835617594,0.8516731614087),
 .UNSPECIFIED.);
#1402=B_SPLINE_SURFACE_WITH_KNOTS('',3,1,((#3429,#3430),(#3431,#3432),(#3433,
#3434),(#3435,#3436),(#3437,#3438)),.SURF_OF_LINEAR_EXTRUSION.,.F.,.F.,
 .F.,(4,1,4),(2,2),(-5.95927177490044E-17,0.00402624213321047,0.008052484266421),
(0.,1.),.UNSPECIFIED.);
#1403=B_SPLINE_SURFACE_WITH_KNOTS('',3,3,((#3479,#3480,#3481,#3482,#3483),
(#3484,#3485,#3486,#3487,#3488),(#3489,#3490,#3491,#3492,#3493),(#3494,
#3495,#3496,#3497,#3498),(#3499,#3500,#3501,#3502,#3503),(#3504,#3505,#3506,
#3507,#3508),(#3509,#3510,#3511,#3512,#3513)),.UNSPECIFIED.,.F.,.F.,.F.,
(4,1,1,1,4),(4,1,4),(0.,0.285714285714286,0.571428571428571,0.785714285714286,
1.),(0.294807089074832,0.407466917808797,0.552425848826711),
 .UNSPECIFIED.);
#1404=B_SPLINE_SURFACE_WITH_KNOTS('',3,3,((#3526,#3527,#3528,#3529),(#3530,
#3531,#3532,#3533),(#3534,#3535,#3536,#3537),(#3538,#3539,#3540,#3541),
(#3542,#3543,#3544,#3545),(#3546,#3547,#3548,#3549),(#3550,#3551,#3552,
#3553)),.UNSPECIFIED.,.F.,.F.,.F.,(4,1,1,1,4),(4,4),(0.,0.285714285714286,
0.571428571428571,0.785714285714286,1.),(0.293384556896938,0.294807089074832),
 .UNSPECIFIED.);
#1405=B_SPLINE_SURFACE_WITH_KNOTS('',3,3,((#3566,#3567,#3568,#3569,#3570),
(#3571,#3572,#3573,#3574,#3575),(#3576,#3577,#3578,#3579,#3580),(#3581,
#3582,#3583,#3584,#3585),(#3586,#3587,#3588,#3589,#3590),(#3591,#3592,#3593,
#3594,#3595),(#3596,#3597,#3598,#3599,#3600)),.UNSPECIFIED.,.F.,.F.,.F.,
(4,1,1,1,4),(4,1,4),(0.,0.285714285714286,0.571428571428571,0.785714285714286,
1.),(0.00288457772075523,0.203733458904399,0.293384541397847),
 .UNSPECIFIED.);
#1406=B_SPLINE_SURFACE_WITH_KNOTS('',3,3,((#3611,#3612,#3613,#3614,#3615,
#3616,#3617),(#3618,#3619,#3620,#3621,#3622,#3623,#3624),(#3625,#3626,#3627,
#3628,#3629,#3630,#3631),(#3632,#3633,#3634,#3635,#3636,#3637,#3638),(#3639,
#3640,#3641,#3642,#3643,#3644,#3645),(#3646,#3647,#3648,#3649,#3650,#3651,
#3652),(#3653,#3654,#3655,#3656,#3657,#3658,#3659)),.UNSPECIFIED.,.F.,.F.,
 .F.,(4,1,1,1,4),(4,3,4),(0.,0.285714285714286,0.571428571428571,0.785714285714286,
1.),(0.00144463445962,0.00147548853080184,0.00288457772075523),
 .UNSPECIFIED.);
#1407=B_SPLINE_SURFACE_WITH_KNOTS('',3,3,((#3665,#3666,#3667,#3668,#3669,
#3670,#3671,#3672),(#3673,#3674,#3675,#3676,#3677,#3678,#3679,#3680),(#3681,
#3682,#3683,#3684,#3685,#3686,#3687,#3688),(#3689,#3690,#3691,#3692,#3693,
#3694,#3695,#3696)),.UNSPECIFIED.,.F.,.F.,.F.,(4,4),(4,2,2,4),(0.033185290307721,
1.),(0.,0.32144453925033,0.622319880789324,0.956901585049026),
 .UNSPECIFIED.);
#1408=B_SPLINE_SURFACE_WITH_KNOTS('',3,3,((#3708,#3709,#3710,#3711,#3712,
#3713,#3714,#3715,#3716,#3717,#3718,#3719),(#3720,#3721,#3722,#3723,#3724,
#3725,#3726,#3727,#3728,#3729,#3730,#3731),(#3732,#3733,#3734,#3735,#3736,
#3737,#3738,#3739,#3740,#3741,#3742,#3743),(#3744,#3745,#3746,#3747,#3748,
#3749,#3750,#3751,#3752,#3753,#3754,#3755),(#3756,#3757,#3758,#3759,#3760,
#3761,#3762,#3763,#3764,#3765,#3766,#3767),(#3768,#3769,#3770,#3771,#3772,
#3773,#3774,#3775,#3776,#3777,#3778,#3779),(#3780,#3781,#3782,#3783,#3784,
#3785,#3786,#3787,#3788,#3789,#3790,#3791)),.UNSPECIFIED.,.F.,.F.,.F.,(4,
1,1,1,4),(4,1,1,1,1,1,1,1,1,4),(0.,0.285714285714286,0.571428571428571,
0.857142857142857,1.),(0.,0.00928985941920158,0.0377332702233983,0.0542159087851563,
0.0706985473469143,0.076842560855945,0.0829865743649757,0.0984195349454,
0.113852495525824,0.140823713137643),.UNSPECIFIED.);
#1409=B_SPLINE_SURFACE_WITH_KNOTS('',3,3,((#3809,#3810,#3811,#3812,#3813,
#3814,#3815),(#3816,#3817,#3818,#3819,#3820,#3821,#3822),(#3823,#3824,#3825,
#3826,#3827,#3828,#3829),(#3830,#3831,#3832,#3833,#3834,#3835,#3836),(#3837,
#3838,#3839,#3840,#3841,#3842,#3843),(#3844,#3845,#3846,#3847,#3848,#3849,
#3850),(#3851,#3852,#3853,#3854,#3855,#3856,#3857)),.UNSPECIFIED.,.F.,.F.,
 .F.,(4,1,1,1,4),(4,1,2,4),(0.,0.285714285714286,0.571428571428571,0.785714285714286,
1.),(0.554907437043483,0.649723636563041,0.814933835617594,0.8516731614087),
 .UNSPECIFIED.);
#1410=B_SPLINE_SURFACE_WITH_KNOTS('',3,1,((#3883,#3884),(#3885,#3886),(#3887,
#3888),(#3889,#3890),(#3891,#3892)),.SURF_OF_LINEAR_EXTRUSION.,.F.,.F.,
 .F.,(4,1,4),(2,2),(0.,0.00402306249548347,0.00804612499096695),(0.,1.),
 .UNSPECIFIED.);
#1411=B_SPLINE_SURFACE_WITH_KNOTS('',3,3,((#3927,#3928,#3929,#3930,#3931),
(#3932,#3933,#3934,#3935,#3936),(#3937,#3938,#3939,#3940,#3941),(#3942,
#3943,#3944,#3945,#3946),(#3947,#3948,#3949,#3950,#3951),(#3952,#3953,#3954,
#3955,#3956),(#3957,#3958,#3959,#3960,#3961)),.UNSPECIFIED.,.F.,.F.,.F.,
(4,1,1,1,4),(4,1,4),(0.,0.285714285714286,0.571428571428571,0.785714285714286,
1.),(0.294807089074832,0.407466917808797,0.552425848826711),
 .UNSPECIFIED.);
#1412=B_SPLINE_SURFACE_WITH_KNOTS('',3,3,((#3981,#3982,#3983,#3984,#3985),
(#3986,#3987,#3988,#3989,#3990),(#3991,#3992,#3993,#3994,#3995),(#3996,
#3997,#3998,#3999,#4000),(#4001,#4002,#4003,#4004,#4005),(#4006,#4007,#4008,
#4009,#4010),(#4011,#4012,#4013,#4014,#4015)),.UNSPECIFIED.,.F.,.F.,.F.,
(4,1,1,1,4),(4,1,4),(0.,0.285714285714286,0.571428571428571,0.785714285714286,
1.),(0.00288457772075523,0.203733458904399,0.293384541397847),
 .UNSPECIFIED.);
#1413=B_SPLINE_SURFACE_WITH_KNOTS('',3,3,((#4026,#4027,#4028,#4029,#4030,
#4031,#4032),(#4033,#4034,#4035,#4036,#4037,#4038,#4039),(#4040,#4041,#4042,
#4043,#4044,#4045,#4046),(#4047,#4048,#4049,#4050,#4051,#4052,#4053),(#4054,
#4055,#4056,#4057,#4058,#4059,#4060),(#4061,#4062,#4063,#4064,#4065,#4066,
#4067),(#4068,#4069,#4070,#4071,#4072,#4073,#4074)),.UNSPECIFIED.,.F.,.F.,
 .F.,(4,1,1,1,4),(4,3,4),(0.,0.285714285714286,0.571428571428571,0.785714285714286,
1.),(0.00144463445962,0.00147548853080184,0.00288457772075523),
 .UNSPECIFIED.);
#1414=B_SPLINE_SURFACE_WITH_KNOTS('',3,3,((#4080,#4081,#4082,#4083,#4084,
#4085,#4086,#4087),(#4088,#4089,#4090,#4091,#4092,#4093,#4094,#4095),(#4096,
#4097,#4098,#4099,#4100,#4101,#4102,#4103),(#4104,#4105,#4106,#4107,#4108,
#4109,#4110,#4111)),.UNSPECIFIED.,.F.,.F.,.F.,(4,4),(4,2,2,4),(0.033185290307721,
1.),(0.,0.32144453925033,0.622319880789324,0.956901585049026),
 .UNSPECIFIED.);
#1415=ADVANCED_FACE('',(#1287),#1378,.T.);
#1416=ADVANCED_FACE('',(#1288),#1379,.T.);
#1417=ADVANCED_FACE('',(#1289),#1380,.F.);
#1418=ADVANCED_FACE('',(#1290),#1381,.F.);
#1419=ADVANCED_FACE('',(#1291),#209,.F.);
#1420=ADVANCED_FACE('',(#1292),#1382,.F.);
#1421=ADVANCED_FACE('',(#1293),#1383,.F.);
#1422=ADVANCED_FACE('',(#1294),#1384,.F.);
#1423=ADVANCED_FACE('',(#1295),#1385,.T.);
#1424=ADVANCED_FACE('',(#1296),#178,.T.);
#1425=ADVANCED_FACE('',(#1297),#179,.T.);
#1426=ADVANCED_FACE('',(#1298),#180,.T.);
#1427=ADVANCED_FACE('',(#1299),#181,.T.);
#1428=ADVANCED_FACE('',(#1300),#182,.T.);
#1429=ADVANCED_FACE('',(#1301),#183,.T.);
#1430=ADVANCED_FACE('',(#1302),#184,.T.);
#1431=ADVANCED_FACE('',(#1303,#1304),#185,.F.);
#1432=ADVANCED_FACE('',(#1305),#186,.T.);
#1433=ADVANCED_FACE('',(#1306),#187,.T.);
#1434=ADVANCED_FACE('',(#1307),#210,.T.);
#1435=ADVANCED_FACE('',(#1308),#188,.T.);
#1436=ADVANCED_FACE('',(#1309),#211,.T.);
#1437=ADVANCED_FACE('',(#1310),#189,.T.);
#1438=ADVANCED_FACE('',(#1311),#190,.F.);
#1439=ADVANCED_FACE('',(#1312),#191,.F.);
#1440=ADVANCED_FACE('',(#1313),#212,.T.);
#1441=ADVANCED_FACE('',(#1314,#1315),#192,.T.);
#1442=ADVANCED_FACE('',(#1316),#193,.T.);
#1443=ADVANCED_FACE('',(#1317),#213,.T.);
#1444=ADVANCED_FACE('',(#1318),#194,.T.);
#1445=ADVANCED_FACE('',(#1319),#195,.T.);
#1446=ADVANCED_FACE('',(#1320),#196,.T.);
#1447=ADVANCED_FACE('',(#1321),#197,.T.);
#1448=ADVANCED_FACE('',(#1322),#198,.T.);
#1449=ADVANCED_FACE('',(#1323),#199,.F.);
#1450=ADVANCED_FACE('',(#1324),#200,.F.);
#1451=ADVANCED_FACE('',(#1325),#13,.T.);
#1452=ADVANCED_FACE('',(#1326),#1386,.T.);
#1453=ADVANCED_FACE('',(#1327),#14,.T.);
#1454=ADVANCED_FACE('',(#1328),#1387,.F.);
#1455=ADVANCED_FACE('',(#1329),#1388,.F.);
#1456=ADVANCED_FACE('',(#1330),#15,.T.);
#1457=ADVANCED_FACE('',(#1331),#1389,.F.);
#1458=ADVANCED_FACE('',(#1332),#16,.T.);
#1459=ADVANCED_FACE('',(#1333),#1390,.F.);
#1460=ADVANCED_FACE('',(#1334),#1391,.F.);
#1461=ADVANCED_FACE('',(#1335),#1392,.F.);
#1462=ADVANCED_FACE('',(#1336),#17,.T.);
#1463=ADVANCED_FACE('',(#1337),#1393,.F.);
#1464=ADVANCED_FACE('',(#1338),#18,.T.);
#1465=ADVANCED_FACE('',(#1339),#1394,.T.);
#1466=ADVANCED_FACE('',(#1340),#1395,.T.);
#1467=ADVANCED_FACE('',(#1341),#19,.T.);
#1468=ADVANCED_FACE('',(#1342),#1396,.T.);
#1469=ADVANCED_FACE('',(#1343),#20,.T.);
#1470=ADVANCED_FACE('',(#1344),#1397,.T.);
#1471=ADVANCED_FACE('',(#1345),#1398,.T.);
#1472=ADVANCED_FACE('',(#1346),#1399,.T.);
#1473=ADVANCED_FACE('',(#1347),#21,.T.);
#1474=ADVANCED_FACE('',(#1348),#1400,.F.);
#1475=ADVANCED_FACE('',(#1349),#22,.T.);
#1476=ADVANCED_FACE('',(#1350),#1401,.T.);
#1477=ADVANCED_FACE('',(#1351),#1402,.T.);
#1478=ADVANCED_FACE('',(#1352),#23,.T.);
#1479=ADVANCED_FACE('',(#1353),#1403,.T.);
#1480=ADVANCED_FACE('',(#1354),#1404,.T.);
#1481=ADVANCED_FACE('',(#1355),#1405,.T.);
#1482=ADVANCED_FACE('',(#1356),#1406,.T.);
#1483=ADVANCED_FACE('',(#1357),#1407,.T.);
#1484=ADVANCED_FACE('',(#1358),#24,.T.);
#1485=ADVANCED_FACE('',(#1359),#1408,.T.);
#1486=ADVANCED_FACE('',(#1360),#25,.T.);
#1487=ADVANCED_FACE('',(#1361),#1409,.F.);
#1488=ADVANCED_FACE('',(#1362),#1410,.F.);
#1489=ADVANCED_FACE('',(#1363),#26,.T.);
#1490=ADVANCED_FACE('',(#1364),#1411,.F.);
#1491=ADVANCED_FACE('',(#1365),#27,.T.);
#1492=ADVANCED_FACE('',(#1366),#1412,.F.);
#1493=ADVANCED_FACE('',(#1367),#1413,.F.);
#1494=ADVANCED_FACE('',(#1368),#1414,.F.);
#1495=ADVANCED_FACE('',(#1369,#1370),#201,.T.);
#1496=ADVANCED_FACE('',(#1371),#214,.F.);
#1497=ADVANCED_FACE('',(#1372),#215,.F.);
#1498=ADVANCED_FACE('',(#1373),#202,.T.);
#1499=ADVANCED_FACE('',(#1374),#203,.T.);
#1500=ADVANCED_FACE('',(#1375),#204,.T.);
#1501=ADVANCED_FACE('',(#1376),#205,.T.);
#1502=ADVANCED_FACE('Face appearance 1',(#1377),#206,.T.);
#1503=CLOSED_SHELL('',(#1415,#1416,#1417,#1418,#1419,#1420,#1421,#1422,
#1423,#1424,#1425,#1426,#1427,#1428,#1429,#1430,#1431,#1432,#1433,#1434,
#1435,#1436,#1437,#1438,#1439,#1440,#1441,#1442,#1443,#1444,#1445,#1446,
#1447,#1448,#1449,#1450,#1451,#1452,#1453,#1454,#1455,#1456,#1457,#1458,
#1459,#1460,#1461,#1462,#1463,#1464,#1465,#1466,#1467,#1468,#1469,#1470,
#1471,#1472,#1473,#1474,#1475,#1476,#1477,#1478,#1479,#1480,#1481,#1482,
#1483,#1484,#1485,#1486,#1487,#1488,#1489,#1490,#1491,#1492,#1493,#1494,
#1495,#1496,#1497,#1498,#1499,#1500,#1501,#1502));
#1504=STYLED_ITEM('',(#1505),#1519);
#1505=PRESENTATION_STYLE_ASSIGNMENT((#1507));
#1506=PRESENTATION_STYLE_ASSIGNMENT((#1508));
#1507=SURFACE_STYLE_USAGE(.BOTH.,#1509);
#1508=SURFACE_STYLE_USAGE(.BOTH.,#1510);
#1509=SURFACE_SIDE_STYLE('',(#1511));
#1510=SURFACE_SIDE_STYLE('',(#1512));
#1511=SURFACE_STYLE_FILL_AREA(#1513);
#1512=SURFACE_STYLE_FILL_AREA(#1514);
#1513=FILL_AREA_STYLE('',(#1515));
#1514=FILL_AREA_STYLE('',(#1516));
#1515=FILL_AREA_STYLE_COLOUR('',#1517);
#1516=FILL_AREA_STYLE_COLOUR('',#1518);
#1517=COLOUR_RGB('',0.262745098039216,0.282352941176471,0.301960784313725);
#1518=COLOUR_RGB('',0.901960784313726,0.901960784313726,0.901960784313726);
#1519=MANIFOLD_SOLID_BREP('Body11',#1503);
#1520=SHAPE_DEFINITION_REPRESENTATION(#4145,#1521);
#1521=SHAPE_REPRESENTATION('Body11',(#1522),#4140);
#1522=AXIS2_PLACEMENT_3D('',#1784,#1586,#1587);
#1523=AXIS2_PLACEMENT_3D('',#1955,#1588,#1589);
#1524=AXIS2_PLACEMENT_3D('',#1956,#1590,#1591);
#1525=AXIS2_PLACEMENT_3D('',#1958,#1592,#1593);
#1526=AXIS2_PLACEMENT_3D('',#2226,#1594,#1595);
#1527=AXIS2_PLACEMENT_3D('',#2251,#1608,#1609);
#1528=AXIS2_PLACEMENT_3D('',#2257,#1613,#1614);
#1529=AXIS2_PLACEMENT_3D('',#2261,#1617,#1618);
#1530=AXIS2_PLACEMENT_3D('',#2265,#1621,#1622);
#1531=AXIS2_PLACEMENT_3D('',#2269,#1625,#1626);
#1532=AXIS2_PLACEMENT_3D('',#2273,#1629,#1630);
#1533=AXIS2_PLACEMENT_3D('',#2277,#1633,#1634);
#1534=AXIS2_PLACEMENT_3D('',#2286,#1639,#1640);
#1535=AXIS2_PLACEMENT_3D('',#2291,#1642,#1643);
#1536=AXIS2_PLACEMENT_3D('',#2295,#1645,#1646);
#1537=AXIS2_PLACEMENT_3D('',#2299,#1648,#1649);
#1538=AXIS2_PLACEMENT_3D('',#2302,#1651,#1652);
#1539=AXIS2_PLACEMENT_3D('',#2308,#1656,#1657);
#1540=AXIS2_PLACEMENT_3D('',#2312,#1660,#1661);
#1541=AXIS2_PLACEMENT_3D('',#2318,#1662,#1663);
#1542=AXIS2_PLACEMENT_3D('',#2324,#1664,#1665);
#1543=AXIS2_PLACEMENT_3D('',#2331,#1667,#1668);
#1544=AXIS2_PLACEMENT_3D('',#2337,#1669,#1670);
#1545=AXIS2_PLACEMENT_3D('',#2338,#1671,#1672);
#1546=AXIS2_PLACEMENT_3D('',#2345,#1674,#1675);
#1547=AXIS2_PLACEMENT_3D('',#2351,#1679,#1680);
#1548=AXIS2_PLACEMENT_3D('',#2355,#1683,#1684);
#1549=AXIS2_PLACEMENT_3D('',#2361,#1685,#1686);
#1550=AXIS2_PLACEMENT_3D('',#2367,#1687,#1688);
#1551=AXIS2_PLACEMENT_3D('',#2369,#1690,#1691);
#1552=AXIS2_PLACEMENT_3D('',#2378,#1697,#1698);
#1553=AXIS2_PLACEMENT_3D('',#2379,#1699,#1700);
#1554=AXIS2_PLACEMENT_3D('',#2384,#1701,#1702);
#1555=AXIS2_PLACEMENT_3D('',#2386,#1704,#1705);
#1556=AXIS2_PLACEMENT_3D('',#2387,#1706,#1707);
#1557=AXIS2_PLACEMENT_3D('',#2388,#1708,#1709);
#1558=AXIS2_PLACEMENT_3D('',#2390,#1711,#1712);
#1559=AXIS2_PLACEMENT_3D('',#2391,#1713,#1714);
#1560=AXIS2_PLACEMENT_3D('',#2395,#1717,#1718);
#1561=AXIS2_PLACEMENT_3D('',#2397,#1720,#1721);
#1562=AXIS2_PLACEMENT_3D('',#2508,#1722,#1723);
#1563=AXIS2_PLACEMENT_3D('',#2626,#1724,#1725);
#1564=AXIS2_PLACEMENT_3D('',#2682,#1726,#1727);
#1565=AXIS2_PLACEMENT_3D('',#2825,#1729,#1730);
#1566=AXIS2_PLACEMENT_3D('',#2931,#1731,#1732);
#1567=AXIS2_PLACEMENT_3D('',#3044,#1733,#1734);
#1568=AXIS2_PLACEMENT_3D('',#3098,#1735,#1736);
#1569=AXIS2_PLACEMENT_3D('',#3240,#1738,#1739);
#1570=AXIS2_PLACEMENT_3D('',#3351,#1740,#1741);
#1571=AXIS2_PLACEMENT_3D('',#3469,#1742,#1743);
#1572=AXIS2_PLACEMENT_3D('',#3698,#1745,#1746);
#1573=AXIS2_PLACEMENT_3D('',#3804,#1747,#1748);
#1574=AXIS2_PLACEMENT_3D('',#3917,#1749,#1750);
#1575=AXIS2_PLACEMENT_3D('',#3971,#1751,#1752);
#1576=AXIS2_PLACEMENT_3D('',#4113,#1754,#1755);
#1577=AXIS2_PLACEMENT_3D('',#4114,#1756,#1757);
#1578=AXIS2_PLACEMENT_3D('',#4117,#1759,#1760);
#1579=AXIS2_PLACEMENT_3D('',#4120,#1762,#1763);
#1580=AXIS2_PLACEMENT_3D('',#4123,#1765,#1766);
#1581=AXIS2_PLACEMENT_3D('',#4126,#1768,#1769);
#1582=AXIS2_PLACEMENT_3D('',#4130,#1772,#1773);
#1583=AXIS2_PLACEMENT_3D('',#4134,#1776,#1777);
#1584=AXIS2_PLACEMENT_3D('',#4136,#1779,#1780);
#1585=AXIS2_PLACEMENT_3D('',#4138,#1782,#1783);
#1586=DIRECTION('',(0.,0.,1.));
#1587=DIRECTION('',(1.,0.,0.));
#1588=DIRECTION('',(-1.,-2.52462692079227E-13,-1.65123703464257E-13));
#1589=DIRECTION('',(2.52462692079227E-13,-1.,0.));
#1590=DIRECTION('',(0.653552265426143,-0.756881388565181,0.));
#1591=DIRECTION('',(-0.756881388565181,-0.653552265426143,-2.18163249828676E-13));
#1592=DIRECTION('',(0.673572505396957,0.739121153785539,0.));
#1593=DIRECTION('',(-0.739121153785539,0.673572505396957,-2.23405462850826E-13));
#1594=DIRECTION('',(2.26097218534749E-13,-6.12323399573677E-17,-1.));
#1595=DIRECTION('',(-2.26097218534749E-13,1.,-6.12323400084876E-17));
#1596=DIRECTION('',(-2.25844895120061E-13,1.,-6.12323400084306E-17));
#1597=DIRECTION('',(1.,2.26097218534749E-13,2.26097218534749E-13));
#1598=DIRECTION('',(-2.26947792626195E-13,1.,-6.12323400086799E-17));
#1599=DIRECTION('',(1.,2.26097218534749E-13,2.26097218534749E-13));
#1600=DIRECTION('',(2.25783849132637E-13,-1.,6.12323400084168E-17));
#1601=DIRECTION('',(1.,2.26097218534749E-13,2.26097218534749E-13));
#1602=DIRECTION('',(2.26097218534749E-13,-1.,6.12323400084876E-17));
#1603=DIRECTION('',(-1.,-2.26097218534749E-13,-2.26097218534749E-13));
#1604=DIRECTION('',(2.2591815030497E-13,-1.,6.12323400084471E-17));
#1605=DIRECTION('',(-1.,-2.26097218534749E-13,-2.26097218534749E-13));
#1606=DIRECTION('',(-2.2591815030497E-13,1.,-6.12323400084471E-17));
#1607=DIRECTION('',(-1.,-2.26007684419859E-13,-2.26097218534749E-13));
#1608=DIRECTION('',(1.,2.26097218534749E-13,2.26097218534749E-13));
#1609=DIRECTION('',(2.26097218534749E-13,-1.,6.12323400084876E-17));
#1610=DIRECTION('',(2.26097218534749E-13,-6.12323399573677E-17,-1.));
#1611=DIRECTION('',(2.26097218534749E-13,-1.,6.12323400084876E-17));
#1612=DIRECTION('',(2.26097218534749E-13,-6.12323399573677E-17,-1.));
#1613=DIRECTION('',(-2.26097218534749E-13,1.,-6.12323400084876E-17));
#1614=DIRECTION('',(1.,2.26097218534749E-13,2.26097218534749E-13));
#1615=DIRECTION('',(2.26097218534749E-13,-6.12323399573677E-17,-1.));
#1616=DIRECTION('',(1.,2.26097218534749E-13,2.26097218534749E-13));
#1617=DIRECTION('',(1.,2.25783849132637E-13,2.26097218534749E-13));
#1618=DIRECTION('',(2.25783849132637E-13,-1.,6.12323400084168E-17));
#1619=DIRECTION('',(2.26097218534749E-13,-6.12323399573677E-17,-1.));
#1620=DIRECTION('',(2.25783849132637E-13,-1.,6.12323400084168E-17));
#1621=DIRECTION('',(-2.26097218534749E-13,1.,-6.12323400084876E-17));
#1622=DIRECTION('',(1.,2.26097218534749E-13,2.26097218534749E-13));
#1623=DIRECTION('',(2.26097218534749E-13,-6.12323399573677E-17,-1.));
#1624=DIRECTION('',(1.,2.26097218534749E-13,2.26097218534749E-13));
#1625=DIRECTION('',(-1.,-2.26947792626195E-13,-2.26097218534749E-13));
#1626=DIRECTION('',(-2.26947792626195E-13,1.,-6.12323400086799E-17));
#1627=DIRECTION('',(2.26097218534749E-13,-6.12323399573677E-17,-1.));
#1628=DIRECTION('',(-2.26947792626195E-13,1.,-6.12323400086799E-17));
#1629=DIRECTION('',(-2.26097218534749E-13,1.,-6.12323400084876E-17));
#1630=DIRECTION('',(1.,2.26097218534749E-13,2.26097218534749E-13));
#1631=DIRECTION('',(2.26097218534749E-13,-6.12323399573677E-17,-1.));
#1632=DIRECTION('',(1.,2.26097218534749E-13,2.26097218534749E-13));
#1633=DIRECTION('',(-2.26097218534749E-13,6.12323399573677E-17,1.));
#1634=DIRECTION('',(2.26097218534749E-13,-1.,6.12323400084876E-17));
#1635=DIRECTION('',(-1.,-2.26097218534749E-13,-2.26097218534749E-13));
#1636=DIRECTION('',(-2.25959302631083E-13,1.,-6.12323400084567E-17));
#1637=DIRECTION('',(1.,2.26234963326887E-13,2.26097218534749E-13));
#1638=DIRECTION('',(2.26097218534749E-13,-1.,6.12323400084876E-17));
#1639=DIRECTION('',(-2.26106791575553E-13,4.12445630657385E-17,1.));
#1640=DIRECTION('',(2.26097218534749E-13,-1.,4.12445631168606E-17));
#1641=DIRECTION('',(1.,2.26097218534749E-13,2.26097218534749E-13));
#1642=DIRECTION('',(-2.26139717804023E-13,1.67657404427106E-16,1.));
#1643=DIRECTION('',(2.26097218534749E-13,-1.,1.67657404478235E-16));
#1644=DIRECTION('',(-2.26097218534749E-13,1.,-6.12323400084876E-17));
#1645=DIRECTION('',(-2.26090911193349E-13,1.04104871753435E-16,1.));
#1646=DIRECTION('',(2.26097218534749E-13,-1.,1.04104871804554E-16));
#1647=DIRECTION('',(-1.,-2.26097218534749E-13,-2.26097218534749E-13));
#1648=DIRECTION('',(-2.26117206311641E-13,3.46993894616036E-17,1.));
#1649=DIRECTION('',(2.26097218534749E-13,-1.,3.4699389512728E-17));
#1650=DIRECTION('',(2.26097218534749E-13,-1.,6.12323400084876E-17));
#1651=DIRECTION('',(2.26097218534749E-13,-1.,6.12323400084876E-17));
#1652=DIRECTION('',(-1.,-2.26097218534749E-13,-2.26097218534749E-13));
#1653=DIRECTION('',(2.26097218534749E-13,-6.12323399573677E-17,-1.));
#1654=DIRECTION('',(-1.,-2.26097218534749E-13,-2.26097218534749E-13));
#1655=DIRECTION('',(2.26097218534749E-13,-6.12323399573677E-17,-1.));
#1656=DIRECTION('',(1.,2.2591815030497E-13,2.26097218534749E-13));
#1657=DIRECTION('',(2.2591815030497E-13,-1.,6.12323400084471E-17));
#1658=DIRECTION('',(2.26097218534749E-13,-6.12323399573677E-17,-1.));
#1659=DIRECTION('',(2.2591815030497E-13,-1.,6.12323400084471E-17));
#1660=DIRECTION('',(-2.26090911193349E-13,1.04104871753435E-16,1.));
#1661=DIRECTION('',(2.26097218534749E-13,-1.,1.04104871804554E-16));
#1662=DIRECTION('',(-2.26090911193349E-13,1.04104871753435E-16,1.));
#1663=DIRECTION('',(2.26097218534749E-13,-1.,1.04104871804554E-16));
#1664=DIRECTION('',(-1.,-2.26097218534749E-13,-2.26097218534749E-13));
#1665=DIRECTION('',(-2.26097218534749E-13,1.,-6.12323400084876E-17));
#1666=DIRECTION('',(-2.26097218534749E-13,1.,-6.12323400084876E-17));
#1667=DIRECTION('',(-2.26139717804023E-13,1.67657404427106E-16,1.));
#1668=DIRECTION('',(2.26097218534749E-13,-1.,1.67657404478235E-16));
#1669=DIRECTION('',(-2.26139717804023E-13,1.67657404427106E-16,1.));
#1670=DIRECTION('',(2.26097218534749E-13,-1.,1.67657404478235E-16));
#1671=DIRECTION('',(-2.26097218534749E-13,1.,-6.12323400084876E-17));
#1672=DIRECTION('',(1.,2.26097218534749E-13,2.26097218534749E-13));
#1673=DIRECTION('',(1.,2.26097218534749E-13,2.26097218534749E-13));
#1674=DIRECTION('',(1.35261522513256E-13,-0.939692620785908,0.342020143325669));
#1675=DIRECTION('',(1.,2.26234963326887E-13,2.26097218534749E-13));
#1676=DIRECTION('',(-0.323615577118459,0.323615577118111,0.889126490715916));
#1677=DIRECTION('',(-1.,-2.26097218534749E-13,-2.26097218534749E-13));
#1678=DIRECTION('',(0.323615577117913,0.323615577118258,0.889126490716061));
#1679=DIRECTION('',(0.939692620785831,2.12353231974048E-13,0.342020143325881));
#1680=DIRECTION('',(-2.25959302631083E-13,1.,-6.12323400084567E-17));
#1681=DIRECTION('',(-0.323615577118313,-0.323615577118258,0.889126490715915));
#1682=DIRECTION('',(2.26097218534749E-13,-1.,6.12323400084876E-17));
#1683=DIRECTION('',(-2.26117206311641E-13,3.46993894616036E-17,1.));
#1684=DIRECTION('',(2.26097218534749E-13,-1.,3.4699389512728E-17));
#1685=DIRECTION('',(-2.26117206311641E-13,3.46993894616036E-17,1.));
#1686=DIRECTION('',(2.26097218534749E-13,-1.,3.4699389512728E-17));
#1687=DIRECTION('',(2.26097218534749E-13,-6.12323399573677E-17,-1.));
#1688=DIRECTION('',(-2.26097218534749E-13,1.,-6.12323400084876E-17));
#1689=DIRECTION('',(-1.,-2.26097218534749E-13,-2.26097218534749E-13));
#1690=DIRECTION('',(-2.26106791575553E-13,4.12445630657385E-17,1.));
#1691=DIRECTION('',(2.26097218534749E-13,-1.,4.12445631168606E-17));
#1692=DIRECTION('',(2.26097218534749E-13,-1.,6.12323400084876E-17));
#1693=DIRECTION('',(-2.25844895120061E-13,1.,-6.12323400084306E-17));
#1694=DIRECTION('',(-1.,-2.26007684419859E-13,-2.26097218534749E-13));
#1695=DIRECTION('',(-2.2591815030497E-13,1.,-6.12323400084471E-17));
#1696=DIRECTION('',(-1.,-2.26097218534749E-13,-2.26097218534749E-13));
#1697=DIRECTION('',(2.26097218534749E-13,-1.,6.12323400084876E-17));
#1698=DIRECTION('',(-1.,-2.26097218534749E-13,-2.26097218534749E-13));
#1699=DIRECTION('',(-2.26106791575553E-13,4.12445630657385E-17,1.));
#1700=DIRECTION('',(2.26097218534749E-13,-1.,4.12445631168606E-17));
#1701=DIRECTION('',(-1.,-2.25844895120061E-13,-2.26097218534749E-13));
#1702=DIRECTION('',(-2.25844895120061E-13,1.,-6.12323400084306E-17));
#1703=DIRECTION('',(2.26097218534749E-13,-6.12323399573677E-17,-1.));
#1704=DIRECTION('',(1.,2.26097218534749E-13,2.26097218534749E-13));
#1705=DIRECTION('',(2.26097218534749E-13,-1.,6.12323400084876E-17));
#1706=DIRECTION('',(2.26097218534749E-13,-1.,6.12323400084876E-17));
#1707=DIRECTION('',(-1.,-2.26097218534749E-13,-2.26097218534749E-13));
#1708=DIRECTION('',(-1.,-2.2591815030497E-13,-2.26097218534749E-13));
#1709=DIRECTION('',(-2.2591815030497E-13,1.,-6.12323400084471E-17));
#1710=DIRECTION('',(2.26097218534749E-13,-6.12323399573677E-17,-1.));
#1711=DIRECTION('',(2.26007684419859E-13,-1.,6.12323400084674E-17));
#1712=DIRECTION('',(-1.,-2.26007684419859E-13,-2.26097218534749E-13));
#1713=DIRECTION('',(-2.89791690926112E-13,0.939692620785908,0.342020143325669));
#1714=DIRECTION('',(-1.,-2.26097218534749E-13,-2.26097218534749E-13));
#1715=DIRECTION('',(0.323615577118057,-0.323615577118111,0.889126490716062));
#1716=DIRECTION('',(-1.,-2.26097218534749E-13,-2.26097218534749E-13));
#1717=DIRECTION('',(-0.939692620785985,-2.12440945143633E-13,0.342020143325456));
#1718=DIRECTION('',(2.26097218534749E-13,-1.,6.12323400084876E-17));
#1719=DIRECTION('',(2.26097218534749E-13,-1.,6.12323400084876E-17));
#1720=DIRECTION('',(0.00533999789082896,0.999931295679725,-0.0104349577283379));
#1721=DIRECTION('',(-2.28444256730109E-13,0.0104351065109439,0.999945552793803));
#1722=DIRECTION('',(-0.999931346076541,-0.00530466158996965,-0.0104481433265469));
#1723=DIRECTION('',(0.0104482903320722,2.30110038487618E-15,-0.999945415124814));
#1724=DIRECTION('',(-0.681695389677744,0.680900327560569,0.267705322360278));
#1725=DIRECTION('',(-0.706694070557058,-0.707519251073422,-1.59738240648642E-13));
#1726=DIRECTION('',(-0.562162924602242,0.56481328734923,0.60411819757098));
#1727=DIRECTION('',(1.0745400276404E-14,-0.730470173769818,0.682944598948328));
#1728=DIRECTION('',(-1.,-2.26097218534749E-13,-2.26097218534749E-13));
#1729=DIRECTION('',(0.00533999789128287,-0.999931295679723,-0.0104349577283339));
#1730=DIRECTION('',(2.23725559615633E-13,0.0104351065109399,-0.999945552793804));
#1731=DIRECTION('',(-0.99993134607756,0.00530466163952062,-0.0104481432039746));
#1732=DIRECTION('',(0.010448290209501,2.30110035716309E-15,-0.999945415126095));
#1733=DIRECTION('',(-0.681695389677437,-0.680900327560878,0.267705322360271));
#1734=DIRECTION('',(0.706694070557378,-0.707519251073103,1.5982488676733E-13));
#1735=DIRECTION('',(-0.562162924516492,-0.564813287264921,0.604118197729598));
#1736=DIRECTION('',(3.19569148745286E-13,-0.730470173910281,-0.682944598798089));
#1737=DIRECTION('',(-1.,-2.26097218534749E-13,-2.26097218534749E-13));
#1738=DIRECTION('',(-0.00533999789127974,0.999931295679723,-0.0104349577283317));
#1739=DIRECTION('',(-2.28444256730107E-13,0.0104351065109353,0.999945552793804));
#1740=DIRECTION('',(0.999931346077565,-0.00530466163952092,-0.0104481432035213));
#1741=DIRECTION('',(0.0104482902090477,2.42355835235846E-15,0.999945415126099));
#1742=DIRECTION('',(0.681695389677315,0.680900327560877,0.267705322360586));
#1743=DIRECTION('',(-0.706694070557378,0.707519251073102,-1.5982488676733E-13));
#1744=DIRECTION('',(-1.,-2.26097218534749E-13,-2.26097218534749E-13));
#1745=DIRECTION('',(-0.00533999795640444,-0.999931295680784,-0.0104349575932318));
#1746=DIRECTION('',(2.23725559646498E-13,0.0104351063758371,-0.999945552795213));
#1747=DIRECTION('',(0.999931346077561,0.00530466163997167,-0.0104481432035244));
#1748=DIRECTION('',(0.0104482902090508,2.42355835235916E-15,0.999945415126099));
#1749=DIRECTION('',(0.681695389677624,-0.68090032756057,0.26770532236058));
#1750=DIRECTION('',(0.706694070557058,0.707519251073423,1.59738240648642E-13));
#1751=DIRECTION('',(0.562162926403451,-0.564813289140123,0.604118194220489));
#1752=DIRECTION('',(3.19569148794227E-13,-0.730470170799833,-0.682944602124992));
#1753=DIRECTION('',(-1.,-2.26097218534749E-13,-2.26097218534749E-13));
#1754=DIRECTION('',(2.26097218534749E-13,-6.12323399573677E-17,-1.));
#1755=DIRECTION('',(2.26097218534749E-13,-1.,6.12323400084876E-17));
#1756=DIRECTION('',(0.,0.,1.));
#1757=DIRECTION('',(1.,0.,0.));
#1758=DIRECTION('',(0.,0.,1.));
#1759=DIRECTION('',(0.,0.,-1.));
#1760=DIRECTION('',(1.,0.,0.));
#1761=DIRECTION('',(0.,0.,1.));
#1762=DIRECTION('',(0.,0.,1.));
#1763=DIRECTION('',(1.,0.,0.));
#1764=DIRECTION('',(0.,0.,1.));
#1765=DIRECTION('',(0.,0.,-1.));
#1766=DIRECTION('',(1.,0.,0.));
#1767=DIRECTION('',(0.,0.,1.));
#1768=DIRECTION('',(0.653552265426143,-0.756881388565181,0.));
#1769=DIRECTION('',(0.756881388565181,0.653552265426143,0.));
#1770=DIRECTION('',(0.756881388565181,0.653552265426143,0.));
#1771=DIRECTION('',(0.,0.,1.));
#1772=DIRECTION('',(-0.653552265426143,0.756881388565181,0.));
#1773=DIRECTION('',(-0.756881388565181,-0.653552265426143,0.));
#1774=DIRECTION('',(0.,0.,1.));
#1775=DIRECTION('',(-0.756881388565181,-0.653552265426143,0.));
#1776=DIRECTION('',(-0.673572505396957,-0.739121153785539,0.));
#1777=DIRECTION('',(0.739121153785539,-0.673572505396957,0.));
#1778=DIRECTION('',(0.739121153785539,-0.673572505396957,0.));
#1779=DIRECTION('',(0.673572505396957,0.739121153785539,0.));
#1780=DIRECTION('',(-0.739121153785539,0.673572505396957,0.));
#1781=DIRECTION('',(-0.739121153785539,0.673572505396957,0.));
#1782=DIRECTION('',(0.,0.,1.));
#1783=DIRECTION('',(1.,0.,0.));
#1784=CARTESIAN_POINT('',(0.,0.,0.));
#1785=CARTESIAN_POINT('',(9.99999999632605E-6,0.009150000000001,0.016250000000001));
#1786=CARTESIAN_POINT('',(0.00197355356867991,0.00915000000000144,0.0162500000000015));
#1787=CARTESIAN_POINT('',(0.00393707110081241,0.00915000000000189,0.0164293588387815));
#1788=CARTESIAN_POINT('',(0.00586812808578655,0.00915000000000232,0.0167851135755933));
#1789=CARTESIAN_POINT('',(9.9999999967699E-6,0.00718692667356897,0.016250000000001));
#1790=CARTESIAN_POINT('',(0.00196972701009099,0.00719075323215877,0.0163094225149965));
#1791=CARTESIAN_POINT('',(0.00392943143602914,0.00719457898254878,0.0164917369500708));
#1792=CARTESIAN_POINT('',(0.00586688543233245,0.00719840634843671,0.0167949986235397));
#1793=CARTESIAN_POINT('',(9.9999999971732E-6,0.00522388948283049,0.0164292721779684));
#1794=CARTESIAN_POINT('',(0.00196590045150203,0.00523152915090477,0.0164916745961741));
#1795=CARTESIAN_POINT('',(0.00392178578729247,0.00523917358783699,0.0166206174205746));
#1796=CARTESIAN_POINT('',(0.00586564225601514,0.00524681502159091,0.0168148903801359));
#1797=CARTESIAN_POINT('',(9.99999999752931E-6,0.00329328880333444,0.0167848525814534));
#1798=CARTESIAN_POINT('',(0.00196207389291303,0.00329453645381245,0.0167947785825015));
#1799=CARTESIAN_POINT('',(0.00391414545220322,0.00329578462541252,0.0168147575762916));
#1800=CARTESIAN_POINT('',(0.00586439954399134,0.0032970323402905,0.0168446069310186));
#1801=CARTESIAN_POINT('',(0.00252258749200844,0.00915000000020032,0.0163478622001815));
#1802=CARTESIAN_POINT('',(0.00254521658910377,0.00912937775505512,0.0163501069945512));
#1803=CARTESIAN_POINT('',(0.0025678434836531,0.00910875751748784,0.0163523917286895));
#1804=CARTESIAN_POINT('',(0.00259046825044845,0.00908813921861179,0.0163547150399024));
#1805=CARTESIAN_POINT('',(0.00252258355716158,0.00915000358645075,0.0163478619769989));
#1806=CARTESIAN_POINT('',(0.00259046825044845,0.00908813921861179,0.0163547150399024));
#1807=CARTESIAN_POINT('',(0.00259046825044845,0.00908813921861179,0.0163547150399024));
#1808=CARTESIAN_POINT('',(0.00173053532405245,0.00834560396718219,0.0163040041398336));
#1809=CARTESIAN_POINT('',(0.000870370544893507,0.00760286851542958,0.0162978651225293));
#1810=CARTESIAN_POINT('',(9.99999532286531E-6,0.00685995538495378,0.0163312838596806));
#1811=CARTESIAN_POINT('',(9.99999999682605E-6,0.00685995538898965,0.0163312854733469));
#1812=CARTESIAN_POINT('',(9.99999999751854E-6,0.00335163390421192,0.0167740817643403));
#1813=CARTESIAN_POINT('',(9.99999999730352E-6,0.00451271878563037,0.0165640115986445));
#1814=CARTESIAN_POINT('',(9.99999999707252E-6,0.00568364634258171,0.0164147491694047));
#1815=CARTESIAN_POINT('',(9.99999999682543E-6,0.00685995538892757,0.0163312854733512));
#1816=CARTESIAN_POINT('',(1.00174194074746E-5,0.0033513205847113,0.0167723634462222));
#1817=CARTESIAN_POINT('',(0.00505802629899361,0.00329787766274946,0.0168270780851645));
#1818=CARTESIAN_POINT('',(0.00336603836857955,0.00332669780921494,0.0168075946430564));
#1819=CARTESIAN_POINT('',(0.00168339638075896,0.00334415792161295,0.0167866198723076));
#1820=CARTESIAN_POINT('',(1.00502558573145E-5,0.00335032382806585,0.0167689131869983));
#1821=CARTESIAN_POINT('',(0.00505797665863905,0.00329877667829921,0.0168327188384137));
#1822=CARTESIAN_POINT('',(0.00505797666849064,0.00329877668368931,0.0168327189534758));
#1823=CARTESIAN_POINT('',(0.00517522403452152,0.00329684139317928,0.0168344573599176));
#1824=CARTESIAN_POINT('',(0.0054083850449359,0.00328339462011282,0.01683803342877));
#1825=CARTESIAN_POINT('',(0.00575641222888568,0.00340348412865106,0.0168399444923376));
#1826=CARTESIAN_POINT('',(0.00587645536258085,0.00375062194623343,0.0168380424692622));
#1827=CARTESIAN_POINT('',(0.00586318678641103,0.00398466024992601,0.0168344602288589));
#1828=CARTESIAN_POINT('',(0.00586125544055567,0.00410190748236422,0.0168327221496293));
#1829=CARTESIAN_POINT('',(0.00586125544650473,0.00410190748061016,0.0168327220271257));
#1830=CARTESIAN_POINT('',(0.00580985861603242,0.00914994980617824,0.0167689400462895));
#1831=CARTESIAN_POINT('',(0.00581635888653893,0.00745444062560905,0.0167869645169995));
#1832=CARTESIAN_POINT('',(0.00583376587255689,0.00577175927125406,0.0168078618186922));
#1833=CARTESIAN_POINT('',(0.00586215477559625,0.00410185783637712,0.0168270797653299));
#1834=CARTESIAN_POINT('',(0.00580870173701089,0.00914998693223556,0.0167728495978511));
#1835=CARTESIAN_POINT('',(0.00580829117025908,0.00915000000000231,0.0167741482884029));
#1836=CARTESIAN_POINT('',(0.00472130173934968,0.00915000000000206,0.0165760138444164));
#1837=CARTESIAN_POINT('',(0.00362414015140688,0.00915000000000182,0.0164337424080381));
#1838=CARTESIAN_POINT('',(0.00252258356363799,0.00915000000000157,0.0163478618939284));
#1839=CARTESIAN_POINT('',(9.99999999632605E-6,0.009150000000001,0.016250000000001));
#1840=CARTESIAN_POINT('',(0.000597739488579693,0.00915000000000113,0.0162500000000011));
#1841=CARTESIAN_POINT('',(0.00118547574846485,0.00915000000000126,0.0162660696721722));
#1842=CARTESIAN_POINT('',(0.00177233921919872,0.0091500000000014,0.0162981295563759));
#1843=CARTESIAN_POINT('',(9.99999999644463E-6,0.00862553984496535,0.016250000000001));
#1844=CARTESIAN_POINT('',(0.000597433485032502,0.00862584584851279,0.0162547519200238));
#1845=CARTESIAN_POINT('',(0.00118486406337328,0.00862615183271478,0.0162742218931799));
#1846=CARTESIAN_POINT('',(0.00177149523133852,0.00862645781493655,0.0163083377549244));
#1847=CARTESIAN_POINT('',(9.99999999656032E-6,0.00810108226914947,0.016262795723551));
#1848=CARTESIAN_POINT('',(0.000597127481485308,0.00810169398890994,0.0162710936917037));
#1849=CARTESIAN_POINT('',(0.0011842523400147,0.0081023057108128,0.0162927588319586));
#1850=CARTESIAN_POINT('',(0.00177065116203922,0.00810291744543293,0.0163277257320325));
#1851=CARTESIAN_POINT('',(9.99999999667298E-6,0.00757724511533192,0.0162883306510402));
#1852=CARTESIAN_POINT('',(0.000596821477938111,0.00757810409173738,0.016298974425001));
#1853=CARTESIAN_POINT('',(0.00118364059769096,0.00757896310491171,0.0163216347986887));
#1854=CARTESIAN_POINT('',(0.0017698070523786,0.0075798221496258,0.0163562528638631));
#1855=CARTESIAN_POINT('',(1.00012744120298E-5,0.00758662131950069,0.0162879434297134));
#1856=CARTESIAN_POINT('',(1.00008496067974E-5,0.00810734428581533,0.0162627719496832));
#1857=CARTESIAN_POINT('',(1.00004248015627E-5,0.00862867532124532,0.0162501805889142));
#1858=CARTESIAN_POINT('',(9.99999999632602E-6,0.00915000632074809,0.0162501840345621));
#1859=CARTESIAN_POINT('',(9.99999999667096E-6,0.00758661972054758,0.0162879102680982));
#1860=CARTESIAN_POINT('',(9.99999999632603E-6,0.00915000632196443,0.0162500923729892));
#1861=CARTESIAN_POINT('',(9.99999933160283E-6,0.00758662142614472,0.0162878749577987));
#1862=CARTESIAN_POINT('',(0.000593893326960601,0.00809080188665591,0.0162740347287026));
#1863=CARTESIAN_POINT('',(0.00117799536516128,0.0085951625651103,0.0162770844064129));
#1864=CARTESIAN_POINT('',(0.00176175714558962,0.00909922943718835,0.0162985728183779));
#1865=CARTESIAN_POINT('',(0.00176175714558962,0.00909922943718835,0.0162985728183779));
#1866=CARTESIAN_POINT('',(0.00176175714558962,0.00909922943718835,0.0162985728183779));
#1867=CARTESIAN_POINT('',(0.00174318796562508,0.00911615181724448,0.0162972086846385));
#1868=CARTESIAN_POINT('',(0.00172461754405021,0.00913307532879926,0.0162958762324254));
#1869=CARTESIAN_POINT('',(0.00170604585140066,0.00914999999870398,0.0162945762135648));
#1870=CARTESIAN_POINT('',(0.0017060409389663,0.00915000447548114,0.0162945760408787));
#1871=CARTESIAN_POINT('',(0.00170604108830764,0.00914999999999992,0.0162945759631377));
#1872=CARTESIAN_POINT('',(0.00114117798964738,0.00914999999999951,0.0162648803827041));
#1873=CARTESIAN_POINT('',(0.000575388748524457,0.00915000000004779,0.0162500000000011));
#1874=CARTESIAN_POINT('',(9.99975412938341E-6,0.00915000000000096,0.016250000000001));
#1875=CARTESIAN_POINT('',(9.99999999633404E-6,0.00911466584052329,0.016250000000001));
#1876=CARTESIAN_POINT('',(0.0019736224444726,0.00911473471631641,0.016248930429857));
#1877=CARTESIAN_POINT('',(0.00393720861026262,0.00911480357756242,0.0164282360696508));
#1878=CARTESIAN_POINT('',(0.00586815045281419,0.00911487246788642,0.0167849356505734));
#1879=CARTESIAN_POINT('',(9.99999999633138E-6,0.00912644389368253,0.016250000000001));
#1880=CARTESIAN_POINT('',(0.00197359948587503,0.00912648981087809,0.0162492869532385));
#1881=CARTESIAN_POINT('',(0.00393716277377922,0.00912653571837558,0.0164286103260277));
#1882=CARTESIAN_POINT('',(0.00586814299713831,0.00912658164525839,0.0167849949589133));
#1883=CARTESIAN_POINT('',(9.99999999632871E-6,0.00913822194684176,0.016250000000001));
#1884=CARTESIAN_POINT('',(0.00197357652727747,0.00913824490543977,0.01624964347662));
#1885=CARTESIAN_POINT('',(0.00393711693729581,0.00913826785918873,0.0164289845824046));
#1886=CARTESIAN_POINT('',(0.00586813554146243,0.00913829082263035,0.0167850542672533));
#1887=CARTESIAN_POINT('',(9.99999999632605E-6,0.009150000000001,0.016250000000001));
#1888=CARTESIAN_POINT('',(0.00197355356867991,0.00915000000000144,0.0162500000000015));
#1889=CARTESIAN_POINT('',(0.00393707110081241,0.00915000000000189,0.0164293588387815));
#1890=CARTESIAN_POINT('',(0.00586812808578655,0.00915000000000232,0.0167851135755933));
#1891=CARTESIAN_POINT('',(9.99999999588221E-6,0.011113073326433,0.016250000000001));
#1892=CARTESIAN_POINT('',(0.0019697270100901,0.0111092467678441,0.0163094225149965));
#1893=CARTESIAN_POINT('',(0.00392943143602826,0.011105421017455,0.0164917369500708));
#1894=CARTESIAN_POINT('',(0.00586688543233157,0.0111015936515679,0.0167949986235397));
#1895=CARTESIAN_POINT('',(9.99999999539784E-6,0.0130761105171715,0.0164292721779684));
#1896=CARTESIAN_POINT('',(0.00196590045150026,0.0130684708490981,0.0164916745961741));
#1897=CARTESIAN_POINT('',(0.0039217857872907,0.0130608264121668,0.0166206174205746));
#1898=CARTESIAN_POINT('',(0.00586564225601338,0.0130531849784137,0.0168148903801359));
#1899=CARTESIAN_POINT('',(9.99999999488094E-6,0.0150067111966676,0.0167848525814534));
#1900=CARTESIAN_POINT('',(0.00196207389291039,0.0150054635461904,0.0167947785825015));
#1901=CARTESIAN_POINT('',(0.00391414545220057,0.0150042153745912,0.0168147575762916));
#1902=CARTESIAN_POINT('',(0.00586439954398869,0.0150029676597142,0.0168446069310186));
#1903=CARTESIAN_POINT('',(0.00252258355716157,0.00915000358645074,0.0163478619769989));
#1904=CARTESIAN_POINT('',(0.00168522475388346,0.0099131015767484,0.0163003616612665));
#1905=CARTESIAN_POINT('',(0.000847692644899429,0.0106763575032084,0.0162958852069832));
#1906=CARTESIAN_POINT('',(9.99999530841704E-6,0.0114397597327993,0.0163312636253061));
#1907=CARTESIAN_POINT('',(9.99999999578953E-6,0.0114397602772497,0.0163312869372591));
#1908=CARTESIAN_POINT('',(0.00586215477545011,0.0141981421550569,0.0168270797652315));
#1909=CARTESIAN_POINT('',(0.00583376586482402,0.0125282402717162,0.0168078618134263));
#1910=CARTESIAN_POINT('',(0.00581635885380029,0.0108455519657396,0.0167869644417782));
#1911=CARTESIAN_POINT('',(0.0058098585375923,0.00915002933049196,0.0167689398249626));
#1912=CARTESIAN_POINT('',(0.00586125544636067,0.014198092510788,0.0168327220269981));
#1913=CARTESIAN_POINT('',(0.00586125544055339,0.0141980925176404,0.0168327221496293));
#1914=CARTESIAN_POINT('',(0.00586318678640869,0.0143153397500786,0.0168344602288589));
#1915=CARTESIAN_POINT('',(0.0058764553625784,0.0145493780537712,0.0168380424692622));
#1916=CARTESIAN_POINT('',(0.00575641222888308,0.0148965158713535,0.0168399444923376));
#1917=CARTESIAN_POINT('',(0.00540838504493324,0.0150166053798916,0.01683803342877));
#1918=CARTESIAN_POINT('',(0.00517522403451887,0.0150031586068251,0.0168344573599176));
#1919=CARTESIAN_POINT('',(0.00505797666848799,0.015001223316315,0.0168327189534758));
#1920=CARTESIAN_POINT('',(0.0050579766700994,0.0150012233218943,0.0168327188385837));
#1921=CARTESIAN_POINT('',(1.00503294618041E-5,0.0149495896308503,0.0167688871437747));
#1922=CARTESIAN_POINT('',(0.00171646792002011,0.0149563802718957,0.0167870975119038));
#1923=CARTESIAN_POINT('',(0.00339911096967734,0.0149738655264355,0.0168079754780227));
#1924=CARTESIAN_POINT('',(0.00505802631045406,0.0150021223374408,0.0168270780853268));
#1925=CARTESIAN_POINT('',(1.0025175995954E-5,0.0149488728827333,0.0167715168271558));
#1926=CARTESIAN_POINT('',(9.99999999578997E-6,0.0114397597295518,0.0163312946560864));
#1927=CARTESIAN_POINT('',(9.9999999955051E-6,0.0126161506821898,0.0164147667792788));
#1928=CARTESIAN_POINT('',(9.99999999520656E-6,0.0137873021802906,0.0165641300227786));
#1929=CARTESIAN_POINT('',(9.99999999489655E-6,0.0149483859923426,0.0167741880902593));
#1930=CARTESIAN_POINT('',(9.99999999632605E-6,0.009150000000001,0.016250000000001));
#1931=CARTESIAN_POINT('',(0.000579001949759488,0.00915000000000113,0.0162500000000011));
#1932=CARTESIAN_POINT('',(0.00114800087340909,0.00915000000000126,0.0162650613806516));
#1933=CARTESIAN_POINT('',(0.00171620775381593,0.00915000000000139,0.0162951120418356));
#1934=CARTESIAN_POINT('',(9.99999999620882E-6,0.00966850281779827,0.016250000000001));
#1935=CARTESIAN_POINT('',(0.000578709066892647,0.00966820993493168,0.0162545481693636));
#1936=CARTESIAN_POINT('',(0.00114741540604626,0.00966791706999075,0.0162729052973709));
#1937=CARTESIAN_POINT('',(0.0017153955372071,0.00966762420739769,0.0163050058285481));
#1938=CARTESIAN_POINT('',(9.99999999608876E-6,0.0101870031146377,0.0162625066815689));
#1939=CARTESIAN_POINT('',(0.000578416184025803,0.0101864176207945,0.0162704619633976));
#1940=CARTESIAN_POINT('',(0.00114682990362765,0.0101858321253961,0.016290974457941));
#1941=CARTESIAN_POINT('',(0.00171458324501891,0.0101852466187097,0.0163239846724972));
#1942=CARTESIAN_POINT('',(9.99999999596602E-6,0.0107049038636999,0.0162874654293159));
#1943=CARTESIAN_POINT('',(0.000578123301158956,0.0107040804510152,0.01629769203319));
#1944=CARTESIAN_POINT('',(0.00114624438363452,0.0107032570049698,0.0163192243910705));
#1945=CARTESIAN_POINT('',(0.00171377091494047,0.010702433529823,0.0163520088499163));
#1946=CARTESIAN_POINT('',(9.99824115163029E-6,0.0106956343405795,0.0162870200121987));
#1947=CARTESIAN_POINT('',(0.000575305353389458,0.010180461251623,0.0162725151463081));
#1948=CARTESIAN_POINT('',(0.00114082220081603,0.00966509702776882,0.0162747127455008));
#1949=CARTESIAN_POINT('',(0.00170604093896632,0.00915000447548115,0.0162945760408787));
#1950=CARTESIAN_POINT('',(9.99999999596821E-6,0.0106956349614029,0.0162870665099228));
#1951=CARTESIAN_POINT('',(9.99999999632602E-6,0.00915000632076621,0.0162501840345621));
#1952=CARTESIAN_POINT('',(1.00005557110369E-5,0.00966541116582765,0.0162501874410424));
#1953=CARTESIAN_POINT('',(1.00011114257457E-5,0.0101808158848407,0.01626250088805));
#1954=CARTESIAN_POINT('',(1.00016671404526E-5,0.0106956328710973,0.0162871103371725));
#1955=CARTESIAN_POINT('',(5.9999999910043E-6,0.00914979234298687,0.0486252971025777));
#1956=CARTESIAN_POINT('',(0.00182031424098285,0.00914979234298732,0.048625297102578));
#1957=CARTESIAN_POINT('',(-1.00000002364317E-5,0.00756935265330311,0.0162887335069906));
#1958=CARTESIAN_POINT('',(0.00170627371511493,0.0091497923429873,0.048625297102578));
#1959=CARTESIAN_POINT('',(-1.00000002278054E-5,0.0107138579484305,0.0162879209898138));
#1960=CARTESIAN_POINT('',(-1.00000000040361E-5,0.0107138547806576,0.0162879865325311));
#1961=CARTESIAN_POINT('',(-1.00000000039134E-5,0.0101929757512916,0.0162627931163181));
#1962=CARTESIAN_POINT('',(-1.00000000037927E-5,0.00967148793962965,0.0162501873793895));
#1963=CARTESIAN_POINT('',(-1.0000000003674E-5,0.00914999999974756,0.016250184034521));
#1964=CARTESIAN_POINT('',(-1.0000000003674E-5,0.00915000000092797,0.0162500923729446));
#1965=CARTESIAN_POINT('',(-1.0000000003674E-5,0.00914999999974756,0.016250184034521));
#1966=CARTESIAN_POINT('',(-1.00000000035556E-5,0.0086229088907478,0.0162501806537132));
#1967=CARTESIAN_POINT('',(-1.00000000034393E-5,0.00809581774915672,0.0162630519887829));
#1968=CARTESIAN_POINT('',(-1.00000000033253E-5,0.00756935505524253,0.0162887826925166));
#1969=CARTESIAN_POINT('',(1.01686926982764E-5,0.00693043768284812,0.0163263619453507));
#1970=CARTESIAN_POINT('',(-1.00000000032444E-5,0.00693043768284811,0.0163263619453507));
#1971=CARTESIAN_POINT('',(1.01686926983801E-5,0.00643800348275822,0.0163602197406904));
#1972=CARTESIAN_POINT('',(-1.00000000031407E-5,0.00643800348275821,0.0163602197406904));
#1973=CARTESIAN_POINT('',(1.01686926985315E-5,0.00570051172601731,0.0164279592407383));
#1974=CARTESIAN_POINT('',(-1.00000000029893E-5,0.00570051172601731,0.0164279592407383));
#1975=CARTESIAN_POINT('',(1.01686926987008E-5,0.00484347461561204,0.0165365449272566));
#1976=CARTESIAN_POINT('',(-1.00000000028201E-5,0.00484347461561203,0.0165365449272566));
#1977=CARTESIAN_POINT('',(1.01686926987952E-5,0.00435507804594475,0.0166072228917336));
#1978=CARTESIAN_POINT('',(-1.00000000027256E-5,0.00435507804594474,0.0166072228917336));
#1979=CARTESIAN_POINT('',(1.01686926988652E-5,0.00398900432714436,0.0166638988124259));
#1980=CARTESIAN_POINT('',(-1.00000000026557E-5,0.00398900432714435,0.0166638988124259));
#1981=CARTESIAN_POINT('',(1.0168692698922E-5,0.00368562273593888,0.0167159144556465));
#1982=CARTESIAN_POINT('',(-1.00000000025988E-5,0.00368562273593887,0.0167159144556465));
#1983=CARTESIAN_POINT('',(1.01686926989683E-5,0.00344056487552381,0.016756267167207));
#1984=CARTESIAN_POINT('',(-1.00000000025526E-5,0.0034405648755238,0.016756267167207));
#1985=CARTESIAN_POINT('',(1.01686926989991E-5,0.00326416502287831,0.0167962944344316));
#1986=CARTESIAN_POINT('',(-1.00000000025217E-5,0.00326416502287831,0.0167962944344316));
#1987=CARTESIAN_POINT('',(1.016869269905E-5,0.00303610723365787,0.016799384173746));
#1988=CARTESIAN_POINT('',(-1.00000000024709E-5,0.00303610723365787,0.016799384173746));
#1989=CARTESIAN_POINT('',(1.01686926991261E-5,0.00281324736000082,0.0166855819568295));
#1990=CARTESIAN_POINT('',(-1.00000000023947E-5,0.00281324736000082,0.0166855819568295));
#1991=CARTESIAN_POINT('',(1.01686926991894E-5,0.0026866606435064,0.0165322333524425));
#1992=CARTESIAN_POINT('',(-1.00000000023314E-5,0.0026866606435064,0.0165322333524425));
#1993=CARTESIAN_POINT('',(1.01686926992641E-5,0.00254147540530389,0.0163471998900424));
#1994=CARTESIAN_POINT('',(-1.00000000022568E-5,0.00254147540530388,0.0163471998900424));
#1995=CARTESIAN_POINT('',(1.01686926993603E-5,0.0023581610660883,0.0161047214647055));
#1996=CARTESIAN_POINT('',(-1.00000000021605E-5,0.0023581610660883,0.0161047214647055));
#1997=CARTESIAN_POINT('',(1.01686926995121E-5,0.00208009180970173,0.0157115762909539));
#1998=CARTESIAN_POINT('',(-1.00000000020088E-5,0.00208009180970172,0.0157115762909539));
#1999=CARTESIAN_POINT('',(1.01686926997015E-5,0.00175306017893149,0.01520093237366));
#2000=CARTESIAN_POINT('',(-1.00000000018194E-5,0.00175306017893148,0.01520093237366));
#2001=CARTESIAN_POINT('',(1.01686926999271E-5,0.00139857625195541,0.0145575153557722));
#2002=CARTESIAN_POINT('',(-1.00000000015938E-5,0.0013985762519554,0.0145575153557722));
#2003=CARTESIAN_POINT('',(1.01686927002261E-5,0.000977249867525855,0.0136562550961939));
#2004=CARTESIAN_POINT('',(-1.00000000012947E-5,0.00097724986752585,0.0136562550961939));
#2005=CARTESIAN_POINT('',(1.0168692700744E-5,0.000383595170000772,0.0119596940511367));
#2006=CARTESIAN_POINT('',(-1.00000000007769E-5,0.000383595170000767,0.0119596940511367));
#2007=CARTESIAN_POINT('',(1.01686927011788E-5,0.000108032643400675,0.010311725153014));
#2008=CARTESIAN_POINT('',(-1.0000000000342E-5,0.00010803264340067,0.010311725153014));
#2009=CARTESIAN_POINT('',(1.01686927014659E-5,1.00003321422106E-15,0.009150000000001));
#2010=CARTESIAN_POINT('',(-1.00000000000549E-5,9.94941371765918E-16,0.009150000000001));
#2011=CARTESIAN_POINT('',(-9.99998974577684E-6,0.00684308878810852,0.0163324866613812));
#2012=CARTESIAN_POINT('',(-6.6036697734267E-6,0.00684575290823377,0.0163322962299471));
#2013=CARTESIAN_POINT('',(-3.27027942744103E-6,0.00684849676243126,0.0163321004309425));
#2014=CARTESIAN_POINT('',(9.23307013816563E-19,0.0068513205847113,0.0163318993091636));
#2015=CARTESIAN_POINT('',(-1.0000000003171E-5,0.00684308878006249,0.016332486348915));
#2016=CARTESIAN_POINT('',(3.79470760369927E-19,0.0068513205847113,0.0163318993091636));
#2017=CARTESIAN_POINT('',(-1.0000000003171E-5,0.00684308880231693,0.0163324866603656));
#2018=CARTESIAN_POINT('',(-1.00000000029253E-5,0.00567253006396586,0.0164161582545112));
#2019=CARTESIAN_POINT('',(-1.00000000026955E-5,0.00450715568110797,0.0165650812797347));
#2020=CARTESIAN_POINT('',(-1.00000000024815E-5,0.00335188494865573,0.0167740363521457));
#2021=CARTESIAN_POINT('',(-9.99988350313835E-6,0.00335189201962505,0.0167740749720653));
#2022=CARTESIAN_POINT('',(-9.99663733686057E-6,0.00268130979779378,0.0165202774482463));
#2023=CARTESIAN_POINT('',(-9.08390576903301E-6,0.00281848468132977,0.0167357350593971));
#2024=CARTESIAN_POINT('',(-8.51077570564533E-6,0.00310575536858964,0.01684248573386));
#2025=CARTESIAN_POINT('',(-1.00483245605614E-5,0.00335033765834498,0.016768909007509));
#2026=CARTESIAN_POINT('',(-1.00000016258281E-5,0.00267909943755222,0.0165216847272827));
#2027=CARTESIAN_POINT('',(-1.00000000022723E-5,0.00267919304578053,0.0165216094860696));
#2028=CARTESIAN_POINT('',(-1.00000000018802E-5,0.00191062230173379,0.015559006529832));
#2029=CARTESIAN_POINT('',(-1.00000000011082E-5,0.0006620372068794,0.0133999737759146));
#2030=CARTESIAN_POINT('',(-1.00000000003632E-5,0.000138107080323168,0.0106351295309511));
#2031=CARTESIAN_POINT('',(-9.99999999999544E-6,9.94941371765933E-16,0.009150000000001));
#2032=CARTESIAN_POINT('',(-1.00000007624969E-5,3.30615743115991E-13,0.00915000000354551));
#2033=CARTESIAN_POINT('',(1.00000000000039E-5,1.03891671916717E-15,0.00915000000000104));
#2034=CARTESIAN_POINT('',(3.33333333333725E-6,1.03740940437694E-15,0.00915000000000104));
#2035=CARTESIAN_POINT('',(-3.33333333332944E-6,1.03590208958671E-15,0.00915000000000104));
#2036=CARTESIAN_POINT('',(-9.99999999999612E-6,1.03439477479647E-15,0.00915000000000103));
#2037=CARTESIAN_POINT('',(1.00000007608322E-5,3.30619212562944E-13,0.00915000000354552));
#2038=CARTESIAN_POINT('',(9.99999999999569E-6,9.99990625607516E-16,0.009150000000001));
#2039=CARTESIAN_POINT('',(9.9999999996294E-6,0.000138109169349757,0.0106351519952235));
#2040=CARTESIAN_POINT('',(9.99999999888725E-6,0.000662079418483565,0.01340009120351));
#2041=CARTESIAN_POINT('',(9.9999999981183E-6,0.00191061611533289,0.0155589728334537));
#2042=CARTESIAN_POINT('',(9.99999999772758E-6,0.00267926280173451,0.0165216968536873));
#2043=CARTESIAN_POINT('',(9.9989275364059E-6,0.0026798477224996,0.0165212306986987));
#2044=CARTESIAN_POINT('',(1.00484022852651E-5,0.00335028620258653,0.0167689244880386));
#2045=CARTESIAN_POINT('',(8.51113085691311E-6,0.00310572038651235,0.0168424720178088));
#2046=CARTESIAN_POINT('',(9.08406354878264E-6,0.00281848866385201,0.0167357261699245));
#2047=CARTESIAN_POINT('',(9.99656356952206E-6,0.00268131990904633,0.0165202933292986));
#2048=CARTESIAN_POINT('',(2.16840434496904E-19,0.0068513205847113,0.0163318993091636));
#2049=CARTESIAN_POINT('',(3.33331975653143E-6,0.00685419884108169,0.0163316943104124));
#2050=CARTESIAN_POINT('',(6.66665308903635E-6,0.00685707710917468,0.01633148969848));
#2051=CARTESIAN_POINT('',(9.99999999682501E-6,0.00685995538898965,0.0163312854733468));
#2052=CARTESIAN_POINT('',(1.01701568407916E-5,0.018300000000001,0.009150000000001));
#2053=CARTESIAN_POINT('',(-1.00000163808545E-5,0.018300000000001,0.009150000000001));
#2054=CARTESIAN_POINT('',(1.01701568405534E-5,0.0181919644198494,0.0103117567332705));
#2055=CARTESIAN_POINT('',(-1.00000163810927E-5,0.0181919644198494,0.0103117567332705));
#2056=CARTESIAN_POINT('',(1.01701568402428E-5,0.0179167617238556,0.011960587688651));
#2057=CARTESIAN_POINT('',(-1.00000163814033E-5,0.0179167617238556,0.011960587688651));
#2058=CARTESIAN_POINT('',(1.01701568399938E-5,0.0173225538591365,0.0136561267253519));
#2059=CARTESIAN_POINT('',(-1.00000163816523E-5,0.0173225538591365,0.0136561267253519));
#2060=CARTESIAN_POINT('',(1.01701568398856E-5,0.0169008828310264,0.0145566708517027));
#2061=CARTESIAN_POINT('',(-1.00000163817606E-5,0.0169008828310264,0.0145566708517027));
#2062=CARTESIAN_POINT('',(1.01701568398202E-5,0.0165465291576141,0.0152002467613164));
#2063=CARTESIAN_POINT('',(-1.00000163818259E-5,0.0165465291576141,0.0152002467613164));
#2064=CARTESIAN_POINT('',(1.01701568397784E-5,0.0162199154830414,0.0157116197889758));
#2065=CARTESIAN_POINT('',(-1.00000163818677E-5,0.0162199154830414,0.0157116197889758));
#2066=CARTESIAN_POINT('',(1.01701568397523E-5,0.0159420103168516,0.0161051173442742));
#2067=CARTESIAN_POINT('',(-1.00000163818938E-5,0.0159420103168516,0.0161051173442742));
#2068=CARTESIAN_POINT('',(1.01701568397389E-5,0.0157586903111376,0.0163476769591895));
#2069=CARTESIAN_POINT('',(-1.00000163819072E-5,0.0157586903111376,0.0163476769591894));
#2070=CARTESIAN_POINT('',(1.017015683973E-5,0.0156133505996894,0.0165325118070651));
#2071=CARTESIAN_POINT('',(-1.00000163819161E-5,0.0156133505996894,0.0165325118070651));
#2072=CARTESIAN_POINT('',(1.0170156839724E-5,0.0154866816239343,0.0166858927158424));
#2073=CARTESIAN_POINT('',(-1.00000163819221E-5,0.0154866816239343,0.0166858927158424));
#2074=CARTESIAN_POINT('',(1.01701568397487E-5,0.0152637240461031,0.0167995749899392));
#2075=CARTESIAN_POINT('',(-1.00000163818974E-5,0.0152637240461031,0.0167995749899392));
#2076=CARTESIAN_POINT('',(1.01701568398009E-5,0.0150357320479974,0.016796369336951));
#2077=CARTESIAN_POINT('',(-1.00000163818452E-5,0.0150357320479974,0.016796369336951));
#2078=CARTESIAN_POINT('',(1.01701568398499E-5,0.0148593356197075,0.0167563536334549));
#2079=CARTESIAN_POINT('',(-1.00000163817962E-5,0.0148593356197075,0.0167563536334549));
#2080=CARTESIAN_POINT('',(1.01701568399144E-5,0.0146142595080189,0.0167159887839834));
#2081=CARTESIAN_POINT('',(-1.00000163817317E-5,0.0146142595080189,0.0167159887839834));
#2082=CARTESIAN_POINT('',(1.01701568399948E-5,0.0143108593256195,0.016663963619594));
#2083=CARTESIAN_POINT('',(-1.00000163816514E-5,0.0143108593256195,0.016663963619594));
#2084=CARTESIAN_POINT('',(1.01701568400903E-5,0.0139447583753364,0.0166072708304064));
#2085=CARTESIAN_POINT('',(-1.00000163815558E-5,0.0139447583753364,0.0166072708304064));
#2086=CARTESIAN_POINT('',(1.01701568402167E-5,0.0134563275054264,0.0165365733056638));
#2087=CARTESIAN_POINT('',(-1.00000163814294E-5,0.0134563275054264,0.0165365733056638));
#2088=CARTESIAN_POINT('',(1.0170156840435E-5,0.012599244249504,0.0164279706147496));
#2089=CARTESIAN_POINT('',(-1.00000163812111E-5,0.012599244249504,0.0164279706147496));
#2090=CARTESIAN_POINT('',(1.01701568406171E-5,0.0118617266496246,0.0163602309297952));
#2091=CARTESIAN_POINT('',(-1.0000016381029E-5,0.0118617266496246,0.0163602309297952));
#2092=CARTESIAN_POINT('',(1.01701568407361E-5,0.011369274916693,0.0163263707923996));
#2093=CARTESIAN_POINT('',(-1.000001638091E-5,0.011369274916693,0.0163263707923996));
#2094=CARTESIAN_POINT('',(9.99999999578418E-6,0.0114397597285276,0.0163312946560137));
#2095=CARTESIAN_POINT('',(6.66665144777462E-6,0.0114427974604628,0.0163315102016481));
#2096=CARTESIAN_POINT('',(3.33331811558527E-6,0.0114458351785316,0.0163317261780349));
#2097=CARTESIAN_POINT('',(-5.558315934313E-19,0.0114488728827333,0.0163319425851965));
#2098=CARTESIAN_POINT('',(0.,0.0114488728827333,0.0163319425851965));
#2099=CARTESIAN_POINT('',(9.99634809889111E-6,0.0156186663067518,0.0165203149775252));
#2100=CARTESIAN_POINT('',(9.08423116804878E-6,0.0154814823514097,0.0167357510461567));
#2101=CARTESIAN_POINT('',(8.51182078597981E-6,0.0151942269330634,0.0168424824830273));
#2102=CARTESIAN_POINT('',(1.00498575959532E-5,0.014949657952905,0.0167689077015009));
#2103=CARTESIAN_POINT('',(9.99887947331088E-6,0.0156201990138137,0.0165212909753113));
#2104=CARTESIAN_POINT('',(9.99999999480149E-6,0.0156208982773776,0.0165218484626949));
#2105=CARTESIAN_POINT('',(9.99999999484422E-6,0.0163903375112076,0.015560101481596));
#2106=CARTESIAN_POINT('',(9.99999999504924E-6,0.0176374154837627,0.0133995839639731));
#2107=CARTESIAN_POINT('',(9.99999999555427E-6,0.018161891042604,0.0106351497160076));
#2108=CARTESIAN_POINT('',(9.99999999585811E-6,0.018300000000001,0.009150000000001));
#2109=CARTESIAN_POINT('',(1.00000007583613E-5,0.0182999999996714,0.00915000000354552));
#2110=CARTESIAN_POINT('',(-1.00000000041343E-5,0.018300000000001,0.00915000000000103));
#2111=CARTESIAN_POINT('',(-3.33333333746762E-6,0.018300000000001,0.00915000000000104));
#2112=CARTESIAN_POINT('',(3.33333332919906E-6,0.018300000000001,0.00915000000000104));
#2113=CARTESIAN_POINT('',(9.99999999586575E-6,0.018300000000001,0.00915000000000104));
#2114=CARTESIAN_POINT('',(-1.00000007666344E-5,0.0182999999996714,0.00915000000354551));
#2115=CARTESIAN_POINT('',(-1.0000000004133E-5,0.018300000000001,0.009150000000001));
#2116=CARTESIAN_POINT('',(-1.00000000044383E-5,0.0181618933205764,0.0106351252199135));
#2117=CARTESIAN_POINT('',(-1.00000000049463E-5,0.017637456077675,0.0133994651057793));
#2118=CARTESIAN_POINT('',(-1.00000000051542E-5,0.0163903417074757,0.0155601199916034));
#2119=CARTESIAN_POINT('',(-1.00000000051984E-5,0.0156209744209444,0.0165217532899059));
#2120=CARTESIAN_POINT('',(-1.00000123562301E-5,0.0156209830706698,0.0165217602102318));
#2121=CARTESIAN_POINT('',(-1.00496408562434E-5,0.014949699742294,0.0167689202719441));
#2122=CARTESIAN_POINT('',(-8.51182972003735E-6,0.0151942682740309,0.0168424752324854));
#2123=CARTESIAN_POINT('',(-9.08431933150586E-6,0.0154815083845106,0.0167357304456284));
#2124=CARTESIAN_POINT('',(-9.99639798476267E-6,0.015618679852124,0.0165202937047349));
#2125=CARTESIAN_POINT('',(-1.00000081934618E-5,0.0149481310981396,0.0167741305174274));
#2126=CARTESIAN_POINT('',(-1.00000000051034E-5,0.0149481290901427,0.0167741416183438));
#2127=CARTESIAN_POINT('',(-1.0000000004795E-5,0.0137930686824268,0.016565207726853));
#2128=CARTESIAN_POINT('',(-1.00000000044979E-5,0.0126278801366425,0.0164162535443528));
#2129=CARTESIAN_POINT('',(-1.00000000042144E-5,0.0114575525100099,0.0163325621000492));
#2130=CARTESIAN_POINT('',(-1.00000000042143E-5,0.0114575541026588,0.0163325398218943));
#2131=CARTESIAN_POINT('',(-1.35525271561082E-19,0.0114488728827333,0.0163319425851965));
#2132=CARTESIAN_POINT('',(-3.26528711783908E-6,0.0114518485892376,0.0163321545756193));
#2133=CARTESIAN_POINT('',(-6.59868856716753E-6,0.0114547424226486,0.0163323611473567));
#2134=CARTESIAN_POINT('',(-1.00000000040739E-5,0.0114575546332187,0.0163325622518824));
#2135=CARTESIAN_POINT('',(-1.00000000036739E-5,0.009150000000001,0.016250000000001));
#2136=CARTESIAN_POINT('',(-0.00197355356868726,0.00915000000000055,0.0162500000000006));
#2137=CARTESIAN_POINT('',(-0.00393707110081984,0.00915000000000011,0.0164293588387798));
#2138=CARTESIAN_POINT('',(-0.00586812808579414,0.00914999999999967,0.0167851135755906));
#2139=CARTESIAN_POINT('',(-1.00000000032301E-5,0.00718692667356896,0.016250000000001));
#2140=CARTESIAN_POINT('',(-0.00196972701009748,0.00719075323215788,0.0163094225149956));
#2141=CARTESIAN_POINT('',(-0.00392943143603572,0.007194578982547,0.016491736950069));
#2142=CARTESIAN_POINT('',(-0.00586688543233917,0.00719840634843406,0.0167949986235371));
#2143=CARTESIAN_POINT('',(-1.00000000028268E-5,0.00522388948283048,0.0164292721779684));
#2144=CARTESIAN_POINT('',(-0.00196590045150772,0.00523152915090388,0.0164916745961732));
#2145=CARTESIAN_POINT('',(-0.00392178578729822,0.00523917358783522,0.0166206174205728));
#2146=CARTESIAN_POINT('',(-0.00586564225602098,0.00524681502158826,0.0168148903801333));
#2147=CARTESIAN_POINT('',(-1.00000000024707E-5,0.00329328880333444,0.0167848525814534));
#2148=CARTESIAN_POINT('',(-0.00196207389291798,0.00329453645381157,0.0167947785825006));
#2149=CARTESIAN_POINT('',(-0.00391414545220818,0.00329578462541075,0.0168147575762898));
#2150=CARTESIAN_POINT('',(-0.00586439954399631,0.00329703234028784,0.0168446069310159));
#2151=CARTESIAN_POINT('',(-1.00000004695381E-5,0.00756935181726118,0.0162887163836445));
#2152=CARTESIAN_POINT('',(-0.000126531184569117,0.00746872942052681,0.0162957750106051));
#2153=CARTESIAN_POINT('',(-0.000243013575583296,0.00736814915660918,0.0163040460100642));
#2154=CARTESIAN_POINT('',(-0.000359453745984378,0.00726760534842215,0.0163133577169902));
#2155=CARTESIAN_POINT('',(-0.000359453745984378,0.00726760534842215,0.0163133577169902));
#2156=CARTESIAN_POINT('',(-1.00000000036739E-5,0.009150000000001,0.016250000000001));
#2157=CARTESIAN_POINT('',(-0.00195327578518467,0.00915000000000056,0.0162500000000006));
#2158=CARTESIAN_POINT('',(-0.00389651627427642,0.00915000000000012,0.0164256734594163));
#2159=CARTESIAN_POINT('',(-0.00580829117026667,0.00914999999999968,0.0167741482884003));
#2160=CARTESIAN_POINT('',(-0.00580870173701847,0.00914998693223294,0.0167728495978485));
#2161=CARTESIAN_POINT('',(-0.00586215477545772,0.00410185784494519,0.0168270797652289));
#2162=CARTESIAN_POINT('',(-0.00583376587250393,0.00577175927698265,0.0168078618186174));
#2163=CARTESIAN_POINT('',(-0.00581635888653474,0.00745444062848082,0.0167869645169663));
#2164=CARTESIAN_POINT('',(-0.00580985861604,0.00914994980617562,0.0167689400462868));
#2165=CARTESIAN_POINT('',(-0.00586125544636828,0.00410190748921403,0.0168327220269954));
#2166=CARTESIAN_POINT('',(-0.005861255440561,0.00410190748236157,0.0168327221496266));
#2167=CARTESIAN_POINT('',(-0.00586318678641631,0.00398466024992336,0.0168344602288563));
#2168=CARTESIAN_POINT('',(-0.00587645536258602,0.00375062194623078,0.0168380424692596));
#2169=CARTESIAN_POINT('',(-0.0057564122288907,0.00340348412864846,0.0168399444923349));
#2170=CARTESIAN_POINT('',(-0.00540838504494086,0.00328339462011037,0.0168380334287676));
#2171=CARTESIAN_POINT('',(-0.00517522403452649,0.00329684139317694,0.0168344573599152));
#2172=CARTESIAN_POINT('',(-0.00505797666849561,0.00329877668368702,0.0168327189534735));
#2173=CARTESIAN_POINT('',(-0.00505797667010701,0.00329877667810772,0.0168327188385814));
#2174=CARTESIAN_POINT('',(-1.00492152671346E-5,0.00335036947107559,0.0167688994429792));
#2175=CARTESIAN_POINT('',(-0.00170065384472597,0.00334387722999788,0.0167868690530929));
#2176=CARTESIAN_POINT('',(-0.00338329674794659,0.00332640384202908,0.0168077933753784));
#2177=CARTESIAN_POINT('',(-0.00505802631046167,0.00329787766256116,0.0168270780853245));
#2178=CARTESIAN_POINT('',(-0.000359453745984378,0.00726760534842215,0.0163133577169902));
#2179=CARTESIAN_POINT('',(-0.000467750988277709,0.00717409279928366,0.0163220182348997));
#2180=CARTESIAN_POINT('',(-0.000489441299954742,0.00680556118021919,0.0163473636596169));
#2181=CARTESIAN_POINT('',(-0.000122571001129697,0.00675478654623722,0.016341344816695));
#2182=CARTESIAN_POINT('',(-1.0000000003171E-5,0.00684308878006249,0.016332486348915));
#2183=CARTESIAN_POINT('',(-1.00000000036739E-5,0.009150000000001,0.016250000000001));
#2184=CARTESIAN_POINT('',(-0.00197355356868726,0.00915000000000055,0.0162500000000006));
#2185=CARTESIAN_POINT('',(-0.00393707110081984,0.00915000000000011,0.0164293588387798));
#2186=CARTESIAN_POINT('',(-0.00586812808579414,0.00914999999999967,0.0167851135755906));
#2187=CARTESIAN_POINT('',(-1.00000000041178E-5,0.011113073326433,0.016250000000001));
#2188=CARTESIAN_POINT('',(-0.00196972701009836,0.0111092467678432,0.0163094225149956));
#2189=CARTESIAN_POINT('',(-0.0039294314360366,0.0111054210174532,0.016491736950069));
#2190=CARTESIAN_POINT('',(-0.00586688543234005,0.0111015936515653,0.0167949986235371));
#2191=CARTESIAN_POINT('',(-1.00000000046022E-5,0.0130761105171715,0.0164292721779684));
#2192=CARTESIAN_POINT('',(-0.00196590045150949,0.0130684708490972,0.0164916745961732));
#2193=CARTESIAN_POINT('',(-0.00392178578729998,0.013060826412165,0.0166206174205728));
#2194=CARTESIAN_POINT('',(-0.00586564225602274,0.0130531849784111,0.0168148903801333));
#2195=CARTESIAN_POINT('',(-1.00000000051191E-5,0.0150067111966676,0.0167848525814534));
#2196=CARTESIAN_POINT('',(-0.00196207389292063,0.0150054635461896,0.0167947785825006));
#2197=CARTESIAN_POINT('',(-0.00391414545221083,0.0150042153745895,0.0168147575762898));
#2198=CARTESIAN_POINT('',(-0.00586439954399895,0.0150029676597115,0.0168446069310159));
#2199=CARTESIAN_POINT('',(-1.00000004515747E-5,0.0107138590474574,0.0162878982427532));
#2200=CARTESIAN_POINT('',(-0.000130206835442949,0.0108234053898889,0.0162953885451957));
#2201=CARTESIAN_POINT('',(-0.000250359230101886,0.010932902119107,0.0163042467141291));
#2202=CARTESIAN_POINT('',(-0.000370464877968325,0.0110423562481512,0.01631426885897));
#2203=CARTESIAN_POINT('',(-0.000370464877968326,0.0110423562481512,0.01631426885897));
#2204=CARTESIAN_POINT('',(-0.000370464877968326,0.0110423562481512,0.01631426885897));
#2205=CARTESIAN_POINT('',(-0.000476178299750196,0.0111386945196227,0.0163230900530066));
#2206=CARTESIAN_POINT('',(-0.00048810279921443,0.0115075111547935,0.0163483001077446));
#2207=CARTESIAN_POINT('',(-0.000120219917990987,0.0115486846647207,0.0163415422825323));
#2208=CARTESIAN_POINT('',(-1.00000000042143E-5,0.0114575546332188,0.0163325323958196));
#2209=CARTESIAN_POINT('',(-0.005058026299001,0.0150021223372458,0.0168270780851929));
#2210=CARTESIAN_POINT('',(-0.00338329695406358,0.0149735961615331,0.0168077933777435));
#2211=CARTESIAN_POINT('',(-0.00170065426266802,0.0149561227744022,0.0167868690582328));
#2212=CARTESIAN_POINT('',(-1.00498392982462E-5,0.0149496305312748,0.0167688994495977));
#2213=CARTESIAN_POINT('',(-0.00505797665864666,0.0150012233217028,0.0168327188384114));
#2214=CARTESIAN_POINT('',(-0.00505797666849825,0.0150012233163127,0.0168327189534735));
#2215=CARTESIAN_POINT('',(-0.00517522403452913,0.0150031586068227,0.0168344573599152));
#2216=CARTESIAN_POINT('',(-0.00540838504494351,0.0150166053798892,0.0168380334287676));
#2217=CARTESIAN_POINT('',(-0.00575641222889329,0.0148965158713509,0.0168399444923349));
#2218=CARTESIAN_POINT('',(-0.00587645536258845,0.0145493780537686,0.0168380424692596));
#2219=CARTESIAN_POINT('',(-0.00586318678641863,0.014315339750076,0.0168344602288563));
#2220=CARTESIAN_POINT('',(-0.00586125544056328,0.0141980925176378,0.0168327221496266));
#2221=CARTESIAN_POINT('',(-0.00586125544651234,0.0141980925193919,0.016832722027123));
#2222=CARTESIAN_POINT('',(-0.00580985853761985,0.00915002933049006,0.0167689398249008));
#2223=CARTESIAN_POINT('',(-0.00581635885381665,0.0108455519673874,0.016786964441786));
#2224=CARTESIAN_POINT('',(-0.00583376586486553,0.0125282402762205,0.016807861813518));
#2225=CARTESIAN_POINT('',(-0.00586215477559381,0.0141981421636245,0.0168270797653752));
#2226=CARTESIAN_POINT('',(-2.94932667436324E-15,0.009150000000001,0.013050000000001));
#2227=CARTESIAN_POINT('',(0.00209999999999717,0.00860000000000147,0.0130500000000015));
#2228=CARTESIAN_POINT('',(0.00209999999999717,0.00860000000000147,0.0130500000000015));
#2229=CARTESIAN_POINT('',(0.00209999999999693,0.00970000000000147,0.0130500000000015));
#2230=CARTESIAN_POINT('',(0.000549999999997174,0.00860000000000112,0.0130500000000011));
#2231=CARTESIAN_POINT('',(0.000549999999997174,0.00860000000000112,0.0130500000000011));
#2232=CARTESIAN_POINT('',(0.000549999999997524,0.00705000000000112,0.0130500000000011));
#2233=CARTESIAN_POINT('',(0.000549999999997524,0.00705000000000112,0.0130500000000011));
#2234=CARTESIAN_POINT('',(-0.000550000000002476,0.00705000000000087,0.0130500000000009));
#2235=CARTESIAN_POINT('',(-0.000550000000002476,0.00705000000000087,0.0130500000000009));
#2236=CARTESIAN_POINT('',(-0.000550000000002826,0.00860000000000087,0.0130500000000009));
#2237=CARTESIAN_POINT('',(-0.000550000000002826,0.00860000000000087,0.0130500000000009));
#2238=CARTESIAN_POINT('',(-0.00210000000000282,0.00860000000000052,0.0130500000000005));
#2239=CARTESIAN_POINT('',(-0.00210000000000282,0.00860000000000052,0.0130500000000005));
#2240=CARTESIAN_POINT('',(-0.00210000000000307,0.00970000000000052,0.0130500000000005));
#2241=CARTESIAN_POINT('',(-0.00210000000000307,0.00970000000000052,0.0130500000000005));
#2242=CARTESIAN_POINT('',(-0.000550000000003075,0.00970000000000087,0.0130500000000009));
#2243=CARTESIAN_POINT('',(-0.000550000000003075,0.00970000000000087,0.0130500000000009));
#2244=CARTESIAN_POINT('',(-0.000550000000003425,0.0112500000000009,0.0130500000000009));
#2245=CARTESIAN_POINT('',(-0.000550000000003425,0.0112500000000009,0.0130500000000009));
#2246=CARTESIAN_POINT('',(0.000549999999996575,0.0112500000000011,0.0130500000000011));
#2247=CARTESIAN_POINT('',(0.000549999999996575,0.0112500000000011,0.0130500000000011));
#2248=CARTESIAN_POINT('',(0.000549999999996925,0.00970000000000112,0.0130500000000011));
#2249=CARTESIAN_POINT('',(0.000549999999996925,0.00970000000000112,0.0130500000000011));
#2250=CARTESIAN_POINT('',(0.00209999999999693,0.00970000000000147,0.0130500000000015));
#2251=CARTESIAN_POINT('',(-0.00210000000000364,0.00970000000000052,0.0155500000000005));
#2252=CARTESIAN_POINT('',(-0.00210000000000339,0.00860000000000052,0.0155500000000005));
#2253=CARTESIAN_POINT('',(-0.00210000000000199,0.00860000000000052,0.00935000000000052));
#2254=CARTESIAN_POINT('',(-0.00210000000000224,0.00970000000000052,0.00935000000000052));
#2255=CARTESIAN_POINT('',(-0.00210000000000224,0.00970000000000052,0.00935000000000052));
#2256=CARTESIAN_POINT('',(-0.00210000000000364,0.00970000000000052,0.0155500000000005));
#2257=CARTESIAN_POINT('',(-0.00210000000000339,0.00860000000000052,0.0155500000000005));
#2258=CARTESIAN_POINT('',(-0.000550000000003391,0.00860000000000087,0.0155500000000009));
#2259=CARTESIAN_POINT('',(-0.00055000000000199,0.00860000000000087,0.00935000000000087));
#2260=CARTESIAN_POINT('',(-0.00210000000000199,0.00860000000000052,0.00935000000000052));
#2261=CARTESIAN_POINT('',(-0.000550000000003391,0.00860000000000087,0.0155500000000009));
#2262=CARTESIAN_POINT('',(-0.000550000000003041,0.00705000000000087,0.0155500000000009));
#2263=CARTESIAN_POINT('',(-0.000550000000001639,0.00705000000000087,0.00935000000000087));
#2264=CARTESIAN_POINT('',(-0.00055000000000199,0.00860000000000087,0.00935000000000087));
#2265=CARTESIAN_POINT('',(-0.000550000000003041,0.00705000000000087,0.0155500000000009));
#2266=CARTESIAN_POINT('',(0.000549999999996959,0.00705000000000112,0.0155500000000011));
#2267=CARTESIAN_POINT('',(0.000549999999998361,0.00705000000000112,0.00935000000000112));
#2268=CARTESIAN_POINT('',(-0.000550000000001639,0.00705000000000087,0.00935000000000087));
#2269=CARTESIAN_POINT('',(0.000549999999996959,0.00705000000000112,0.0155500000000011));
#2270=CARTESIAN_POINT('',(0.000549999999996609,0.00860000000000112,0.0155500000000011));
#2271=CARTESIAN_POINT('',(0.000549999999998011,0.00860000000000112,0.00935000000000112));
#2272=CARTESIAN_POINT('',(0.000549999999998361,0.00705000000000112,0.00935000000000112));
#2273=CARTESIAN_POINT('',(0.000549999999996609,0.00860000000000112,0.0155500000000011));
#2274=CARTESIAN_POINT('',(0.00209999999999661,0.00860000000000147,0.0155500000000014));
#2275=CARTESIAN_POINT('',(0.00209999999999801,0.00860000000000147,0.00935000000000147));
#2276=CARTESIAN_POINT('',(0.000549999999998011,0.00860000000000112,0.00935000000000112));
#2277=CARTESIAN_POINT('',(-3.13075956070335E-15,0.009150000000001,0.013850000000001));
#2278=CARTESIAN_POINT('',(-0.00805999999993367,0.0154893398998358,0.0138499999999992));
#2279=CARTESIAN_POINT('',(0.00634933989887339,0.0154893398998391,0.0138500000000024));
#2280=CARTESIAN_POINT('',(-0.00634933989888251,0.0154893398998362,0.0138499999999996));
#2281=CARTESIAN_POINT('',(0.006349339898873,0.0172000000008902,0.0138500000000024));
#2282=CARTESIAN_POINT('',(0.00634933989887624,0.00281066010016579,0.0138500000000024));
#2283=CARTESIAN_POINT('',(0.0080599999999274,0.00281066010016618,0.0138500000000028));
#2284=CARTESIAN_POINT('',(-0.00634933989887964,0.00281066010016292,0.0138499999999996));
#2285=CARTESIAN_POINT('',(-0.00634933989887926,0.00109999999911177,0.0138499999999996));
#2286=CARTESIAN_POINT('',(0.0021657800117575,0.0103157772921248,0.0138500000000015));
#2287=CARTESIAN_POINT('',(0.00199999990280681,0.0116500000000014,0.0138499999026403));
#2288=CARTESIAN_POINT('',(0.00349999999999665,0.0101499999028123,0.0138499999026407));
#2289=CARTESIAN_POINT('',(-0.0035000000000037,0.0116500000000002,0.0138500000000002));
#2290=CARTESIAN_POINT('',(-0.0019999999028142,0.0116500000000005,0.0138499999026394));
#2291=CARTESIAN_POINT('',(-0.00216577729212672,0.0103157800117614,0.0138500000000005));
#2292=CARTESIAN_POINT('',(-0.00350000000000336,0.0101499999028107,0.0138499999026391));
#2293=CARTESIAN_POINT('',(-0.00350000000000256,0.00665000000000021,0.0138500000000002));
#2294=CARTESIAN_POINT('',(-0.0035000000000029,0.0081500000971897,0.0138499999026391));
#2295=CARTESIAN_POINT('',(-0.00216578001176376,0.00798422270787718,0.0138500000000005));
#2296=CARTESIAN_POINT('',(-0.00199999990281307,0.00665000000000055,0.0138499999026394));
#2297=CARTESIAN_POINT('',(0.00349999999999744,0.00665000000000179,0.0138500000000018));
#2298=CARTESIAN_POINT('',(0.00199999990280794,0.00665000000000145,0.0138499999026403));
#2299=CARTESIAN_POINT('',(0.0021657772926485,0.00798421998771189,0.0138500000000015));
#2300=CARTESIAN_POINT('',(0.0034999999999971,0.00815000009719129,0.0138499999026407));
#2301=CARTESIAN_POINT('',(0.00349999999999631,0.0116500000000018,0.0138500000000018));
#2302=CARTESIAN_POINT('',(0.00054999999999601,0.0112500000000011,0.0155500000000011));
#2303=CARTESIAN_POINT('',(-0.00055000000000399,0.0112500000000009,0.0155500000000009));
#2304=CARTESIAN_POINT('',(-0.000550000000002589,0.0112500000000009,0.00935000000000087));
#2305=CARTESIAN_POINT('',(0.000549999999997411,0.0112500000000011,0.00935000000000112));
#2306=CARTESIAN_POINT('',(0.000549999999997411,0.0112500000000011,0.00935000000000112));
#2307=CARTESIAN_POINT('',(0.00054999999999601,0.0112500000000011,0.0155500000000011));
#2308=CARTESIAN_POINT('',(-0.00055000000000399,0.0112500000000009,0.0155500000000009));
#2309=CARTESIAN_POINT('',(-0.00055000000000364,0.00970000000000087,0.0155500000000009));
#2310=CARTESIAN_POINT('',(-0.000550000000002238,0.00970000000000087,0.00935000000000087));
#2311=CARTESIAN_POINT('',(-0.000550000000002589,0.0112500000000009,0.00935000000000087));
#2312=CARTESIAN_POINT('',(-0.00216578001176325,0.00798422270787718,0.0116000000000005));
#2313=CARTESIAN_POINT('',(-0.00350000000000189,0.00815000000000021,0.00935));
#2314=CARTESIAN_POINT('',(-0.00350000000000223,0.00815000000000021,0.01085));
#2315=CARTESIAN_POINT('',(-0.00350000000000257,0.00815000000000021,0.01235));
#2316=CARTESIAN_POINT('',(-0.0035000000000029,0.00815000000000021,0.01385));
#2317=CARTESIAN_POINT('',(-0.00350000000000189,0.0081500000971897,0.00935000009736132));
#2318=CARTESIAN_POINT('',(-0.00216578001176274,0.00798422270787718,0.00935000000000051));
#2319=CARTESIAN_POINT('',(-0.00199999990281205,0.00665000000000055,0.00935000009736166));
#2320=CARTESIAN_POINT('',(-0.00200000000000257,0.00665000000000055,0.0138500000000006));
#2321=CARTESIAN_POINT('',(-0.00200000000000223,0.00665000000000055,0.0123500000000006));
#2322=CARTESIAN_POINT('',(-0.00200000000000189,0.00665000000000055,0.0108500000000006));
#2323=CARTESIAN_POINT('',(-0.00200000000000155,0.00665000000000055,0.00935000000000056));
#2324=CARTESIAN_POINT('',(-0.00350000000000295,0.00665000000000021,0.01555));
#2325=CARTESIAN_POINT('',(-0.00350000000000336,0.0101500000000002,0.01385));
#2326=CARTESIAN_POINT('',(-0.00350000000000302,0.0101500000000002,0.01235));
#2327=CARTESIAN_POINT('',(-0.00350000000000268,0.0101500000000002,0.01085));
#2328=CARTESIAN_POINT('',(-0.00350000000000234,0.0101500000000002,0.00935));
#2329=CARTESIAN_POINT('',(-0.00350000000000234,0.0101499999028107,0.00935000009736132));
#2330=CARTESIAN_POINT('',(-0.00350000000000155,0.00665000000000021,0.00935000000000021));
#2331=CARTESIAN_POINT('',(-0.00216577729212621,0.0103157800117614,0.0116000000000005));
#2332=CARTESIAN_POINT('',(-0.00200000000000268,0.0116500000000005,0.00935000000000034));
#2333=CARTESIAN_POINT('',(-0.00200000000000302,0.0116500000000005,0.0108500000000003));
#2334=CARTESIAN_POINT('',(-0.00200000000000336,0.0116500000000005,0.0123500000000003));
#2335=CARTESIAN_POINT('',(-0.0020000000000037,0.0116500000000005,0.0138500000000003));
#2336=CARTESIAN_POINT('',(-0.00199999990281319,0.0116500000000005,0.00935000009736166));
#2337=CARTESIAN_POINT('',(-0.0021657772921257,0.0103157800117614,0.00935000000000051));
#2338=CARTESIAN_POINT('',(-0.00350000000000408,0.0116500000000002,0.01555));
#2339=CARTESIAN_POINT('',(0.0019999999999963,0.0116500000000014,0.0138500000000012));
#2340=CARTESIAN_POINT('',(0.00199999999999664,0.0116500000000014,0.0123500000000012));
#2341=CARTESIAN_POINT('',(0.00199999999999698,0.0116500000000014,0.0108500000000012));
#2342=CARTESIAN_POINT('',(0.00199999999999732,0.0116500000000014,0.00935000000000124));
#2343=CARTESIAN_POINT('',(0.00199999990280782,0.0116500000000014,0.00935000009736256));
#2344=CARTESIAN_POINT('',(-0.00350000000000268,0.0116500000000002,0.00935000000000021));
#2345=CARTESIAN_POINT('',(0.00805999999992885,0.00109999999911503,0.00915000000000282));
#2346=CARTESIAN_POINT('',(0.00805999999992885,0.00109999999911503,0.00915000000000282));
#2347=CARTESIAN_POINT('',(0.00805999999992885,0.00109999999911503,0.00915000000000282));
#2348=CARTESIAN_POINT('',(-0.00458500000000025,0.00109999999911217,0.00915));
#2349=CARTESIAN_POINT('',(-0.00805999999992935,0.00109999999911138,0.00914999999999918));
#2350=CARTESIAN_POINT('',(-0.00805999999992935,0.00109999999911138,0.00914999999999918));
#2351=CARTESIAN_POINT('',(0.00805999999992521,0.0172000000008906,0.00915000000000282));
#2352=CARTESIAN_POINT('',(0.00805999999992521,0.0172000000008906,0.00915000000000282));
#2353=CARTESIAN_POINT('',(0.00805999999992521,0.0172000000008906,0.00915000000000282));
#2354=CARTESIAN_POINT('',(0.008059999999926,0.0137250000000028,0.00915000000000282));
#2355=CARTESIAN_POINT('',(0.002165777292649,0.00798421998771189,0.0116000000000015));
#2356=CARTESIAN_POINT('',(0.00199999999999845,0.00665000000000145,0.00935000000000146));
#2357=CARTESIAN_POINT('',(0.00199999999999811,0.00665000000000145,0.0108500000000015));
#2358=CARTESIAN_POINT('',(0.00199999999999777,0.00665000000000145,0.0123500000000015));
#2359=CARTESIAN_POINT('',(0.00199999999999743,0.00665000000000145,0.0138500000000015));
#2360=CARTESIAN_POINT('',(0.00199999990280895,0.00665000000000145,0.00935000009736256));
#2361=CARTESIAN_POINT('',(0.00216577729264951,0.00798421998771189,0.00935000000000149));
#2362=CARTESIAN_POINT('',(0.00349999999999812,0.00815000009719129,0.0093500000973629));
#2363=CARTESIAN_POINT('',(0.0034999999999971,0.0081500000000018,0.0138500000000018));
#2364=CARTESIAN_POINT('',(0.00349999999999743,0.0081500000000018,0.0123500000000018));
#2365=CARTESIAN_POINT('',(0.00349999999999777,0.0081500000000018,0.0108500000000018));
#2366=CARTESIAN_POINT('',(0.00349999999999811,0.0081500000000018,0.0093500000000018));
#2367=CARTESIAN_POINT('',(-2.11387718880929E-15,0.009150000000001,0.009350000000001));
#2368=CARTESIAN_POINT('',(0.00349999999999845,0.00665000000000179,0.00935000000000179));
#2369=CARTESIAN_POINT('',(0.00216578001175852,0.0103157772921248,0.00935000000000149));
#2370=CARTESIAN_POINT('',(0.00349999999999766,0.0101499999028123,0.0093500000973629));
#2371=CARTESIAN_POINT('',(0.00349999999999732,0.0116500000000018,0.00935000000000179));
#2372=CARTESIAN_POINT('',(0.00209999999999801,0.00860000000000147,0.00935000000000147));
#2373=CARTESIAN_POINT('',(0.00209999999999776,0.00970000000000147,0.00935000000000147));
#2374=CARTESIAN_POINT('',(0.00209999999999776,0.00970000000000147,0.00935000000000147));
#2375=CARTESIAN_POINT('',(0.000549999999997762,0.00970000000000112,0.00935000000000112));
#2376=CARTESIAN_POINT('',(0.000549999999997762,0.00970000000000112,0.00935000000000112));
#2377=CARTESIAN_POINT('',(-0.000550000000002238,0.00970000000000087,0.00935000000000087));
#2378=CARTESIAN_POINT('',(0.00349999999999705,0.00665000000000179,0.0155500000000018));
#2379=CARTESIAN_POINT('',(0.00216578001175801,0.0103157772921248,0.0116000000000015));
#2380=CARTESIAN_POINT('',(0.00349999999999766,0.0101500000000018,0.0093500000000018));
#2381=CARTESIAN_POINT('',(0.00349999999999732,0.0101500000000018,0.0108500000000018));
#2382=CARTESIAN_POINT('',(0.00349999999999698,0.0101500000000018,0.0123500000000018));
#2383=CARTESIAN_POINT('',(0.00349999999999664,0.0101500000000018,0.0138500000000018));
#2384=CARTESIAN_POINT('',(0.00209999999999661,0.00860000000000147,0.0155500000000014));
#2385=CARTESIAN_POINT('',(0.00209999999999636,0.00970000000000147,0.0155500000000014));
#2386=CARTESIAN_POINT('',(0.00349999999999592,0.0116500000000018,0.0155500000000018));
#2387=CARTESIAN_POINT('',(-0.00055000000000364,0.00970000000000087,0.0155500000000009));
#2388=CARTESIAN_POINT('',(0.00054999999999636,0.00970000000000112,0.0155500000000011));
#2389=CARTESIAN_POINT('',(0.00054999999999636,0.00970000000000112,0.0155500000000011));
#2390=CARTESIAN_POINT('',(0.00209999999999636,0.00970000000000147,0.0155500000000014));
#2391=CARTESIAN_POINT('',(-0.00805999999993299,0.017200000000887,0.00914999999999917));
#2392=CARTESIAN_POINT('',(-0.00805999999993299,0.017200000000887,0.00914999999999917));
#2393=CARTESIAN_POINT('',(-0.00805999999993299,0.017200000000887,0.00914999999999917));
#2394=CARTESIAN_POINT('',(-0.00458500000000389,0.0172000000008878,0.00915));
#2395=CARTESIAN_POINT('',(-0.00805999999992935,0.00109999999911138,0.00914999999999918));
#2396=CARTESIAN_POINT('',(-0.0080599999999322,0.0137249999999992,0.00914999999999917));
#2397=CARTESIAN_POINT('',(0.00595320874563447,0.00409138815530626,0.0162556860506854));
#2398=CARTESIAN_POINT('',(0.00647855118498865,0.00915000375937716,0.0165208126466289));
#2399=CARTESIAN_POINT('',(0.00634128582393815,0.00915091096337475,0.0167359679872314));
#2400=CARTESIAN_POINT('',(0.00605425906731959,0.00915148407998749,0.0168424702793431));
#2401=CARTESIAN_POINT('',(0.00580987656777198,0.0091499507561252,0.0167689454396194));
#2402=CARTESIAN_POINT('',(0.00647969807849876,0.00915000192730679,0.0165215443524437));
#2403=CARTESIAN_POINT('',(0.00586215475592762,0.0041018578353849,0.0168270797622037));
#2404=CARTESIAN_POINT('',(0.00608135669493773,0.00409971387034068,0.0168620370528014));
#2405=CARTESIAN_POINT('',(0.00631657756071612,0.00409603140784329,0.0167577651529783));
#2406=CARTESIAN_POINT('',(0.00643785374812291,0.00409210582373795,0.0165718859032469));
#2407=CARTESIAN_POINT('',(0.00643889177954052,0.00409210455173392,0.0165725631880393));
#2408=CARTESIAN_POINT('',(0.00643785375027776,0.00409210607256028,0.016571885900503));
#2409=CARTESIAN_POINT('',(0.0064514098162823,0.00577807236210495,0.0165548952863047));
#2410=CARTESIAN_POINT('',(0.0064649806116166,0.00746403814294376,0.016537863462901));
#2411=CARTESIAN_POINT('',(0.00647856552771296,0.00915000341554268,0.0165207901635141));
#2412=CARTESIAN_POINT('',(0.00505797667090782,0.00329877667532034,0.0168327187811375));
#2413=CARTESIAN_POINT('',(0.00508891497008811,0.00329826600707456,0.0168331775095203));
#2414=CARTESIAN_POINT('',(0.00521406570086812,0.00329658893240196,0.0168350331295525));
#2415=CARTESIAN_POINT('',(0.00539506383920629,0.00329588029854517,0.016837542968385));
#2416=CARTESIAN_POINT('',(0.00559293758105083,0.00334443222441261,0.0168390972505711));
#2417=CARTESIAN_POINT('',(0.00569966614747386,0.00341678356499704,0.0168393507978152));
#2418=CARTESIAN_POINT('',(0.00576020304780123,0.00348770541333479,0.0168392699886298));
#2419=CARTESIAN_POINT('',(0.00580858479717558,0.00356377767587536,0.0168390339499658));
#2420=CARTESIAN_POINT('',(0.00584718377163358,0.00367969828473437,0.0168382794255211));
#2421=CARTESIAN_POINT('',(0.00586597958039394,0.00387082021499385,0.0168361571671058));
#2422=CARTESIAN_POINT('',(0.0058627350488356,0.0040120845221626,0.0168340535399389));
#2423=CARTESIAN_POINT('',(0.00586125544947663,0.00410190747989211,0.0168327219658715));
#2424=CARTESIAN_POINT('',(0.00505861543160398,0.00323615382929795,0.0168357687536273));
#2425=CARTESIAN_POINT('',(0.00508953668964517,0.00323567050783766,0.0168361460032257));
#2426=CARTESIAN_POINT('',(0.0052152795256232,0.00323485280651868,0.0168376760312725));
#2427=CARTESIAN_POINT('',(0.00540069417271189,0.00323695174626676,0.0168396502632473));
#2428=CARTESIAN_POINT('',(0.0056144757384671,0.0032974917966165,0.016840672945756));
#2429=CARTESIAN_POINT('',(0.00573204515851422,0.0033797612511201,0.0168407934892787));
#2430=CARTESIAN_POINT('',(0.00579960410113022,0.00345799845805925,0.0168407536112732));
#2431=CARTESIAN_POINT('',(0.00585481620707583,0.00354159723320306,0.0168406197214319));
#2432=CARTESIAN_POINT('',(0.00590145581698807,0.00366774032847967,0.0168401494714732));
#2433=CARTESIAN_POINT('',(0.00592715545389978,0.00386871154454138,0.0168385795103774));
#2434=CARTESIAN_POINT('',(0.00592506378768236,0.00401137522613731,0.0168368713153201));
#2435=CARTESIAN_POINT('',(0.00592386847583825,0.00410126666291552,0.0168357712157177));
#2436=CARTESIAN_POINT('',(0.00505992298415117,0.00311053196045894,0.0168399464865032));
#2437=CARTESIAN_POINT('',(0.00509088919441542,0.00311030245069707,0.0168400980469834));
#2438=CARTESIAN_POINT('',(0.00521762441182801,0.00311070403085808,0.0168411746533755));
#2439=CARTESIAN_POINT('',(0.00541178803912409,0.00311863482013799,0.0168420983936357));
#2440=CARTESIAN_POINT('',(0.00565760798766785,0.00320325074656497,0.0168424513003985));
#2441=CARTESIAN_POINT('',(0.00579684006070074,0.00330536262722973,0.0168423642255817));
#2442=CARTESIAN_POINT('',(0.00587878682359329,0.00339850850227719,0.0168424143745713));
#2443=CARTESIAN_POINT('',(0.00594754002091285,0.00349713625763888,0.0168423782507199));
#2444=CARTESIAN_POINT('',(0.00601037163411921,0.0036438162697219,0.0168423052967359));
#2445=CARTESIAN_POINT('',(0.00604982126277633,0.00386451091916438,0.0168415248302698));
#2446=CARTESIAN_POINT('',(0.00605022936345011,0.00401012784130792,0.016840559007284));
#2447=CARTESIAN_POINT('',(0.00604947086244109,0.00409995499994466,0.0168399483611937));
#2448=CARTESIAN_POINT('',(0.00506283992884272,0.00292141570813852,0.016775968099298));
#2449=CARTESIAN_POINT('',(0.00509380139896197,0.00292158730585191,0.0167760246864109));
#2450=CARTESIAN_POINT('',(0.00522219067864563,0.00292506675711849,0.0167770783553777));
#2451=CARTESIAN_POINT('',(0.00542912494898059,0.0029422119692833,0.0167848801269123));
#2452=CARTESIAN_POINT('',(0.00572244694406149,0.00306208271331066,0.0168006273468015));
#2453=CARTESIAN_POINT('',(0.00589428898937861,0.00319383921945423,0.0168039901771995));
#2454=CARTESIAN_POINT('',(0.00599745003860403,0.00330909480140334,0.0168029974598931));
#2455=CARTESIAN_POINT('',(0.00608652452633571,0.00343030502812546,0.0168002389565172));
#2456=CARTESIAN_POINT('',(0.00617310358049889,0.00360759511536062,0.0167917570366742));
#2457=CARTESIAN_POINT('',(0.00623308313566399,0.00385733027295326,0.0167789501559409));
#2458=CARTESIAN_POINT('',(0.00623797385355032,0.00400711409407501,0.0167762412521316));
#2459=CARTESIAN_POINT('',(0.00623856046444715,0.00409703236758418,0.0167759943558537));
#2460=CARTESIAN_POINT('',(0.00506560276296557,0.00279839806561766,0.0166702397312144));
#2461=CARTESIAN_POINT('',(0.00509658660185755,0.00279875181679153,0.0166704867188108));
#2462=CARTESIAN_POINT('',(0.00522604297209785,0.00280316208956207,0.0166730273737957));
#2463=CARTESIAN_POINT('',(0.00544073414366675,0.00282234493844334,0.0166917097494029));
#2464=CARTESIAN_POINT('',(0.00576824977307683,0.0029616605214041,0.016729278558653));
#2465=CARTESIAN_POINT('',(0.00596412842036735,0.00311385151366807,0.0167376570277452));
#2466=CARTESIAN_POINT('',(0.00608233396244519,0.00324521220161003,0.0167351503983251));
#2467=CARTESIAN_POINT('',(0.00618509127761028,0.00338291246020019,0.0167284397262507));
#2468=CARTESIAN_POINT('',(0.00628577733050718,0.00358249533761663,0.0167080363425875));
#2469=CARTESIAN_POINT('',(0.00635464437014371,0.00385206436963344,0.0166777185881249));
#2470=CARTESIAN_POINT('',(0.0063606429410166,0.00400439372403506,0.0166710488624542));
#2471=CARTESIAN_POINT('',(0.0063615675661255,0.00409426611856257,0.0166702956934935));
#2472=CARTESIAN_POINT('',(0.0050672210078494,0.00273971885900189,0.0165975546504767));
#2473=CARTESIAN_POINT('',(0.00509821014455893,0.00274010154760724,0.0165979337784126));
#2474=CARTESIAN_POINT('',(0.00522823125244301,0.00274467502326928,0.0166016326262865));
#2475=CARTESIAN_POINT('',(0.00544635587330721,0.00276268209902452,0.0166272378337649));
#2476=CARTESIAN_POINT('',(0.00579210506272363,0.00290894275783258,0.0166791090254799));
#2477=CARTESIAN_POINT('',(0.00600116494236751,0.00307150591179868,0.0166908584212917));
#2478=CARTESIAN_POINT('',(0.00612715060696061,0.00321147945880107,0.0166873436662628));
#2479=CARTESIAN_POINT('',(0.00623670696749167,0.0033581372283868,0.0166779909717883));
#2480=CARTESIAN_POINT('',(0.00634315233588322,0.00356977159819097,0.0166497362429604));
#2481=CARTESIAN_POINT('',(0.00641361964523126,0.00384936432973221,0.0166080919503611));
#2482=CARTESIAN_POINT('',(0.00641930121228131,0.0040027917719162,0.0165988026468879));
#2483=CARTESIAN_POINT('',(0.0064202467720598,0.00409264630884022,0.0165976291626575));
#2484=CARTESIAN_POINT('',(0.00506776401093947,0.00272003622457851,0.0165731593261779));
#2485=CARTESIAN_POINT('',(0.00509872581976808,0.00272039426355958,0.0165736043672951));
#2486=CARTESIAN_POINT('',(0.00522901574183677,0.00272526497697157,0.0165775158631962));
#2487=CARTESIAN_POINT('',(0.00544825895613136,0.0027428743510969,0.01660548994212));
#2488=CARTESIAN_POINT('',(0.00580007192598702,0.00289133827750017,0.0166622698627232));
#2489=CARTESIAN_POINT('',(0.00601358492347154,0.00305736439721102,0.0166752039655089));
#2490=CARTESIAN_POINT('',(0.00614209608065322,0.00320017675210461,0.0166713153341607));
#2491=CARTESIAN_POINT('',(0.0062539563885768,0.00334985758646364,0.0166610793583663));
#2492=CARTESIAN_POINT('',(0.00636224326517115,0.00356552353660111,0.0166300915124159));
#2493=CARTESIAN_POINT('',(0.00643324304083073,0.00384845149220539,0.0165846219462813));
#2494=CARTESIAN_POINT('',(0.00643889276289189,0.00400221224361504,0.0165745254494946));
#2495=CARTESIAN_POINT('',(0.0064399298037714,0.00409210278225593,0.0165732404818448));
#2496=CARTESIAN_POINT('',(0.00506776104617203,0.00272211000545696,0.0165718066006758));
#2497=CARTESIAN_POINT('',(0.00506383733814718,0.00284338254641807,0.0167577307286817));
#2498=CARTESIAN_POINT('',(0.00506016173807583,0.00307864009031552,0.0168620381751222));
#2499=CARTESIAN_POINT('',(0.00505802631138418,0.00329787768100053,0.0168270780823648));
#2500=CARTESIAN_POINT('',(0.00506776401141507,0.00272003622396714,0.0165731593254202));
#2501=CARTESIAN_POINT('',(0.00506776401093947,0.00272003622457851,0.0165731593261779));
#2502=CARTESIAN_POINT('',(0.00518510042760607,0.00272139309010591,0.0165748459049641));
#2503=CARTESIAN_POINT('',(0.00544170189008347,0.00271533671341275,0.0166027259265262));
#2504=CARTESIAN_POINT('',(0.00610996823775385,0.00305107504323985,0.0167081216418712));
#2505=CARTESIAN_POINT('',(0.00644256996607897,0.00371509387079622,0.0166029779049397));
#2506=CARTESIAN_POINT('',(0.00643857612050418,0.00397476681555149,0.0165749178019954));
#2507=CARTESIAN_POINT('',(0.00643992979772719,0.00409210225834717,0.016573240489334));
#2508=CARTESIAN_POINT('',(0.00506849922243552,0.00320682492034204,0.0162556473803401));
#2509=CARTESIAN_POINT('',(9.99670665750804E-6,0.00268131605850675,0.0165202872813939));
#2510=CARTESIAN_POINT('',(0.00169591760567333,0.00269492875606854,0.016537505311797));
#2511=CARTESIAN_POINT('',(0.00338183905195359,0.00270852697391076,0.0165546783182337));
#2512=CARTESIAN_POINT('',(0.00506776104611093,0.00272211000552268,0.0165718066007767));
#2513=CARTESIAN_POINT('',(0.00789626246245459,0.00239729496015892,0.0142640056715032));
#2514=CARTESIAN_POINT('',(0.00776832447746684,0.00255985405798481,0.014534658402037));
#2515=CARTESIAN_POINT('',(0.00738997147601158,0.00302472855101214,0.0152572841321709));
#2516=CARTESIAN_POINT('',(0.00694524398289446,0.00353286377356528,0.0159190357221809));
#2517=CARTESIAN_POINT('',(0.00657670123609649,0.00394170325329909,0.0164014751066658));
#2518=CARTESIAN_POINT('',(0.00650870134533941,0.00401668484956944,0.0164880300444101));
#2519=CARTESIAN_POINT('',(0.00643982118782928,0.00409222189668319,0.0165733750628459));
#2520=CARTESIAN_POINT('',(0.00786846284611171,0.00224499981895229,0.0143228157432089));
#2521=CARTESIAN_POINT('',(0.00773682716579202,0.00240462282930734,0.0145972021454565));
#2522=CARTESIAN_POINT('',(0.00734754481779195,0.00286313855094832,0.0153291134408279));
#2523=CARTESIAN_POINT('',(0.00689122715103327,0.00336859359258813,0.0159964946646265));
#2524=CARTESIAN_POINT('',(0.00651432864609825,0.00377627434284093,0.0164816345109301));
#2525=CARTESIAN_POINT('',(0.00644482020277079,0.00385108789774233,0.0165686325254428));
#2526=CARTESIAN_POINT('',(0.00637446656536565,0.00392648632943184,0.0166543518152323));
#2527=CARTESIAN_POINT('',(0.00780355100852155,0.00194140556432587,0.0144355632353595));
#2528=CARTESIAN_POINT('',(0.00766446730106255,0.00209499514658323,0.0147171406863864));
#2529=CARTESIAN_POINT('',(0.00725344365385324,0.0025402798121304,0.0154669930408892));
#2530=CARTESIAN_POINT('',(0.00677430913935149,0.00303994331932276,0.01614519090713));
#2531=CARTESIAN_POINT('',(0.0063810585690563,0.00344506194756559,0.0166356075081684));
#2532=CARTESIAN_POINT('',(0.00630861475634996,0.00351949101942731,0.0167234495789803));
#2533=CARTESIAN_POINT('',(0.00623538479426724,0.00359457380252661,0.0168099041670977));
#2534=CARTESIAN_POINT('',(0.00747990470381143,0.00154155752649175,0.0144714810914356));
#2535=CARTESIAN_POINT('',(0.00733174408782057,0.00168649900920947,0.0147553591609856));
#2536=CARTESIAN_POINT('',(0.00689849694854864,0.00211225590838356,0.015510977936037));
#2537=CARTESIAN_POINT('',(0.00640429619909513,0.00260229429951749,0.0161926076390182));
#2538=CARTESIAN_POINT('',(0.00600186172671484,0.00300258898821932,0.0166847223183625));
#2539=CARTESIAN_POINT('',(0.00592784700943758,0.0030762693778365,0.0167728489374613));
#2540=CARTESIAN_POINT('',(0.00585313416689591,0.00315068401399781,0.0168595484923137));
#2541=CARTESIAN_POINT('',(0.00710325001749216,0.00132905396617315,0.0143938319393226));
#2542=CARTESIAN_POINT('',(0.0069473730425513,0.00146531545030961,0.0146727663942853));
#2543=CARTESIAN_POINT('',(0.00649703726228328,0.00186816785335558,0.0154160475780638));
#2544=CARTESIAN_POINT('',(0.00599514752357581,0.00233874579540454,0.0160901646131534));
#2545=CARTESIAN_POINT('',(0.00558917608269258,0.00272602054180293,0.0165787015540717));
#2546=CARTESIAN_POINT('',(0.00551462786698318,0.00279740153283273,0.016666250278166));
#2547=CARTESIAN_POINT('',(0.00543945604267333,0.00286960730902715,0.0167524632600192));
#2548=CARTESIAN_POINT('',(0.00687713774545199,0.00128488407690761,0.0143078161207546));
#2549=CARTESIAN_POINT('',(0.00671675833142418,0.00141554314981958,0.014581279567038));
#2550=CARTESIAN_POINT('',(0.00625653253562555,0.00180198255112537,0.0153109224870989));
#2551=CARTESIAN_POINT('',(0.00575027453795234,0.00225516000989586,0.0159767800096353));
#2552=CARTESIAN_POINT('',(0.00534232440657091,0.00262991729416093,0.0164613383228402));
#2553=CARTESIAN_POINT('',(0.00526747624862122,0.00269904983887202,0.0165482524639638));
#2554=CARTESIAN_POINT('',(0.00519205154504039,0.00276905428022192,0.0166339191400024));
#2555=CARTESIAN_POINT('',(0.00676292773893503,0.00126405727854065,0.0142636683707831));
#2556=CARTESIAN_POINT('',(0.0066003471043627,0.00139193879648241,0.0145343323166916));
#2557=CARTESIAN_POINT('',(0.00613534957216127,0.00177018094409302,0.015257017974117));
#2558=CARTESIAN_POINT('',(0.00562708952461133,0.00221466190781227,0.0159186375281362));
#2559=CARTESIAN_POINT('',(0.00521827063698936,0.00258313818280669,0.0164011815205871));
#2560=CARTESIAN_POINT('',(0.00514329479090271,0.00265113822107611,0.0164877678373701));
#2561=CARTESIAN_POINT('',(0.00506776401093914,0.00272003622457837,0.0165731593261778));
#2562=CARTESIAN_POINT('',(0.00506776401093914,0.00272003622457837,0.0165731593261778));
#2563=CARTESIAN_POINT('',(0.00567787174005776,0.00216350543702608,0.0158834006960188));
#2564=CARTESIAN_POINT('',(0.00625406575088765,0.00166431431792007,0.0151108208866408));
#2565=CARTESIAN_POINT('',(0.00676292773893503,0.00126405727854065,0.0142636683707831));
#2566=CARTESIAN_POINT('',(0.00676292773781116,0.00126405489311936,0.014263669497537));
#2567=CARTESIAN_POINT('',(0.00789594281987005,0.00239729385583875,0.0142638990968569));
#2568=CARTESIAN_POINT('',(0.0078151716833044,0.00178094591769102,0.014512537410202));
#2569=CARTESIAN_POINT('',(0.00737897460883782,0.00134536071093,0.0145121587227107));
#2570=CARTESIAN_POINT('',(0.00676292917066901,0.00126450597600498,0.0142635192603529));
#2571=CARTESIAN_POINT('',(0.0078962624232564,0.00239729496015892,0.0142640056529733));
#2572=CARTESIAN_POINT('',(0.00643992980376898,0.00409216168311875,0.0165732404818478));
#2573=CARTESIAN_POINT('',(0.00644223995411395,0.0040893642547217,0.0165703780407249));
#2574=CARTESIAN_POINT('',(0.00645889658987111,0.00407094077559694,0.0165498096536759));
#2575=CARTESIAN_POINT('',(0.00651846529685079,0.004005826954555,0.0164751524647381));
#2576=CARTESIAN_POINT('',(0.00657221812967216,0.00394650846379662,0.016406459849175));
#2577=CARTESIAN_POINT('',(0.00660149168596803,0.00391413590684619,0.0163687289198728));
#2578=CARTESIAN_POINT('',(0.00666405473820545,0.003844828306037,0.0162874062700262));
#2579=CARTESIAN_POINT('',(0.00674651748714951,0.00375300458077909,0.0161776918339175));
#2580=CARTESIAN_POINT('',(0.00687906369373511,0.00360448236819326,0.015996357683995));
#2581=CARTESIAN_POINT('',(0.00704206650329641,0.0034198272760375,0.0157628451928052));
#2582=CARTESIAN_POINT('',(0.00728879668074837,0.00313591163112073,0.015386773514574));
#2583=CARTESIAN_POINT('',(0.007588021359984,0.00278203842157531,0.0148827031190189));
#2584=CARTESIAN_POINT('',(0.00779746086116225,0.00252282801614315,0.0144730100039601));
#2585=CARTESIAN_POINT('',(0.00789626226646364,0.00239729496015892,0.0142640055788536));
#2586=CARTESIAN_POINT('',(0.00915999999999994,0.00025056725829952,0.00915000000000307));
#2587=CARTESIAN_POINT('',(0.00915999999999793,0.00915000341461248,0.00915000000000307));
#2588=CARTESIAN_POINT('',(0.00903556528999475,0.000250567258299491,0.0104881041875101));
#2589=CARTESIAN_POINT('',(0.00903556528999274,0.00915000341461245,0.0104881041875101));
#2590=CARTESIAN_POINT('',(0.00858382946381881,0.000250567258299394,0.0131709017548994));
#2591=CARTESIAN_POINT('',(0.0085838294638168,0.00915000341461235,0.0131709017548994));
#2592=CARTESIAN_POINT('',(0.00728421388337193,0.000250567258299103,0.0155271122616414));
#2593=CARTESIAN_POINT('',(0.00728421388336992,0.00915000341461206,0.0155271122616414));
#2594=CARTESIAN_POINT('',(0.00643992980376985,0.0002505672582989,0.0165732404818478));
#2595=CARTESIAN_POINT('',(0.00643992980376784,0.00915000341461186,0.0165732404818478));
#2596=CARTESIAN_POINT('',(0.00790330029412516,0.00238451768702501,0.014241771625844));
#2597=CARTESIAN_POINT('',(0.00790087852408571,0.00238881861107361,0.014249118342407));
#2598=CARTESIAN_POINT('',(0.00789842623662161,0.00239307743339525,0.0142564944326557));
#2599=CARTESIAN_POINT('',(0.00789594281987005,0.00239729385583874,0.0142638990968569));
#2600=CARTESIAN_POINT('',(0.00790628745523248,0.00238454601269699,0.0142427396669826));
#2601=CARTESIAN_POINT('',(0.00790628746914268,0.00238454599516411,0.0142427396373939));
#2602=CARTESIAN_POINT('',(0.00826296670677986,0.00193209907801371,0.0134840387814209));
#2603=CARTESIAN_POINT('',(0.00851212807416756,0.00156891645026305,0.0127397342985001));
#2604=CARTESIAN_POINT('',(0.00871276936968312,0.00123124070973703,0.011915747580514));
#2605=CARTESIAN_POINT('',(0.0087127693521008,0.00123124070973703,0.0119157475762327));
#2606=CARTESIAN_POINT('',(0.00871378584442518,0.00122570906403747,0.0119022136563112));
#2607=CARTESIAN_POINT('',(0.00871314902989883,0.00122755353048708,0.011906678901032));
#2608=CARTESIAN_POINT('',(0.00871250685130467,0.00122938478675327,0.0119111515049203));
#2609=CARTESIAN_POINT('',(0.00871185917814538,0.00123120280875843,0.011915631369053));
#2610=CARTESIAN_POINT('',(0.00871599228272359,0.00122581148420066,0.0119024859191884));
#2611=CARTESIAN_POINT('',(0.00871599229697622,0.00122581146029813,0.0119024858604267));
#2612=CARTESIAN_POINT('',(0.0089261256944981,0.000871625423087721,0.0110361336096535));
#2613=CARTESIAN_POINT('',(0.0090702919095785,0.000564236738439789,0.0101146727303135));
#2614=CARTESIAN_POINT('',(0.00915999999999993,0.00030364540635442,0.00915000000000307));
#2615=CARTESIAN_POINT('',(0.00915999999984135,0.000303645394043558,0.00915000000171291));
#2616=CARTESIAN_POINT('',(0.00915999999999794,0.00915000000000311,0.00915000000000311));
#2617=CARTESIAN_POINT('',(0.00915999999999917,0.00620121513545179,0.00915000000000311));
#2618=CARTESIAN_POINT('',(0.0091600000000004,0.00325243027090047,0.00915000000000311));
#2619=CARTESIAN_POINT('',(0.00916000000000164,0.000303645406349146,0.00915000000000311));
#2620=CARTESIAN_POINT('',(0.00915999999991767,0.00915000000091807,0.00915000000086618));
#2621=CARTESIAN_POINT('',(0.00915999999999793,0.00915000000000307,0.00915000000000307));
#2622=CARTESIAN_POINT('',(0.00903657215268422,0.00915000000000304,0.0104772769256982));
#2623=CARTESIAN_POINT('',(0.00859043456891113,0.00915000000000295,0.0131376294386922));
#2624=CARTESIAN_POINT('',(0.00731207186486778,0.00915000000000266,0.0154811443678361));
#2625=CARTESIAN_POINT('',(0.00648076849179865,0.00915000000000246,0.0165223650216939));
#2626=CARTESIAN_POINT('',(0.00738741026775994,0.00177388779223628,0.0136439818062098));
#2627=CARTESIAN_POINT('',(0.00676292907161369,0.00126450626010335,0.0142635201140732));
#2628=CARTESIAN_POINT('',(0.00676714549012111,0.00126202400963484,0.014256090401618));
#2629=CARTESIAN_POINT('',(0.00677140463703017,0.00125957322688926,0.0142486894572556));
#2630=CARTESIAN_POINT('',(0.00677570621089145,0.00125715329112177,0.014241318092209));
#2631=CARTESIAN_POINT('',(0.0067756778486893,0.00125400303423398,0.0142423350044274));
#2632=CARTESIAN_POINT('',(0.00677570629033127,0.00125715297827961,0.0142413171259967));
#2633=CARTESIAN_POINT('',(0.00739222650139666,0.00133217725064143,0.0144907153836612));
#2634=CARTESIAN_POINT('',(0.00782830873941937,0.00176738985799196,0.0144912405332392));
#2635=CARTESIAN_POINT('',(0.0079033003187246,0.00238451764392861,0.0142417715512015));
#2636=CARTESIAN_POINT('',(0.00871276934770521,0.00123124070973703,0.0119157475751623));
#2637=CARTESIAN_POINT('',(0.00862752963121492,0.00137469569597359,0.0122658020626826));
#2638=CARTESIAN_POINT('',(0.00840385606369376,0.00172632070942846,0.0130600169230314));
#2639=CARTESIAN_POINT('',(0.00810175435762089,0.00213659662838632,0.0138269573883704));
#2640=CARTESIAN_POINT('',(0.00790628746916625,0.00238454599516411,0.0142427396373437));
#2641=CARTESIAN_POINT('',(0.00870642633501441,0.00111799918551845,0.0119417964658369));
#2642=CARTESIAN_POINT('',(0.00861951650879136,0.00125380357353938,0.0122959928362946));
#2643=CARTESIAN_POINT('',(0.00839080564490313,0.00158945243599958,0.0131009738572786));
#2644=CARTESIAN_POINT('',(0.00808002454331408,0.00198887098409446,0.0138796898721388));
#2645=CARTESIAN_POINT('',(0.00787878112694033,0.00223247613144704,0.0143012490295093));
#2646=CARTESIAN_POINT('',(0.00868611203621904,0.000893288532824731,0.0119916048532727));
#2647=CARTESIAN_POINT('',(0.00859542475687692,0.00101379435756365,0.0123537576921012));
#2648=CARTESIAN_POINT('',(0.00835582427247419,0.00131738668861237,0.013179370360387));
#2649=CARTESIAN_POINT('',(0.00802728304810054,0.00169477657502295,0.0139807292351483));
#2650=CARTESIAN_POINT('',(0.00781445935909599,0.00192934603697306,0.0144134171287203));
#2651=CARTESIAN_POINT('',(0.00845879743677017,0.000600854187843541,0.0120075099701133));
#2652=CARTESIAN_POINT('',(0.00835153223232335,0.000701108581882588,0.0123721834180202));
#2653=CARTESIAN_POINT('',(0.00807586183079865,0.000961849180296796,0.0132043558904771));
#2654=CARTESIAN_POINT('',(0.00771808592455488,0.00130850411898444,0.0140129190650457));
#2655=CARTESIAN_POINT('',(0.00749152643509332,0.00153016397150803,0.0144491314472967));
#2656=CARTESIAN_POINT('',(0.00818121877011047,0.000463836588588857,0.0119733053471411));
#2657=CARTESIAN_POINT('',(0.00805492863291141,0.00055300417877782,0.012332508778029));
#2658=CARTESIAN_POINT('',(0.00773924177710283,0.000788295674564277,0.0131504143286298));
#2659=CARTESIAN_POINT('',(0.00735348462420199,0.00110998427179884,0.0139433352024869));
#2660=CARTESIAN_POINT('',(0.00711547539158283,0.00131833955529124,0.0143718555444065));
#2661=CARTESIAN_POINT('',(0.00801383223891276,0.000452414487846151,0.0119353292450478));
#2662=CARTESIAN_POINT('',(0.00787615242445582,0.000538973950186048,0.0122884583062579));
#2663=CARTESIAN_POINT('',(0.00753660620653775,0.000766508295806221,0.0130906030446024));
#2664=CARTESIAN_POINT('',(0.00713445066749113,0.00107498055270147,0.0138662428332479));
#2665=CARTESIAN_POINT('',(0.00688971574861025,0.00127461262616656,0.0142862641767522));
#2666=CARTESIAN_POINT('',(0.00792889788410412,0.000447690810505791,0.0119157983915166));
#2667=CARTESIAN_POINT('',(0.00778548013654212,0.000533002506485199,0.0122658173359354));
#2668=CARTESIAN_POINT('',(0.00743395539518616,0.000756760696531697,0.0130598682462377));
#2669=CARTESIAN_POINT('',(0.00702366401093984,0.00105871391722505,0.0138266579505847));
#2670=CARTESIAN_POINT('',(0.00677567784920782,0.00125400561509078,0.0142423337921385));
#2671=CARTESIAN_POINT('',(0.00677567784922679,0.00125400561509421,0.0142423337921458));
#2672=CARTESIAN_POINT('',(0.00721639500250812,0.000906936244198045,0.0135036011455398));
#2673=CARTESIAN_POINT('',(0.00760094511987034,0.000642772709330465,0.0127161852495886));
#2674=CARTESIAN_POINT('',(0.00792889788411902,0.00044769081050662,0.01191579839152));
#2675=CARTESIAN_POINT('',(0.00792890739439843,0.000447684284214562,0.0119157753833223));
#2676=CARTESIAN_POINT('',(0.00871185917814538,0.00123120280875843,0.011915631369053));
#2677=CARTESIAN_POINT('',(0.00871436932158391,0.00100493881077952,0.011969767686259));
#2678=CARTESIAN_POINT('',(0.00861135927960095,0.000714461791244387,0.0120174248597717));
#2679=CARTESIAN_POINT('',(0.00822267250850778,0.000472176330896069,0.0119814224006875));
#2680=CARTESIAN_POINT('',(0.00803079790427072,0.000447190940855353,0.0119400961962734));
#2681=CARTESIAN_POINT('',(0.0079289363336506,0.000448480656772718,0.0119156966644629));
#2682=CARTESIAN_POINT('',(0.00824383496785068,0.000915155595229363,0.0115151188300462));
#2683=CARTESIAN_POINT('',(0.00792894216591386,0.000448477253200089,0.0119156724388574));
#2684=CARTESIAN_POINT('',(0.00793075669601757,0.000447816566781001,0.0119111997606468));
#2685=CARTESIAN_POINT('',(0.00793258438800704,0.000447161289136807,0.0119067342733738));
#2686=CARTESIAN_POINT('',(0.00793442521779637,0.000446511291675323,0.011902276074851));
#2687=CARTESIAN_POINT('',(0.00793432569212696,0.000444463509455581,0.0119025334431355));
#2688=CARTESIAN_POINT('',(0.00793442514291543,0.000446511272984291,0.0119022758972739));
#2689=CARTESIAN_POINT('',(0.00813819733076608,0.000442743029330784,0.0119510315295752));
#2690=CARTESIAN_POINT('',(0.00855348753862792,0.000590227089499819,0.0120136706207944));
#2691=CARTESIAN_POINT('',(0.00871780440250241,0.000988451285859372,0.0119589121171747));
#2692=CARTESIAN_POINT('',(0.0087137858652466,0.0012257090041612,0.0119022135101525));
#2693=CARTESIAN_POINT('',(0.00916000000000748,0.000303645406354419,0.00914999999992186));
#2694=CARTESIAN_POINT('',(0.00910028817814077,0.000477101146293017,0.00979210893305758));
#2695=CARTESIAN_POINT('',(0.00897668890487343,0.000763841320431108,0.0107150714669282));
#2696=CARTESIAN_POINT('',(0.00878359684507836,0.00111186200118272,0.0116237612354907));
#2697=CARTESIAN_POINT('',(0.00871599229697621,0.00122581146029813,0.0119024858604267));
#2698=CARTESIAN_POINT('',(0.00915961265319086,0.00025846643918505,0.00915416532003747));
#2699=CARTESIAN_POINT('',(0.00909950981070902,0.000415168096438944,0.00979904569561592));
#2700=CARTESIAN_POINT('',(0.00897492221566733,0.000678128872287947,0.0107280542029289));
#2701=CARTESIAN_POINT('',(0.00877864339412054,0.00100500389382195,0.0116463463009855));
#2702=CARTESIAN_POINT('',(0.00870971239411337,0.00111285994023921,0.011928377070696));
#2703=CARTESIAN_POINT('',(0.00915562811821067,0.000169010469180466,0.00916211358993279));
#2704=CARTESIAN_POINT('',(0.00909358310888346,0.000292449613886213,0.00981228582520075));
#2705=CARTESIAN_POINT('',(0.00896540167989131,0.000508316334066075,0.0107528388634538));
#2706=CARTESIAN_POINT('',(0.00876147435024409,0.000793058580017369,0.0116895193548657));
#2707=CARTESIAN_POINT('',(0.00868954629395766,0.000888730284740624,0.0119778841703564));
#2708=CARTESIAN_POINT('',(0.00906709792521349,5.32418999814287E-5,0.00916464657613239));
#2709=CARTESIAN_POINT('',(0.00897193028734277,0.000133616158897147,0.00981651171653884));
#2710=CARTESIAN_POINT('',(0.00879636049380075,0.000288212472423206,0.0107607686985339));
#2711=CARTESIAN_POINT('',(0.00854798369997213,0.0005175174862412,0.0117033120675233));
#2712=CARTESIAN_POINT('',(0.00846285623675277,0.00059706202783835,0.0119936912204632));
#2713=CARTESIAN_POINT('',(0.00895688393022438,1.72028113913126E-6,0.00915918857900713));
#2714=CARTESIAN_POINT('',(0.0088207728068515,6.26106002158521E-5,0.00980742674623303));
#2715=CARTESIAN_POINT('',(0.00858696860329043,0.000188963904833528,0.010743785858339));
#2716=CARTESIAN_POINT('',(0.0082862777806134,0.000389745227587071,0.0116736836923564));
#2717=CARTESIAN_POINT('',(0.00818599897715057,0.000460464120114489,0.0119596932004269));
#2718=CARTESIAN_POINT('',(0.00889023881905894,2.90510111137371E-7,0.00915312399000463));
#2719=CARTESIAN_POINT('',(0.00872934872843764,6.02982559898026E-5,0.00979733033198363));
#2720=CARTESIAN_POINT('',(0.00846046138087258,0.000184772680724429,0.0107249006029631));
#2721=CARTESIAN_POINT('',(0.00812839282632366,0.000380490171963857,0.0116407733471395));
#2722=CARTESIAN_POINT('',(0.00801904242812298,0.000449140532067191,0.0119219462966753));
#2723=CARTESIAN_POINT('',(0.008856354593682,-5.08100506113607E-15,0.00914999999991743));
#2724=CARTESIAN_POINT('',(0.00868289885374262,5.97137645425225E-5,0.0097921298236104));
#2725=CARTESIAN_POINT('',(0.00839617520892158,0.000183460901637266,0.0107151753310837));
#2726=CARTESIAN_POINT('',(0.00804824580209057,0.000376805259794997,0.0116238439848485));
#2727=CARTESIAN_POINT('',(0.0079343256923236,0.000444464023615251,0.0119025333184096));
#2728=CARTESIAN_POINT('',(0.0079343256923236,0.000444464023615251,0.0119025333184096));
#2729=CARTESIAN_POINT('',(0.00830346554907499,0.000225226643703479,0.0109994852009239));
#2730=CARTESIAN_POINT('',(0.00860547499776505,8.63676527783574E-5,0.0100787514540381));
#2731=CARTESIAN_POINT('',(0.008856354593682,-5.08100506113607E-15,0.00914999999991743));
#2732=CARTESIAN_POINT('',(0.00885635459367688,-1.01134378649448E-15,0.00914999999996053));
#2733=CARTESIAN_POINT('',(0.008856354593682,-5.08100506113607E-15,0.00914999999991743));
#2734=CARTESIAN_POINT('',(0.00893541778622818,6.77856932752189E-7,0.00915728931012079));
#2735=CARTESIAN_POINT('',(0.00911281277111388,4.63532995261471E-5,0.00916953834364562));
#2736=CARTESIAN_POINT('',(0.00915932214307839,0.000224582213808085,0.00915728931012427));
#2737=CARTESIAN_POINT('',(0.00916000000000748,0.000303645406354419,0.00914999999992186));
#2738=CARTESIAN_POINT('',(0.00916126756629896,0.000299914744235328,0.00913636927130522));
#2739=CARTESIAN_POINT('',(0.00916125851279755,0.000299941390219991,0.00913646662780767));
#2740=CARTESIAN_POINT('',(0.00916124945929614,0.000299968036204653,0.00913656398431011));
#2741=CARTESIAN_POINT('',(0.00916124040579473,0.000299994682189318,0.00913666134081256));
#2742=CARTESIAN_POINT('',(0.00916082693715088,0.000301211590283009,0.00914110756103289));
#2743=CARTESIAN_POINT('',(0.00916041346854748,0.000302428498365458,0.00914555378081819));
#2744=CARTESIAN_POINT('',(0.00916000000000748,0.000303645406354419,0.00914999999992186));
#2745=CARTESIAN_POINT('',(0.00916088335071165,0.000255102254337199,0.00914050080267736));
#2746=CARTESIAN_POINT('',(0.00916087428706604,0.000255126286443021,0.00914059840130966));
#2747=CARTESIAN_POINT('',(0.00916086522342043,0.000255150318548844,0.00914069599994196));
#2748=CARTESIAN_POINT('',(0.00916085615977482,0.000255174350654669,0.00914079359857425));
#2749=CARTESIAN_POINT('',(0.00916044222785081,0.000256271884277709,0.00914525087673734));
#2750=CARTESIAN_POINT('',(0.00916002652536897,0.000257368887798979,0.00914970803910649));
#2751=CARTESIAN_POINT('',(0.00915961265319085,0.00025846643918509,0.00915416532003765));
#2752=CARTESIAN_POINT('',(0.00915701203506292,0.000166375499134639,0.00914839178912802));
#2753=CARTESIAN_POINT('',(0.00915700271433222,0.0001663943432202,0.0091484898463042));
#2754=CARTESIAN_POINT('',(0.00915699339360151,0.000166413187305763,0.00914858790348037));
#2755=CARTESIAN_POINT('',(0.00915698407287081,0.000166432031391328,0.00914868596065655));
#2756=CARTESIAN_POINT('',(0.00915655840000584,0.000167292630859817,0.00915316418027733));
#2757=CARTESIAN_POINT('',(0.009156133830714,0.000168153580751657,0.00915764246949609));
#2758=CARTESIAN_POINT('',(0.00915570868362714,0.000169014129758939,0.00916212074156721));
#2759=CARTESIAN_POINT('',(0.00906916343525158,5.15718663110921E-5,0.00915089842631414));
#2760=CARTESIAN_POINT('',(0.00906914900750224,5.15840232823846E-5,0.00915099663042861));
#2761=CARTESIAN_POINT('',(0.0090691345797529,5.15961802536776E-5,0.00915109483454308));
#2762=CARTESIAN_POINT('',(0.00906912015200357,5.16083372249683E-5,0.00915119303865754));
#2763=CARTESIAN_POINT('',(0.00906846124428594,5.21635397046482E-5,0.0091556779688727));
#2764=CARTESIAN_POINT('',(0.00906780055132718,5.27177669566881E-5,0.00916016282332092));
#2765=CARTESIAN_POINT('',(0.00906714204773254,5.32724746845886E-5,0.00916464783598939));
#2766=CARTESIAN_POINT('',(0.00895980146161447,4.33291088843988E-7,0.00914548404097269));
#2767=CARTESIAN_POINT('',(0.00895978062748919,4.42444421034065E-7,0.00914558192865546));
#2768=CARTESIAN_POINT('',(0.00895975979336391,4.51597753223926E-7,0.00914567981633823));
#2769=CARTESIAN_POINT('',(0.00895973895923862,4.60751085413352E-7,0.00914577770402101));
#2770=CARTESIAN_POINT('',(0.00895878747570365,8.78778948413747E-7,0.00915024818296728));
#2771=CARTESIAN_POINT('',(0.00895783780868151,1.29770239153462E-6,0.00915471874711149));
#2772=CARTESIAN_POINT('',(0.00895688626856122,1.71535573866184E-6,0.00915918925448721));
#2773=CARTESIAN_POINT('',(0.00889369460647375,-9.79418416971337E-7,0.0091394679195624));
#2774=CARTESIAN_POINT('',(0.00889366993987323,-9.70341635021365E-7,0.00913956545796935));
#2775=CARTESIAN_POINT('',(0.00889364527327272,-9.6126485307161E-7,0.0091396629963763));
#2776=CARTESIAN_POINT('',(0.00889362060667219,-9.52188071121421E-7,0.00913976053478326));
#2777=CARTESIAN_POINT('',(0.00889249409601051,-5.37656217321908E-7,0.00914421506248665));
#2778=CARTESIAN_POINT('',(0.00889136525098311,-1.24052936830918E-7,0.00914866945901722));
#2779=CARTESIAN_POINT('',(0.00889023881905902,2.90510111277884E-7,0.00915312399000588));
#2780=CARTESIAN_POINT('',(0.00886008525575918,-1.26756630692854E-6,0.00913636927130355));
#2781=CARTESIAN_POINT('',(0.00886005860977455,-1.25851280551124E-6,0.00913646662780599));
#2782=CARTESIAN_POINT('',(0.00886003196378991,-1.24945930409393E-6,0.00913656398430843));
#2783=CARTESIAN_POINT('',(0.00886000531780528,-1.24040580267923E-6,0.00913666134081088));
#2784=CARTESIAN_POINT('',(0.00885878840971278,-8.26937158538918E-7,0.00914110756103118));
#2785=CARTESIAN_POINT('',(0.00885757150167105,-4.13468544959231E-7,0.00914555378081501));
#2786=CARTESIAN_POINT('',(0.00885635459368209,-4.96130914129367E-15,0.00914999999991868));
#2787=CARTESIAN_POINT('',(0.00916,0.000303645394043558,0.00915000000000307));
#2788=CARTESIAN_POINT('',(0.00915999999950325,0.000221070975929216,0.00915000000000307));
#2789=CARTESIAN_POINT('',(0.00911471037932718,4.48741014399027E-5,0.00915000000004429));
#2790=CARTESIAN_POINT('',(0.00893887072340648,1.09968402848504E-16,0.00914999999992072));
#2791=CARTESIAN_POINT('',(0.00885635459370393,-4.77048955893622E-15,0.0091499999999207));
#2792=CARTESIAN_POINT('',(0.00885635459368435,2.9993368899639E-15,0.009150000000003));
#2793=CARTESIAN_POINT('',(0.00877322746821374,8.62434872671222E-5,0.010077416244625));
#2794=CARTESIAN_POINT('',(0.00863508359220655,0.000229784783294851,0.0110200338991849));
#2795=CARTESIAN_POINT('',(0.00823261029529171,0.000647296656109768,0.0127383263636654));
#2796=CARTESIAN_POINT('',(0.00797979986102463,0.000909470133044682,0.013510991881633));
#2797=CARTESIAN_POINT('',(0.00727177140427781,0.00164181758146143,0.0150670390674791));
#2798=CARTESIAN_POINT('',(0.00680272780307685,0.002126308538953,0.0158368433496945));
#2799=CARTESIAN_POINT('',(0.00623052307273041,0.00271660488100218,0.016568941246485));
#2800=CARTESIAN_POINT('',(0.0059075697291229,2.33320307518881E-15,0.00915000000000233));
#2801=CARTESIAN_POINT('',(0.00585215164547575,8.88199898418512E-5,0.010104871294331));
#2802=CARTESIAN_POINT('',(0.00576040456350737,0.00023805885285042,0.0110616600141742));
#2803=CARTESIAN_POINT('',(0.00549340750983218,0.000665564279580099,0.0127927454221678));
#2804=CARTESIAN_POINT('',(0.00532657611428116,0.000932584591315311,0.01356532698604));
#2805=CARTESIAN_POINT('',(0.00485345904941538,0.00166663564641886,0.0151079068801043));
#2806=CARTESIAN_POINT('',(0.00453896793494477,0.00214702930086623,0.0158634484443118));
#2807=CARTESIAN_POINT('',(0.00415709588917516,0.00272275634046002,0.0165765307320246));
#2808=CARTESIAN_POINT('',(0.00295878486456145,1.66706926041371E-15,0.00915000000000167));
#2809=CARTESIAN_POINT('',(0.00293107582273775,9.13531132354806E-5,0.0101323624240807));
#2810=CARTESIAN_POINT('',(0.00288459894047701,0.000238605066839379,0.0110765632036761));
#2811=CARTESIAN_POINT('',(0.00274881999133171,0.000664533185204048,0.0128057357929201));
#2812=CARTESIAN_POINT('',(0.00266244861201547,0.000939007631758538,0.0135930288926075));
#2813=CARTESIAN_POINT('',(0.00242778932866226,0.0016834745854011,0.0151382710250432));
#2814=CARTESIAN_POINT('',(0.00227364903871775,0.00216646407122215,0.0158875947578376));
#2815=CARTESIAN_POINT('',(0.00208340870007479,0.00272870770369837,0.0165837045693308));
#2816=CARTESIAN_POINT('',(9.9999999999957E-6,9.99200722162641E-16,0.009150000000001));
#2817=CARTESIAN_POINT('',(9.99999999974615E-6,9.3907926219659E-5,0.0101598355138086));
#2818=CARTESIAN_POINT('',(9.99999999949479E-6,0.000247416408107898,0.0111200990764351));
#2819=CARTESIAN_POINT('',(9.99999999900315E-6,0.00068417962920804,0.0128630942290454));
#2820=CARTESIAN_POINT('',(9.99999999876302E-6,0.00096331440364265,0.0136492525436713));
#2821=CARTESIAN_POINT('',(9.9999999982497E-6,0.00170884878303858,0.0151798947576605));
#2822=CARTESIAN_POINT('',(9.99999999797604E-6,0.00218726228858691,0.0159143862586852));
#2823=CARTESIAN_POINT('',(9.99999999769932E-6,0.00273487338775323,0.0165913236027982));
#2824=CARTESIAN_POINT('',(-0.004585,-2.04003480774872E-15,0.00915));
#2825=CARTESIAN_POINT('',(0.00595320874563225,0.0142086118446986,0.0162556860506854));
#2826=CARTESIAN_POINT('',(0.00647856550473862,0.00915000043861894,0.0165207901898764));
#2827=CARTESIAN_POINT('',(0.00646498059630791,0.0108359644264984,0.016537863480529));
#2828=CARTESIAN_POINT('',(0.00645140980863039,0.0125219289226184,0.0165548952951452));
#2829=CARTESIAN_POINT('',(0.00643785375027552,0.0142078939274446,0.0165718859005031));
#2830=CARTESIAN_POINT('',(0.00643889177953825,0.014207895448271,0.0165725631880393));
#2831=CARTESIAN_POINT('',(0.00643785374812067,0.014207894176267,0.0165718859032469));
#2832=CARTESIAN_POINT('',(0.00631657756071386,0.0142039685921616,0.0167577651529783));
#2833=CARTESIAN_POINT('',(0.00608135669493545,0.0142002861296641,0.0168620370528014));
#2834=CARTESIAN_POINT('',(0.00586215475592534,0.0141981421646198,0.0168270797622036));
#2835=CARTESIAN_POINT('',(0.00505797667090517,0.0150012233246839,0.0168327187811375));
#2836=CARTESIAN_POINT('',(0.00508891497008546,0.0150017339929298,0.0168331775095203));
#2837=CARTESIAN_POINT('',(0.00521406570086547,0.0150034110676024,0.0168350331295525));
#2838=CARTESIAN_POINT('',(0.00539506383920364,0.0150041197014592,0.016837542968385));
#2839=CARTESIAN_POINT('',(0.0055929375810482,0.0149555677755919,0.0168390972505711));
#2840=CARTESIAN_POINT('',(0.00569966614747127,0.0148832164350075,0.0168393507978152));
#2841=CARTESIAN_POINT('',(0.00576020304779867,0.0148122945866698,0.0168392699886298));
#2842=CARTESIAN_POINT('',(0.00580858479717305,0.0147362223241293,0.0168390339499658));
#2843=CARTESIAN_POINT('',(0.00584718377163111,0.0146203017152703,0.0168382794255211));
#2844=CARTESIAN_POINT('',(0.00586597958039155,0.0144291797850108,0.0168361571671058));
#2845=CARTESIAN_POINT('',(0.00586273504883327,0.014287915477842,0.0168340535399389));
#2846=CARTESIAN_POINT('',(0.00586125544947434,0.0141980925201125,0.0168327219658715));
#2847=CARTESIAN_POINT('',(0.00505861543160131,0.0150638461707064,0.0168357687536273));
#2848=CARTESIAN_POINT('',(0.0050895366896425,0.0150643294921667,0.0168361460032257));
#2849=CARTESIAN_POINT('',(0.00521527952562053,0.0150651471934857,0.0168376760312725));
#2850=CARTESIAN_POINT('',(0.00540069417270922,0.0150630482537377,0.0168396502632473));
#2851=CARTESIAN_POINT('',(0.00561447573846445,0.0150025082033881,0.016840672945756));
#2852=CARTESIAN_POINT('',(0.00573204515851161,0.0149202387488845,0.0168407934892787));
#2853=CARTESIAN_POINT('',(0.00579960410112765,0.0148420015419454,0.0168407536112732));
#2854=CARTESIAN_POINT('',(0.00585481620707329,0.0147584027668016,0.0168406197214319));
#2855=CARTESIAN_POINT('',(0.00590145581698559,0.014632259671525,0.0168401494714732));
#2856=CARTESIAN_POINT('',(0.00592715545389739,0.0144312884554633,0.0168385795103774));
#2857=CARTESIAN_POINT('',(0.00592506378768003,0.0142886247738674,0.0168368713153201));
#2858=CARTESIAN_POINT('',(0.00592386847583596,0.0141987333370892,0.0168357712157177));
#2859=CARTESIAN_POINT('',(0.00505992298414844,0.0151894680395454,0.0168399464865032));
#2860=CARTESIAN_POINT('',(0.00509088919441269,0.0151896975493072,0.0168400980469834));
#2861=CARTESIAN_POINT('',(0.00521762441182528,0.0151892959691463,0.0168411746533755));
#2862=CARTESIAN_POINT('',(0.00541178803912136,0.0151813651798665,0.0168420983936357));
#2863=CARTESIAN_POINT('',(0.00565760798766516,0.0150967492534396,0.0168424513003985));
#2864=CARTESIAN_POINT('',(0.0057968400606981,0.0149946373727749,0.0168423642255817));
#2865=CARTESIAN_POINT('',(0.00587878682359069,0.0149014914977275,0.0168424143745713));
#2866=CARTESIAN_POINT('',(0.00594754002091029,0.0148028637423658,0.0168423782507199));
#2867=CARTESIAN_POINT('',(0.00601037163411672,0.0146561837302828,0.0168423052967359));
#2868=CARTESIAN_POINT('',(0.00604982126277394,0.0144354890808404,0.0168415248302698));
#2869=CARTESIAN_POINT('',(0.00605022936344779,0.0142898721586968,0.016840559007284));
#2870=CARTESIAN_POINT('',(0.00604947086243881,0.0142000450000601,0.0168399483611937));
#2871=CARTESIAN_POINT('',(0.0050628399288399,0.0153785842918658,0.016775968099298));
#2872=CARTESIAN_POINT('',(0.00509380139895915,0.0153784126941524,0.0167760246864109));
#2873=CARTESIAN_POINT('',(0.00522219067864282,0.0153749332428858,0.0167770783553777));
#2874=CARTESIAN_POINT('',(0.00542912494897778,0.0153577880307212,0.0167848801269123));
#2875=CARTESIAN_POINT('',(0.00572244694405874,0.0152379172866939,0.0168006273468015));
#2876=CARTESIAN_POINT('',(0.00589428898937591,0.0151061607805505,0.0168039901771995));
#2877=CARTESIAN_POINT('',(0.00599745003860139,0.0149909051986014,0.0168029974598931));
#2878=CARTESIAN_POINT('',(0.00608652452633312,0.0148696949718793,0.0168002389565172));
#2879=CARTESIAN_POINT('',(0.00617310358049638,0.0146924048846442,0.0167917570366742));
#2880=CARTESIAN_POINT('',(0.0062330831356616,0.0144426697270516,0.0167789501559409));
#2881=CARTESIAN_POINT('',(0.00623797385354799,0.0142928859059298,0.0167762412521316));
#2882=CARTESIAN_POINT('',(0.00623856046444486,0.0142029676324206,0.0167759943558537));
#2883=CARTESIAN_POINT('',(0.0050656027629627,0.0155016019343866,0.0166702397312144));
#2884=CARTESIAN_POINT('',(0.00509658660185468,0.0155012481832127,0.0166704867188108));
#2885=CARTESIAN_POINT('',(0.00522604297209498,0.0154968379104423,0.0166730273737957));
#2886=CARTESIAN_POINT('',(0.00544073414366389,0.0154776550615611,0.0166917097494029));
#2887=CARTESIAN_POINT('',(0.00576824977307403,0.0153383394786005,0.016729278558653));
#2888=CARTESIAN_POINT('',(0.00596412842036462,0.0151861484863366,0.0167376570277452));
#2889=CARTESIAN_POINT('',(0.00608233396244252,0.0150547877983947,0.0167351503983251));
#2890=CARTESIAN_POINT('',(0.00618509127760768,0.0149170875398046,0.0167284397262507));
#2891=CARTESIAN_POINT('',(0.00628577733050466,0.0147175046623882,0.0167080363425875));
#2892=CARTESIAN_POINT('',(0.00635464437014131,0.0144479356303714,0.0166777185881249));
#2893=CARTESIAN_POINT('',(0.00636064294101428,0.0142956062759698,0.0166710488624542));
#2894=CARTESIAN_POINT('',(0.00636156756612322,0.0142057338814423,0.0166702956934935));
#2895=CARTESIAN_POINT('',(0.0050672210078465,0.0155602811410024,0.0165975546504767));
#2896=CARTESIAN_POINT('',(0.00509821014455603,0.015559898452397,0.0165979337784126));
#2897=CARTESIAN_POINT('',(0.00522823125244011,0.0155553249767351,0.0166016326262865));
#2898=CARTESIAN_POINT('',(0.00544635587330432,0.01553731790098,0.0166272378337649));
#2899=CARTESIAN_POINT('',(0.00579210506272081,0.0153910572421721,0.0166791090254799));
#2900=CARTESIAN_POINT('',(0.00600116494236476,0.0152284940882061,0.0166908584212917));
#2901=CARTESIAN_POINT('',(0.00612715060695793,0.0150885205412037,0.0166873436662628));
#2902=CARTESIAN_POINT('',(0.00623670696748905,0.014941862771618,0.0166779909717883));
#2903=CARTESIAN_POINT('',(0.00634315233588069,0.0147302284018139,0.0166497362429604));
#2904=CARTESIAN_POINT('',(0.00641361964522887,0.0144506356702727,0.0166080919503611));
#2905=CARTESIAN_POINT('',(0.00641930121227898,0.0142972082280887,0.0165988026468879));
#2906=CARTESIAN_POINT('',(0.00642024677205751,0.0142073536911647,0.0165976291626575));
#2907=CARTESIAN_POINT('',(0.00506776401093656,0.0155799637754258,0.0165731593261779));
#2908=CARTESIAN_POINT('',(0.00509872581976517,0.0155796057364447,0.0165736043672951));
#2909=CARTESIAN_POINT('',(0.00522901574183387,0.0155747350230328,0.0165775158631962));
#2910=CARTESIAN_POINT('',(0.00544825895612847,0.0155571256489076,0.01660548994212));
#2911=CARTESIAN_POINT('',(0.00580007192598419,0.0154086617225044,0.0166622698627232));
#2912=CARTESIAN_POINT('',(0.00601358492346878,0.0152426356027937,0.0166752039655089));
#2913=CARTESIAN_POINT('',(0.00614209608065053,0.0150998232479002,0.0166713153341607));
#2914=CARTESIAN_POINT('',(0.00625395638857418,0.0149501424135412,0.0166610793583663));
#2915=CARTESIAN_POINT('',(0.00636224326516863,0.0147344764634038,0.0166300915124159));
#2916=CARTESIAN_POINT('',(0.00643324304082833,0.0144515485077995,0.0165846219462813));
#2917=CARTESIAN_POINT('',(0.00643889276288956,0.0142977877563899,0.0165745254494946));
#2918=CARTESIAN_POINT('',(0.00643992980376911,0.014207897217749,0.0165732404818448));
#2919=CARTESIAN_POINT('',(0.0064399297977249,0.0142078977416577,0.016573240489334));
#2920=CARTESIAN_POINT('',(0.00643857612050184,0.0143252331844534,0.0165749178019954));
#2921=CARTESIAN_POINT('',(0.00644256996607651,0.0145849061292087,0.0166029779049397));
#2922=CARTESIAN_POINT('',(0.00610996823775109,0.0152489249567649,0.0167081216418712));
#2923=CARTESIAN_POINT('',(0.00544170189008057,0.0155846632865918,0.0166027259265262));
#2924=CARTESIAN_POINT('',(0.00518510042760316,0.0155786069098983,0.0165748459049641));
#2925=CARTESIAN_POINT('',(0.00506776401093656,0.0155799637754258,0.0165731593261779));
#2926=CARTESIAN_POINT('',(0.00506776401140932,0.0155799637760372,0.0165731593254201));
#2927=CARTESIAN_POINT('',(0.00505802631138131,0.015002122318997,0.0168270780823954));
#2928=CARTESIAN_POINT('',(0.00506016173808975,0.0152213599096927,0.0168620381750812));
#2929=CARTESIAN_POINT('',(0.00506383733816041,0.0154566174535544,0.0167577307286599));
#2930=CARTESIAN_POINT('',(0.00506776104616922,0.0155778899945806,0.0165718066006966));
#2931=CARTESIAN_POINT('',(0.00506849922237235,0.0150931750795218,0.0162556473800044));
#2932=CARTESIAN_POINT('',(0.00506776104610812,0.0155778899945149,0.0165718066007975));
#2933=CARTESIAN_POINT('',(0.00338183905355299,0.0155914704241408,0.0165546823071516));
#2934=CARTESIAN_POINT('',(0.00169591760761446,0.0156050660279049,0.0165375134041046));
#2935=CARTESIAN_POINT('',(9.99670768615413E-6,0.0156186761026197,0.0165202995926735));
#2936=CARTESIAN_POINT('',(0.00789626246245154,0.0159027050398466,0.0142640056715032));
#2937=CARTESIAN_POINT('',(0.00776832447746386,0.0157401459420207,0.014534658402037));
#2938=CARTESIAN_POINT('',(0.00738997147600881,0.0152752714489932,0.0152572841321709));
#2939=CARTESIAN_POINT('',(0.00694524398289192,0.0147671362264399,0.0159190357221809));
#2940=CARTESIAN_POINT('',(0.00657670123609413,0.0143582967467059,0.0164014751066658));
#2941=CARTESIAN_POINT('',(0.00650870134533709,0.0142833151504355,0.0164880300444101));
#2942=CARTESIAN_POINT('',(0.00643982118782699,0.0142077781033217,0.0165733750628459));
#2943=CARTESIAN_POINT('',(0.00786846284610858,0.0160550001810533,0.0143228157432089));
#2944=CARTESIAN_POINT('',(0.00773682716578897,0.0158953771706981,0.0145972021454565));
#2945=CARTESIAN_POINT('',(0.0073475448177891,0.015436861449057,0.0153291134408279));
#2946=CARTESIAN_POINT('',(0.00689122715103066,0.014931406407417,0.0159964946646265));
#2947=CARTESIAN_POINT('',(0.00651432864609582,0.014523725657164,0.0164816345109301));
#2948=CARTESIAN_POINT('',(0.0064448202027684,0.0144489121022626,0.0165686325254428));
#2949=CARTESIAN_POINT('',(0.00637446656536328,0.014373513670573,0.0166543518152323));
#2950=CARTESIAN_POINT('',(0.00780355100851829,0.0163585944356797,0.0144355632353595));
#2951=CARTESIAN_POINT('',(0.00766446730105936,0.0162050048534222,0.0147171406863864));
#2952=CARTESIAN_POINT('',(0.00725344365385025,0.0157597201878749,0.0154669930408892));
#2953=CARTESIAN_POINT('',(0.00677430913934873,0.0152600566806823,0.01614519090713));
#2954=CARTESIAN_POINT('',(0.00638105856905372,0.0148549380524393,0.0166356075081684));
#2955=CARTESIAN_POINT('',(0.00630861475634742,0.0147805089805775,0.0167234495789803));
#2956=CARTESIAN_POINT('',(0.00623538479426472,0.0147054261974782,0.0168099041670977));
#2957=CARTESIAN_POINT('',(0.00747990470380799,0.0167584424735137,0.0144714810914356));
#2958=CARTESIAN_POINT('',(0.0073317440878172,0.0166135009907958,0.0147553591609856));
#2959=CARTESIAN_POINT('',(0.00689849694854545,0.0161877440916216,0.015510977936037));
#2960=CARTESIAN_POINT('',(0.00640429619909217,0.0156977057004874,0.0161926076390182));
#2961=CARTESIAN_POINT('',(0.00600186172671206,0.0152974110117854,0.0166847223183625));
#2962=CARTESIAN_POINT('',(0.00592784700943484,0.0152237306221682,0.0167728489374613));
#2963=CARTESIAN_POINT('',(0.0058531341668932,0.0151493159860068,0.0168595484923137));
#2964=CARTESIAN_POINT('',(0.00710325001748863,0.016970946033832,0.0143938319393226));
#2965=CARTESIAN_POINT('',(0.00694737304254782,0.0168346845496955,0.0146727663942853));
#2966=CARTESIAN_POINT('',(0.00649703726227999,0.0164318321466494,0.0154160475780638));
#2967=CARTESIAN_POINT('',(0.00599514752357273,0.0159612542046002,0.0160901646131534));
#2968=CARTESIAN_POINT('',(0.00558917608268967,0.0155739794582016,0.0165787015540717));
#2969=CARTESIAN_POINT('',(0.00551462786698031,0.0155025984671717,0.016666250278166));
#2970=CARTESIAN_POINT('',(0.00543945604267049,0.0154303926909773,0.0167524632600192));
#2971=CARTESIAN_POINT('',(0.00687713774544844,0.0170151159230975,0.0143078161207546));
#2972=CARTESIAN_POINT('',(0.00671675833142069,0.0168844568501854,0.014581279567038));
#2973=CARTESIAN_POINT('',(0.00625653253562223,0.0164980174488794,0.0153109224870989));
#2974=CARTESIAN_POINT('',(0.00575027453794922,0.0160448399901088,0.0159767800096353));
#2975=CARTESIAN_POINT('',(0.00534232440656796,0.0156700827058435,0.0164613383228402));
#2976=CARTESIAN_POINT('',(0.0052674762486183,0.0156009501611323,0.0165482524639638));
#2977=CARTESIAN_POINT('',(0.00519205154503751,0.0155309457197824,0.0166339191400024));
#2978=CARTESIAN_POINT('',(0.00676292773893146,0.0170359427214644,0.0142636683707831));
#2979=CARTESIAN_POINT('',(0.00660034710435919,0.0169080612035226,0.0145343323166916));
#2980=CARTESIAN_POINT('',(0.00613534957215793,0.0165298190559117,0.015257017974117));
#2981=CARTESIAN_POINT('',(0.00562708952460819,0.0160853380921923,0.0159186375281362));
#2982=CARTESIAN_POINT('',(0.00521827063698639,0.0157168618171976,0.0164011815205871));
#2983=CARTESIAN_POINT('',(0.00514329479089977,0.0156488617789282,0.0164877678373701));
#2984=CARTESIAN_POINT('',(0.00506776401093623,0.0155799637754259,0.0165731593261778));
#2985=CARTESIAN_POINT('',(0.00789626204145031,0.0159027050398466,0.0142640054724752));
#2986=CARTESIAN_POINT('',(0.0078024065431432,0.015783461277799,0.0144625366853571));
#2987=CARTESIAN_POINT('',(0.00764801981641303,0.0155920976852633,0.0147655119295578));
#2988=CARTESIAN_POINT('',(0.00741768838002626,0.0153162872016468,0.0151703196045081));
#2989=CARTESIAN_POINT('',(0.00722499281457993,0.0150904260814309,0.0154846654128212));
#2990=CARTESIAN_POINT('',(0.00704230812990668,0.0148802566799212,0.0157627831302942));
#2991=CARTESIAN_POINT('',(0.00687913284370342,0.014695446362994,0.0159965504517113));
#2992=CARTESIAN_POINT('',(0.00674669054623085,0.0145471069119073,0.0161776062495763));
#2993=CARTESIAN_POINT('',(0.00666433982721846,0.0144554323265312,0.0162871426660769));
#2994=CARTESIAN_POINT('',(0.00660115075046646,0.0143854666647229,0.0163692045324926));
#2995=CARTESIAN_POINT('',(0.0065735599623258,0.014354942417193,0.0164047919729736));
#2996=CARTESIAN_POINT('',(0.00651147372691397,0.0142865066365135,0.016484040301204));
#2997=CARTESIAN_POINT('',(0.0064597648883612,0.0142300449220094,0.0165486691543215));
#2998=CARTESIAN_POINT('',(0.00644225414062846,0.0142106529278367,0.0165703604626183));
#2999=CARTESIAN_POINT('',(0.00643992980376669,0.0142078383168862,0.0165732404818478));
#3000=CARTESIAN_POINT('',(0.00789626237825129,0.0159027050398466,0.0142640056316976));
#3001=CARTESIAN_POINT('',(0.00676292912553835,0.0170354940299201,0.0142635192421479));
#3002=CARTESIAN_POINT('',(0.00737883102982103,0.0169546581522451,0.014512100779158));
#3003=CARTESIAN_POINT('',(0.00781515281996848,0.0165191980245276,0.014512595477321));
#3004=CARTESIAN_POINT('',(0.00789594281986701,0.0159027061441668,0.0142638990968569));
#3005=CARTESIAN_POINT('',(0.00676292749880756,0.0170359449184064,0.0142636698964305));
#3006=CARTESIAN_POINT('',(0.00676292749931783,0.0170359425329908,0.0142636687696915));
#3007=CARTESIAN_POINT('',(0.00625406556968762,0.016635685525557,0.015110821130612));
#3008=CARTESIAN_POINT('',(0.00567787164429185,0.0161364944756252,0.0158834008042836));
#3009=CARTESIAN_POINT('',(0.00506776401093623,0.0155799637754259,0.0165731593261778));
#3010=CARTESIAN_POINT('',(0.00643992980376783,0.00915000000000245,0.0165732404818478));
#3011=CARTESIAN_POINT('',(0.00643992980376582,0.0180494327212184,0.0165732404818478));
#3012=CARTESIAN_POINT('',(0.00728586095067091,0.00915000000000262,0.0155250714277256));
#3013=CARTESIAN_POINT('',(0.0072858609506689,0.0180494327212185,0.0155250714277256));
#3014=CARTESIAN_POINT('',(0.00859175872217414,0.00915000000000302,0.0131455202779336));
#3015=CARTESIAN_POINT('',(0.00859175872217213,0.0180494327212189,0.0131455202779336));
#3016=CARTESIAN_POINT('',(0.00903574066500005,0.00915000000000301,0.0104862182986641));
#3017=CARTESIAN_POINT('',(0.00903574066499804,0.0180494327212189,0.0104862182986641));
#3018=CARTESIAN_POINT('',(0.00915999999999793,0.00915000000000307,0.00915000000000307));
#3019=CARTESIAN_POINT('',(0.00915999999999592,0.018049432721219,0.00915000000000307));
#3020=CARTESIAN_POINT('',(0.00915999999999764,0.0179963545936571,0.00915000000000311));
#3021=CARTESIAN_POINT('',(0.00915999999999773,0.0150475697291058,0.00915000000000311));
#3022=CARTESIAN_POINT('',(0.00915999999999783,0.0120987848645544,0.00915000000000311));
#3023=CARTESIAN_POINT('',(0.00915999999999794,0.00915000000000311,0.00915000000000311));
#3024=CARTESIAN_POINT('',(0.00915999999983735,0.0179963546059632,0.00915000000171291));
#3025=CARTESIAN_POINT('',(0.00915999999999593,0.0179963545936517,0.00915000000000307));
#3026=CARTESIAN_POINT('',(0.00907104924284909,0.0177379632246454,0.0101065287741307));
#3027=CARTESIAN_POINT('',(0.00892743090042479,0.0174305745399975,0.0110307524179491));
#3028=CARTESIAN_POINT('',(0.00871599229697265,0.0170741885397078,0.0119024858604267));
#3029=CARTESIAN_POINT('',(0.00871599228272002,0.0170741885158053,0.0119024859191884));
#3030=CARTESIAN_POINT('',(0.00871185917814661,0.0170687971912472,0.0119156313690542));
#3031=CARTESIAN_POINT('',(0.00871250685130256,0.0170706152132524,0.0119111515049215));
#3032=CARTESIAN_POINT('',(0.00871314902989338,0.0170724464695186,0.0119066789010329));
#3033=CARTESIAN_POINT('',(0.0087137858444164,0.0170742909359683,0.0119022136563121));
#3034=CARTESIAN_POINT('',(0.00871276932937795,0.0170687592902689,0.0119157475707002));
#3035=CARTESIAN_POINT('',(0.00871276925608322,0.0170687592902689,0.0119157475528515));
#3036=CARTESIAN_POINT('',(0.00850930543757464,0.0167263572812498,0.0127512637056775));
#3037=CARTESIAN_POINT('',(0.0082424867887874,0.0163419221861074,0.0135276021001372));
#3038=CARTESIAN_POINT('',(0.0079062874691396,0.0159154540048415,0.0142427396373939));
#3039=CARTESIAN_POINT('',(0.00790628745522942,0.0159154539873086,0.0142427396669826));
#3040=CARTESIAN_POINT('',(0.00789594281986701,0.0159027061441668,0.0142638990968569));
#3041=CARTESIAN_POINT('',(0.00789842623661856,0.0159069225666103,0.0142564944326557));
#3042=CARTESIAN_POINT('',(0.00790087852408267,0.0159111813889319,0.014249118342407));
#3043=CARTESIAN_POINT('',(0.00790330029412211,0.0159154823129806,0.014241771625844));
#3044=CARTESIAN_POINT('',(0.00738741026775662,0.0165261122077691,0.0136439818062098));
#3045=CARTESIAN_POINT('',(0.00790330031872155,0.0159154823560769,0.0142417715512015));
#3046=CARTESIAN_POINT('',(0.007828326272858,0.0165324658541573,0.0144911822060249));
#3047=CARTESIAN_POINT('',(0.00739237040105245,0.0169678052382405,0.0144907735947399));
#3048=CARTESIAN_POINT('',(0.00677570629032771,0.0170428470217254,0.0142413171259967));
#3049=CARTESIAN_POINT('',(0.00677567784868573,0.0170459969657711,0.0142423350044274));
#3050=CARTESIAN_POINT('',(0.00677570621088789,0.0170428467088833,0.014241318092209));
#3051=CARTESIAN_POINT('',(0.00677140455576404,0.0170404267280048,0.0142486895946383));
#3052=CARTESIAN_POINT('',(0.00676714532916922,0.0170379758990041,0.0142560906774884));
#3053=CARTESIAN_POINT('',(0.00676292883256959,0.0170354936011018,0.0142635205294913));
#3054=CARTESIAN_POINT('',(0.00871276934770163,0.0170687592902689,0.0119157475751623));
#3055=CARTESIAN_POINT('',(0.0086275296312114,0.0169253043040323,0.0122658020626826));
#3056=CARTESIAN_POINT('',(0.0084038560636904,0.0165736792905774,0.0130600169230314));
#3057=CARTESIAN_POINT('',(0.00810175435761772,0.0161634033716193,0.0138269573883704));
#3058=CARTESIAN_POINT('',(0.00790628746916319,0.0159154540048414,0.0142427396373437));
#3059=CARTESIAN_POINT('',(0.00870642633501077,0.0171820008144875,0.0119417964658369));
#3060=CARTESIAN_POINT('',(0.00861951650878779,0.0170461964264665,0.0122959928362946));
#3061=CARTESIAN_POINT('',(0.00839080564489971,0.0167105475640062,0.0131009738572786));
#3062=CARTESIAN_POINT('',(0.00808002454331084,0.0163111290159112,0.0138796898721388));
#3063=CARTESIAN_POINT('',(0.0078787811269372,0.0160675238685585,0.0143012490295093));
#3064=CARTESIAN_POINT('',(0.00868611203621531,0.0174067114671812,0.0119916048532727));
#3065=CARTESIAN_POINT('',(0.00859542475687324,0.0172862056424423,0.0123537576921012));
#3066=CARTESIAN_POINT('',(0.00835582427247065,0.0169826133113934,0.013179370360387));
#3067=CARTESIAN_POINT('',(0.00802728304809717,0.0166052234249826,0.0139807292351483));
#3068=CARTESIAN_POINT('',(0.00781445935909272,0.0163706539630324,0.0144134171287203));
#3069=CARTESIAN_POINT('',(0.0084587974367663,0.0176991458121623,0.0120075099701133));
#3070=CARTESIAN_POINT('',(0.00835153223231953,0.0175988914181232,0.0123721834180202));
#3071=CARTESIAN_POINT('',(0.00807586183079494,0.0173381508197088,0.0132043558904771));
#3072=CARTESIAN_POINT('',(0.00771808592455133,0.0169914958810211,0.0140129190650457));
#3073=CARTESIAN_POINT('',(0.00749152643508987,0.0167698360284974,0.0144491314472967));
#3074=CARTESIAN_POINT('',(0.00818121877010654,0.0178361634114169,0.0119733053471411));
#3075=CARTESIAN_POINT('',(0.00805492863290753,0.0177469958212278,0.012332508778029));
#3076=CARTESIAN_POINT('',(0.00773924177709905,0.0175117043254412,0.0131504143286298));
#3077=CARTESIAN_POINT('',(0.00735348462419835,0.0171900157282065,0.0139433352024869));
#3078=CARTESIAN_POINT('',(0.00711547539157929,0.016981660444714,0.0143718555444065));
#3079=CARTESIAN_POINT('',(0.00801383223890883,0.0178475855121594,0.0119353292450478));
#3080=CARTESIAN_POINT('',(0.00787615242445193,0.0177610260498195,0.0122884583062579));
#3081=CARTESIAN_POINT('',(0.00753660620653396,0.0175334917041992,0.0130906030446024));
#3082=CARTESIAN_POINT('',(0.00713445066748748,0.0172250194473038,0.0138662428332479));
#3083=CARTESIAN_POINT('',(0.00688971574860669,0.0170253873738385,0.0142862641767522));
#3084=CARTESIAN_POINT('',(0.00792889788410019,0.0178523091894998,0.0119157983915166));
#3085=CARTESIAN_POINT('',(0.00778548013653822,0.0177669974935203,0.0122658173359354));
#3086=CARTESIAN_POINT('',(0.00743395539518236,0.0175432393034736,0.0130598682462377));
#3087=CARTESIAN_POINT('',(0.00702366401093619,0.0172412860827802,0.0138266579505847));
#3088=CARTESIAN_POINT('',(0.00677567784920425,0.0170459943849143,0.0142423337921385));
#3089=CARTESIAN_POINT('',(0.00792893247691464,0.0178515192941832,0.0119156957422864));
#3090=CARTESIAN_POINT('',(0.00838078968741083,0.0178572423631446,0.0120239321133952));
#3091=CARTESIAN_POINT('',(0.00871688063517815,0.0175214306645764,0.0120239292401437));
#3092=CARTESIAN_POINT('',(0.00871185917814661,0.0170687971912472,0.0119156313690542));
#3093=CARTESIAN_POINT('',(0.00792889788388339,0.0178523097677156,0.0119157985323376));
#3094=CARTESIAN_POINT('',(0.00792889788411509,0.017852309189499,0.01191579839152));
#3095=CARTESIAN_POINT('',(0.00760094511986648,0.0176572272906749,0.0127161852495886));
#3096=CARTESIAN_POINT('',(0.00721639500250441,0.0173930637558072,0.0135036011455398));
#3097=CARTESIAN_POINT('',(0.00677567784922322,0.0170459943849109,0.0142423337921458));
#3098=CARTESIAN_POINT('',(0.00824383496786383,0.0173848444047943,0.0115151188302733));
#3099=CARTESIAN_POINT('',(0.00871378586523782,0.0170742909958446,0.0119022135101534));
#3100=CARTESIAN_POINT('',(0.00872143607802948,0.0175259658007743,0.0120101523896311));
#3101=CARTESIAN_POINT('',(0.00838552213484317,0.0178618310175739,0.0120102078364584));
#3102=CARTESIAN_POINT('',(0.00793442431522172,0.0178534887115855,0.0119022757002246));
#3103=CARTESIAN_POINT('',(0.00793432353158745,0.0178555354643763,0.0119025387908023));
#3104=CARTESIAN_POINT('',(0.00793442302891379,0.0178534879298708,0.0119022814201731));
#3105=CARTESIAN_POINT('',(0.00793257970188852,0.0178528370526139,0.0119067456188219));
#3106=CARTESIAN_POINT('',(0.00793074954784411,0.0178521808810648,0.011911217125767));
#3107=CARTESIAN_POINT('',(0.00792893259096241,0.0178515192861154,0.011915695842803));
#3108=CARTESIAN_POINT('',(0.00916000000000348,0.0179963545936517,0.00914999999992186));
#3109=CARTESIAN_POINT('',(0.00910028817813685,0.0178228988537131,0.00979210893305758));
#3110=CARTESIAN_POINT('',(0.00897668890486964,0.0175361586795749,0.0107150714669282));
#3111=CARTESIAN_POINT('',(0.00878359684507472,0.0171881379988233,0.0116237612354907));
#3112=CARTESIAN_POINT('',(0.00871599229697263,0.0170741885397078,0.0119024858604267));
#3113=CARTESIAN_POINT('',(0.00915961265318684,0.0180415335608211,0.00915416532003746));
#3114=CARTESIAN_POINT('',(0.00909950981070507,0.0178848319035671,0.00979904569561592));
#3115=CARTESIAN_POINT('',(0.0089749222156635,0.0176218711277181,0.0107280542029289));
#3116=CARTESIAN_POINT('',(0.00877864339411686,0.017294996106184,0.0116463463009855));
#3117=CARTESIAN_POINT('',(0.00870971239410974,0.0171871400597668,0.011928377070696));
#3118=CARTESIAN_POINT('',(0.00915562811820661,0.0181309895308256,0.00916211358993279));
#3119=CARTESIAN_POINT('',(0.00909358310887946,0.0180075503861199,0.00981228582520075));
#3120=CARTESIAN_POINT('',(0.00896540167988741,0.01779168366594,0.0107528388634538));
#3121=CARTESIAN_POINT('',(0.00876147435024031,0.0175069414199886,0.0116895193548657));
#3122=CARTESIAN_POINT('',(0.00868954629395392,0.0174112697152653,0.0119778841703564));
#3123=CARTESIAN_POINT('',(0.00906709792520937,0.0182467581000247,0.00916464657613239));
#3124=CARTESIAN_POINT('',(0.00897193028733869,0.0181663838411089,0.00981651171653884));
#3125=CARTESIAN_POINT('',(0.00879636049379674,0.0180117875275827,0.0107607686985339));
#3126=CARTESIAN_POINT('',(0.00854798369996823,0.0177824825137646,0.0117033120675233));
#3127=CARTESIAN_POINT('',(0.0084628562367489,0.0177029379721674,0.0119936912204632));
#3128=CARTESIAN_POINT('',(0.00895688393022024,0.0182982797188669,0.00915918857900713));
#3129=CARTESIAN_POINT('',(0.00882077280684739,0.0182373893997902,0.00980742674623303));
#3130=CARTESIAN_POINT('',(0.00858696860328637,0.0181110360951723,0.010743785858339));
#3131=CARTESIAN_POINT('',(0.00828627778060944,0.0179102547724187,0.0116736836923564));
#3132=CARTESIAN_POINT('',(0.00818599897714664,0.0178395358798912,0.0119596932004269));
#3133=CARTESIAN_POINT('',(0.0088902388190548,0.0182997094898949,0.00915312399000463));
#3134=CARTESIAN_POINT('',(0.00872934872843353,0.0182397017440161,0.00979733033198363));
#3135=CARTESIAN_POINT('',(0.00846046138086853,0.0181152273192814,0.0107249006029631));
#3136=CARTESIAN_POINT('',(0.0081283928263197,0.0179195098280418,0.0116407733471395));
#3137=CARTESIAN_POINT('',(0.00801904242811905,0.0178508594679384,0.0119219462966753));
#3138=CARTESIAN_POINT('',(0.00885635459367786,0.0183000000000111,0.00914999999991743));
#3139=CARTESIAN_POINT('',(0.00868289885373851,0.0182402862354634,0.0097921298236104));
#3140=CARTESIAN_POINT('',(0.00839617520891752,0.0181165390983685,0.0107151753310837));
#3141=CARTESIAN_POINT('',(0.00804824580208661,0.0179231947402106,0.0116238439848485));
#3142=CARTESIAN_POINT('',(0.00793432569231966,0.0178555359763903,0.0119025333184096));
#3143=CARTESIAN_POINT('',(0.00916000000000348,0.0179963545936517,0.00914999999992186));
#3144=CARTESIAN_POINT('',(0.00915932214307435,0.0180754177861981,0.00915728931012426));
#3145=CARTESIAN_POINT('',(0.00911281277110976,0.0182536467004799,0.00916953834364563));
#3146=CARTESIAN_POINT('',(0.00893541778622405,0.0182993221430733,0.00915728931012079));
#3147=CARTESIAN_POINT('',(0.00885635459367786,0.0183000000000111,0.00914999999991743));
#3148=CARTESIAN_POINT('',(0.00885635459367274,0.018300000000007,0.00914999999996053));
#3149=CARTESIAN_POINT('',(0.00885635459367786,0.0183000000000111,0.00914999999991743));
#3150=CARTESIAN_POINT('',(0.00860547499776095,0.0182136323472275,0.0100787514540381));
#3151=CARTESIAN_POINT('',(0.00830346554907098,0.0180747733563023,0.0109994852009239));
#3152=CARTESIAN_POINT('',(0.00793432569231966,0.0178555359763903,0.0119025333184096));
#3153=CARTESIAN_POINT('',(0.00916126756629495,0.0180000852557708,0.00913636927130522));
#3154=CARTESIAN_POINT('',(0.00916125851279355,0.0180000586097861,0.00913646662780766));
#3155=CARTESIAN_POINT('',(0.00916124945929214,0.0180000319638015,0.00913656398431011));
#3156=CARTESIAN_POINT('',(0.00916124040579072,0.0180000053178168,0.00913666134081256));
#3157=CARTESIAN_POINT('',(0.00916082693714688,0.0179987884097231,0.00914110756103289));
#3158=CARTESIAN_POINT('',(0.00916041346854348,0.0179975715016407,0.00914555378081819));
#3159=CARTESIAN_POINT('',(0.00916000000000348,0.0179963545936517,0.00914999999992186));
#3160=CARTESIAN_POINT('',(0.00916088335070762,0.0180448977456689,0.00914050080267736));
#3161=CARTESIAN_POINT('',(0.00916087428706202,0.0180448737135631,0.00914059840130966));
#3162=CARTESIAN_POINT('',(0.00916086522341641,0.0180448496814573,0.00914069599994196));
#3163=CARTESIAN_POINT('',(0.0091608561597708,0.0180448256493515,0.00914079359857425));
#3164=CARTESIAN_POINT('',(0.00916044222784678,0.0180437281157284,0.00914525087673734));
#3165=CARTESIAN_POINT('',(0.00916002652536495,0.0180426311122071,0.00914970803910649));
#3166=CARTESIAN_POINT('',(0.00915961265318683,0.0180415335608211,0.00915416532003765));
#3167=CARTESIAN_POINT('',(0.00915701203505886,0.0181336245008715,0.00914839178912802));
#3168=CARTESIAN_POINT('',(0.00915700271432816,0.0181336056567859,0.0091484898463042));
#3169=CARTESIAN_POINT('',(0.00915699339359746,0.0181335868127004,0.00914858790348037));
#3170=CARTESIAN_POINT('',(0.00915698407286675,0.0181335679686148,0.00914868596065655));
#3171=CARTESIAN_POINT('',(0.00915655840000178,0.0181327073691463,0.00915316418027733));
#3172=CARTESIAN_POINT('',(0.00915613383070994,0.0181318464192545,0.00915764246949609));
#3173=CARTESIAN_POINT('',(0.00915570868362308,0.0181309858702472,0.00916212074156721));
#3174=CARTESIAN_POINT('',(0.00906916343524746,0.018248428133695,0.00915089842631414));
#3175=CARTESIAN_POINT('',(0.00906914900749813,0.0182484159767237,0.00915099663042861));
#3176=CARTESIAN_POINT('',(0.00906913457974879,0.0182484038197524,0.00915109483454308));
#3177=CARTESIAN_POINT('',(0.00906912015199945,0.0182483916627811,0.00915119303865754));
#3178=CARTESIAN_POINT('',(0.00906846124428182,0.0182478364603014,0.00915567796887269));
#3179=CARTESIAN_POINT('',(0.00906780055132306,0.0182472822330494,0.00916016282332092));
#3180=CARTESIAN_POINT('',(0.00906714204772842,0.0182467275253215,0.00916464783598938));
#3181=CARTESIAN_POINT('',(0.00895980146161034,0.0182995667089172,0.00914548404097269));
#3182=CARTESIAN_POINT('',(0.00895978062748505,0.018299557555585,0.00914558192865546));
#3183=CARTESIAN_POINT('',(0.00895975979335977,0.0182995484022528,0.00914567981633823));
#3184=CARTESIAN_POINT('',(0.00895973895923449,0.0182995392489206,0.00914577770402101));
#3185=CARTESIAN_POINT('',(0.00895878747569951,0.0182991212210576,0.00915024818296728));
#3186=CARTESIAN_POINT('',(0.00895783780867737,0.0182987022976145,0.00915471874711149));
#3187=CARTESIAN_POINT('',(0.00895688626855708,0.0182982846442674,0.0091591892544872));
#3188=CARTESIAN_POINT('',(0.00889369460646961,0.018300979418423,0.0091394679195624));
#3189=CARTESIAN_POINT('',(0.0088936699398691,0.018300970341641,0.00913956545796935));
#3190=CARTESIAN_POINT('',(0.00889364527326858,0.0183009612648591,0.0091396629963763));
#3191=CARTESIAN_POINT('',(0.00889362060666805,0.0183009521880771,0.00913976053478326));
#3192=CARTESIAN_POINT('',(0.00889249409600637,0.0183005376562234,0.00914421506248665));
#3193=CARTESIAN_POINT('',(0.00889136525097897,0.0183001240529429,0.00914866945901722));
#3194=CARTESIAN_POINT('',(0.00889023881905488,0.0182997094898948,0.00915312399000588));
#3195=CARTESIAN_POINT('',(0.00886008525575505,0.0183012675663129,0.00913636927130355));
#3196=CARTESIAN_POINT('',(0.00886005860977041,0.0183012585128115,0.00913646662780599));
#3197=CARTESIAN_POINT('',(0.00886003196378577,0.0183012494593101,0.00913656398430843));
#3198=CARTESIAN_POINT('',(0.00886000531780114,0.0183012404058087,0.00913666134081088));
#3199=CARTESIAN_POINT('',(0.00885878840970864,0.0183008269371646,0.00914110756103118));
#3200=CARTESIAN_POINT('',(0.00885757150166691,0.018300413468551,0.00914555378081501));
#3201=CARTESIAN_POINT('',(0.00885635459367795,0.0183000000000109,0.00914999999991868));
#3202=CARTESIAN_POINT('',(0.00915999999999593,0.0179963546059632,0.00915000000000307));
#3203=CARTESIAN_POINT('',(0.00915999999949913,0.0180789290240774,0.00915000000000307));
#3204=CARTESIAN_POINT('',(0.00911471037932271,0.0182551258985664,0.00915000000004427));
#3205=CARTESIAN_POINT('',(0.00893887072340225,0.018300000000006,0.00914999999992072));
#3206=CARTESIAN_POINT('',(0.00885635459369979,0.0183000000000107,0.0091499999999207));
#3207=CARTESIAN_POINT('',(0.00885635459368021,0.018300000000003,0.009150000000003));
#3208=CARTESIAN_POINT('',(0.00877322746820964,0.0182137565127389,0.010077416244625));
#3209=CARTESIAN_POINT('',(0.00863508359220251,0.018070215216711,0.0110200338991849));
#3210=CARTESIAN_POINT('',(0.00823261029528787,0.0176527033438959,0.0127383263636654));
#3211=CARTESIAN_POINT('',(0.0079797998610209,0.0173905298669609,0.013510991881633));
#3212=CARTESIAN_POINT('',(0.00727177140427442,0.0166581824185438,0.0150670390674791));
#3213=CARTESIAN_POINT('',(0.00680272780307367,0.0161736914610521,0.0158368433496945));
#3214=CARTESIAN_POINT('',(0.0062305230727275,0.0155833951190026,0.016568941246485));
#3215=CARTESIAN_POINT('',(0.00590756972911876,0.0183000000000023,0.00915000000000233));
#3216=CARTESIAN_POINT('',(0.00585215164547166,0.0182111800101628,0.010104871294331));
#3217=CARTESIAN_POINT('',(0.00576040456350334,0.0180619411471542,0.0110616600141742));
#3218=CARTESIAN_POINT('',(0.00549340750982834,0.0176344357204244,0.0127927454221678));
#3219=CARTESIAN_POINT('',(0.00532657611427745,0.0173674154086891,0.01356532698604));
#3220=CARTESIAN_POINT('',(0.00485345904941199,0.0166333643535853,0.0151079068801043));
#3221=CARTESIAN_POINT('',(0.0045389679349416,0.0161529706991378,0.0158634484443118));
#3222=CARTESIAN_POINT('',(0.00415709588917225,0.0155772436595438,0.0165765307320246));
#3223=CARTESIAN_POINT('',(0.00295878486455731,0.0183000000000017,0.00915000000000167));
#3224=CARTESIAN_POINT('',(0.00293107582273365,0.0182086468867678,0.0101323624240807));
#3225=CARTESIAN_POINT('',(0.00288459894047298,0.0180613949331639,0.0110765632036761));
#3226=CARTESIAN_POINT('',(0.00274881999132786,0.0176354668147992,0.0128057357929201));
#3227=CARTESIAN_POINT('',(0.00266244861201175,0.0173609923682447,0.0135930288926075));
#3228=CARTESIAN_POINT('',(0.00242778932865888,0.016616525414602,0.0151382710250432));
#3229=CARTESIAN_POINT('',(0.0022736490387146,0.0161335359287809,0.0158875947578376));
#3230=CARTESIAN_POINT('',(0.00208340870007189,0.0155712922963046,0.0165837045693308));
#3231=CARTESIAN_POINT('',(9.99999999585812E-6,0.018300000000001,0.009150000000001));
#3232=CARTESIAN_POINT('',(9.99999999565103E-6,0.0182060920737823,0.0101598355138086));
#3233=CARTESIAN_POINT('',(9.99999999546909E-6,0.0180525835918941,0.0111200990764351));
#3234=CARTESIAN_POINT('',(9.99999999517495E-6,0.017615820370794,0.0128630942290454));
#3235=CARTESIAN_POINT('',(9.99999999506105E-6,0.0173366855963594,0.0136492525436713));
#3236=CARTESIAN_POINT('',(9.99999999488486E-6,0.0165911512169634,0.0151798947576605));
#3237=CARTESIAN_POINT('',(9.99999999482753E-6,0.0161127377114151,0.0159143862586852));
#3238=CARTESIAN_POINT('',(9.99999999479844E-6,0.0155651266122488,0.0165913236027982));
#3239=CARTESIAN_POINT('',(-0.00458500000000414,0.0183,0.00915));
#3240=CARTESIAN_POINT('',(-0.0059532087456395,0.0040913881553036,0.0162556860506826));
#3241=CARTESIAN_POINT('',(-0.00580987656777956,0.00914995075612258,0.0167689454396167));
#3242=CARTESIAN_POINT('',(-0.00605425906732712,0.00915148407998476,0.0168424702793403));
#3243=CARTESIAN_POINT('',(-0.00634128582394552,0.00915091096337188,0.0167359679872285));
#3244=CARTESIAN_POINT('',(-0.00647855118499595,0.00915000375937424,0.0165208126466261));
#3245=CARTESIAN_POINT('',(-0.00647969807849498,0.00915000192730385,0.0165215443524339));
#3246=CARTESIAN_POINT('',(-0.00647856552772041,0.00915000341553971,0.0165207901635112));
#3247=CARTESIAN_POINT('',(-0.0064649806116233,0.00746403814294081,0.016537863462898));
#3248=CARTESIAN_POINT('',(-0.00645140981628824,0.00577807236210202,0.0165548952863017));
#3249=CARTESIAN_POINT('',(-0.00643785375028294,0.00409210607255737,0.0165718859005001));
#3250=CARTESIAN_POINT('',(-0.00643889177954571,0.00409210455173101,0.0165725631880364));
#3251=CARTESIAN_POINT('',(-0.0064378537481281,0.00409210582373504,0.0165718859032439));
#3252=CARTESIAN_POINT('',(-0.00631657756072139,0.00409603140784043,0.0167577651529754));
#3253=CARTESIAN_POINT('',(-0.00608135669494306,0.00409971387033793,0.0168620370527986));
#3254=CARTESIAN_POINT('',(-0.00586215475593294,0.00410185783538225,0.016827079762201));
#3255=CARTESIAN_POINT('',(-0.00505797667091278,0.00329877667531806,0.0168327187811353));
#3256=CARTESIAN_POINT('',(-0.00508891497009307,0.00329826600707226,0.016833177509518));
#3257=CARTESIAN_POINT('',(-0.00521406570087308,0.00329658893239961,0.0168350331295502));
#3258=CARTESIAN_POINT('',(-0.00539506383921125,0.00329588029854273,0.0168375429683826));
#3259=CARTESIAN_POINT('',(-0.00559293758105582,0.00334443222441009,0.0168390972505686));
#3260=CARTESIAN_POINT('',(-0.00569966614747888,0.00341678356499447,0.0168393507978126));
#3261=CARTESIAN_POINT('',(-0.00576020304780629,0.00348770541333218,0.0168392699886272));
#3262=CARTESIAN_POINT('',(-0.00580858479718066,0.00356377767587274,0.0168390339499631));
#3263=CARTESIAN_POINT('',(-0.00584718377163872,0.00367969828473173,0.0168382794255184));
#3264=CARTESIAN_POINT('',(-0.00586597958039916,0.00387082021499119,0.0168361571671031));
#3265=CARTESIAN_POINT('',(-0.00586273504884088,0.00401208452215995,0.0168340535399363));
#3266=CARTESIAN_POINT('',(-0.00586125544948195,0.00410190747988945,0.0168327219658689));
#3267=CARTESIAN_POINT('',(-0.00505861543160892,0.00323615382929566,0.0168357687536251));
#3268=CARTESIAN_POINT('',(-0.00508953668965011,0.00323567050783536,0.0168361460032234));
#3269=CARTESIAN_POINT('',(-0.00521527952562814,0.00323485280651632,0.0168376760312701));
#3270=CARTESIAN_POINT('',(-0.00540069417271683,0.00323695174626432,0.0168396502632449));
#3271=CARTESIAN_POINT('',(-0.00561447573847207,0.00329749179661396,0.0168406729457534));
#3272=CARTESIAN_POINT('',(-0.00573204515851922,0.00337976125111751,0.016840793489276));
#3273=CARTESIAN_POINT('',(-0.00579960410113526,0.00345799845805662,0.0168407536112706));
#3274=CARTESIAN_POINT('',(-0.00585481620708091,0.00354159723320042,0.0168406197214293));
#3275=CARTESIAN_POINT('',(-0.00590145581699321,0.00366774032847701,0.0168401494714705));
#3276=CARTESIAN_POINT('',(-0.005927155453905,0.0038687115445387,0.0168385795103747));
#3277=CARTESIAN_POINT('',(-0.00592506378768765,0.00401137522613463,0.0168368713153175));
#3278=CARTESIAN_POINT('',(-0.00592386847584358,0.00410126666291284,0.016835771215715));
#3279=CARTESIAN_POINT('',(-0.00505992298415605,0.00311053196045665,0.0168399464865009));
#3280=CARTESIAN_POINT('',(-0.0050908891944203,0.00311030245069477,0.0168400980469811));
#3281=CARTESIAN_POINT('',(-0.00521762441183289,0.00311070403085572,0.0168411746533731));
#3282=CARTESIAN_POINT('',(-0.00541178803912897,0.00311863482013554,0.0168420983936332));
#3283=CARTESIAN_POINT('',(-0.00565760798767277,0.00320325074656241,0.0168424513003959));
#3284=CARTESIAN_POINT('',(-0.00579684006070572,0.00330536262722711,0.0168423642255792));
#3285=CARTESIAN_POINT('',(-0.00587878682359831,0.00339850850227454,0.0168424143745687));
#3286=CARTESIAN_POINT('',(-0.00594754002091791,0.00349713625763619,0.0168423782507172));
#3287=CARTESIAN_POINT('',(-0.00601037163412433,0.00364381626971918,0.0168423052967332));
#3288=CARTESIAN_POINT('',(-0.00604982126278155,0.00386451091916164,0.0168415248302672));
#3289=CARTESIAN_POINT('',(-0.00605022936345541,0.00401012784130519,0.0168405590072812));
#3290=CARTESIAN_POINT('',(-0.00604947086244643,0.00409995499994193,0.016839948361191));
#3291=CARTESIAN_POINT('',(-0.00506283992884749,0.00292141570813624,0.0167759680992957));
#3292=CARTESIAN_POINT('',(-0.00509380139896674,0.0029215873058496,0.0167760246864086));
#3293=CARTESIAN_POINT('',(-0.00522219067865041,0.00292506675711613,0.0167770783553753));
#3294=CARTESIAN_POINT('',(-0.00542912494898537,0.00294221196928084,0.0167848801269098));
#3295=CARTESIAN_POINT('',(-0.00572244694406633,0.00306208271330808,0.0168006273467989));
#3296=CARTESIAN_POINT('',(-0.00589428898938351,0.00319383921945156,0.0168039901771969));
#3297=CARTESIAN_POINT('',(-0.00599745003860899,0.00330909480140063,0.0168029974598903));
#3298=CARTESIAN_POINT('',(-0.00608652452634072,0.00343030502812271,0.0168002389565144));
#3299=CARTESIAN_POINT('',(-0.00617310358050397,0.00360759511535782,0.0167917570366714));
#3300=CARTESIAN_POINT('',(-0.00623308313566919,0.00385733027295044,0.0167789501559381));
#3301=CARTESIAN_POINT('',(-0.00623797385355558,0.00400711409407219,0.0167762412521287));
#3302=CARTESIAN_POINT('',(-0.00623856046445245,0.00409703236758136,0.0167759943558509));
#3303=CARTESIAN_POINT('',(-0.00506560276297023,0.00279839806561536,0.0166702397312121));
#3304=CARTESIAN_POINT('',(-0.00509658660186221,0.00279875181678923,0.0166704867188085));
#3305=CARTESIAN_POINT('',(-0.00522604297210252,0.00280316208955971,0.0166730273737934));
#3306=CARTESIAN_POINT('',(-0.00544073414367143,0.00282234493844087,0.0166917097494003));
#3307=CARTESIAN_POINT('',(-0.00576824977308159,0.00296166052140149,0.0167292785586503));
#3308=CARTESIAN_POINT('',(-0.00596412842037219,0.00311385151366537,0.0167376570277425));
#3309=CARTESIAN_POINT('',(-0.00608233396245009,0.00324521220160728,0.0167351503983224));
#3310=CARTESIAN_POINT('',(-0.00618509127761524,0.0033829124601974,0.0167284397262479));
#3311=CARTESIAN_POINT('',(-0.00628577733051222,0.00358249533761379,0.0167080363425847));
#3312=CARTESIAN_POINT('',(-0.00635464437014885,0.00385206436963056,0.016677718588122));
#3313=CARTESIAN_POINT('',(-0.00636064294102182,0.00400439372403218,0.0166710488624513));
#3314=CARTESIAN_POINT('',(-0.00636156756613076,0.0040942661185597,0.0166702956934906));
#3315=CARTESIAN_POINT('',(-0.005067221007854,0.00273971885899959,0.0165975546504744));
#3316=CARTESIAN_POINT('',(-0.00509821014456353,0.00274010154760493,0.0165979337784103));
#3317=CARTESIAN_POINT('',(-0.00522823125244761,0.00274467502326692,0.0166016326262842));
#3318=CARTESIAN_POINT('',(-0.00544635587331184,0.00276268209902205,0.0166272378337624));
#3319=CARTESIAN_POINT('',(-0.00579210506272835,0.00290894275782997,0.0166791090254774));
#3320=CARTESIAN_POINT('',(-0.00600116494237231,0.00307150591179597,0.016690858421289));
#3321=CARTESIAN_POINT('',(-0.00612715060696547,0.0032114794587983,0.01668734366626));
#3322=CARTESIAN_POINT('',(-0.00623670696749659,0.00335813722838398,0.0166779909717855));
#3323=CARTESIAN_POINT('',(-0.00634315233588822,0.00356977159818811,0.0166497362429576));
#3324=CARTESIAN_POINT('',(-0.00641361964523638,0.00384936432972931,0.0166080919503582));
#3325=CARTESIAN_POINT('',(-0.00641930121228649,0.00400279177191329,0.016598802646885));
#3326=CARTESIAN_POINT('',(-0.00642024677206502,0.00409264630883732,0.0165976291626546));
#3327=CARTESIAN_POINT('',(-0.00506776401094405,0.00272003622457622,0.0165731593261756));
#3328=CARTESIAN_POINT('',(-0.00509872581977266,0.00272039426355728,0.0165736043672928));
#3329=CARTESIAN_POINT('',(-0.00522901574184136,0.0027252649769692,0.0165775158631939));
#3330=CARTESIAN_POINT('',(-0.00544825895613598,0.00274287435109443,0.0166054899421175));
#3331=CARTESIAN_POINT('',(-0.00580007192599172,0.00289133827749755,0.0166622698627206));
#3332=CARTESIAN_POINT('',(-0.00601358492347632,0.0030573643972083,0.0166752039655062));
#3333=CARTESIAN_POINT('',(-0.00614209608065806,0.00320017675210183,0.0166713153341579));
#3334=CARTESIAN_POINT('',(-0.00625395638858172,0.00334985758646082,0.0166610793583635));
#3335=CARTESIAN_POINT('',(-0.00636224326517615,0.00356552353659823,0.016630091512413));
#3336=CARTESIAN_POINT('',(-0.00643324304083583,0.00384845149220249,0.0165846219462784));
#3337=CARTESIAN_POINT('',(-0.00643889276289705,0.00400221224361213,0.0165745254494917));
#3338=CARTESIAN_POINT('',(-0.0064399298037766,0.00409210278225302,0.0165732404818418));
#3339=CARTESIAN_POINT('',(-0.00643992979773239,0.00409210225834426,0.016573240489331));
#3340=CARTESIAN_POINT('',(-0.00643857612050933,0.00397476681554858,0.0165749178019925));
#3341=CARTESIAN_POINT('',(-0.00644256996608403,0.00371509387079331,0.0166029779049367));
#3342=CARTESIAN_POINT('',(-0.00610996823775864,0.00305107504323709,0.0167081216418685));
#3343=CARTESIAN_POINT('',(-0.00544170189008808,0.00271533671341028,0.0166027259265238));
#3344=CARTESIAN_POINT('',(-0.00518510042761065,0.00272139309010358,0.0165748459049618));
#3345=CARTESIAN_POINT('',(-0.00506776401094405,0.00272003622457622,0.0165731593261756));
#3346=CARTESIAN_POINT('',(-0.00506776401141681,0.0027200362239648,0.0165731593254178));
#3347=CARTESIAN_POINT('',(-0.00505802631138892,0.00329787768100503,0.0168270780823932));
#3348=CARTESIAN_POINT('',(-0.00506016173809737,0.00307864009030927,0.0168620381750789));
#3349=CARTESIAN_POINT('',(-0.00506383733816799,0.00284338254644764,0.0167577307286576));
#3350=CARTESIAN_POINT('',(-0.00506776104617671,0.00272211000542136,0.0165718066006942));
#3351=CARTESIAN_POINT('',(-0.00506849922237959,0.00320682492048018,0.0162556473800021));
#3352=CARTESIAN_POINT('',(-0.00506776104611561,0.00272211000548708,0.0165718066007951));
#3353=CARTESIAN_POINT('',(-0.00338183893843808,0.00270852723898885,0.0165546787248859));
#3354=CARTESIAN_POINT('',(-0.00169591737850884,0.00269492928749079,0.016537506136784));
#3355=CARTESIAN_POINT('',(-9.99636571587722E-6,0.00268131685716371,0.0165202885365279));
#3356=CARTESIAN_POINT('',(-0.00789626246245799,0.00239729496015535,0.0142640056714997));
#3357=CARTESIAN_POINT('',(-0.00776832447747044,0.00255985405798129,0.0145346584020335));
#3358=CARTESIAN_POINT('',(-0.00738997147601571,0.0030247285510088,0.0152572841321676));
#3359=CARTESIAN_POINT('',(-0.00694524398289912,0.00353286377356214,0.0159190357221779));
#3360=CARTESIAN_POINT('',(-0.00657670123610155,0.00394170325329611,0.0164014751066629));
#3361=CARTESIAN_POINT('',(-0.00650870134534455,0.00401668484956649,0.0164880300444072));
#3362=CARTESIAN_POINT('',(-0.00643982118783448,0.00409222189668027,0.016573375062843));
#3363=CARTESIAN_POINT('',(-0.00786846284611506,0.00224499981894874,0.0143228157432053));
#3364=CARTESIAN_POINT('',(-0.00773682716579557,0.00240462282930385,0.014597202145453));
#3365=CARTESIAN_POINT('',(-0.00734754481779604,0.00286313855094499,0.0153291134408246));
#3366=CARTESIAN_POINT('',(-0.00689122715103789,0.00336859359258502,0.0159964946646235));
#3367=CARTESIAN_POINT('',(-0.00651432864610327,0.00377627434283799,0.0164816345109273));
#3368=CARTESIAN_POINT('',(-0.00644482020277589,0.00385108789773942,0.0165686325254399));
#3369=CARTESIAN_POINT('',(-0.00637446656537081,0.00392648632942896,0.0166543518152294));
#3370=CARTESIAN_POINT('',(-0.00780355100852481,0.00194140556432234,0.014435563235356));
#3371=CARTESIAN_POINT('',(-0.00766446730106601,0.00209499514657976,0.0147171406863829));
#3372=CARTESIAN_POINT('',(-0.00725344365385724,0.00254027981212712,0.0154669930408859));
#3373=CARTESIAN_POINT('',(-0.00677430913935603,0.0030399433193197,0.016145190907127));
#3374=CARTESIAN_POINT('',(-0.00638105856906124,0.0034450619475627,0.0166356075081655));
#3375=CARTESIAN_POINT('',(-0.00630861475635498,0.00351949101942446,0.0167234495789775));
#3376=CARTESIAN_POINT('',(-0.00623538479427233,0.00359457380252379,0.0168099041670949));
#3377=CARTESIAN_POINT('',(-0.00747990470381453,0.00154155752648837,0.0144714810914322));
#3378=CARTESIAN_POINT('',(-0.00733174408782387,0.00168649900920616,0.0147553591609823));
#3379=CARTESIAN_POINT('',(-0.00689849694855247,0.00211225590838044,0.0155109779360338));
#3380=CARTESIAN_POINT('',(-0.00640429619909949,0.0026022942995146,0.0161926076390153));
#3381=CARTESIAN_POINT('',(-0.0060018617267196,0.00300258898821661,0.0166847223183598));
#3382=CARTESIAN_POINT('',(-0.00592784700944242,0.00307626937783381,0.0167728489374586));
#3383=CARTESIAN_POINT('',(-0.00585313416690083,0.00315068401399516,0.016859548492311));
#3384=CARTESIAN_POINT('',(-0.00710325001749514,0.00132905396616994,0.0143938319393194));
#3385=CARTESIAN_POINT('',(-0.00694737304255446,0.00146531545030647,0.0146727663942822));
#3386=CARTESIAN_POINT('',(-0.00649703726228696,0.00186816785335265,0.0154160475780608));
#3387=CARTESIAN_POINT('',(-0.00599514752358001,0.00233874579540183,0.0160901646131507));
#3388=CARTESIAN_POINT('',(-0.00558917608269717,0.0027260205418004,0.0165787015540692));
#3389=CARTESIAN_POINT('',(-0.00551462786698784,0.00279740153283023,0.0166662502781635));
#3390=CARTESIAN_POINT('',(-0.00543945604267807,0.00286960730902469,0.0167524632600167));
#3391=CARTESIAN_POINT('',(-0.00687713774545491,0.0012848840769045,0.0143078161207515));
#3392=CARTESIAN_POINT('',(-0.00671675833142728,0.00141554314981654,0.0145812795670349));
#3393=CARTESIAN_POINT('',(-0.00625653253562915,0.00180198255112254,0.0153109224870961));
#3394=CARTESIAN_POINT('',(-0.00575027453795644,0.00225516000989326,0.0159767800096326));
#3395=CARTESIAN_POINT('',(-0.00534232440657541,0.00262991729415851,0.0164613383228378));
#3396=CARTESIAN_POINT('',(-0.00526747624862578,0.00269904983886964,0.0165482524639614));
#3397=CARTESIAN_POINT('',(-0.00519205154504503,0.00276905428021957,0.0166339191400001));
#3398=CARTESIAN_POINT('',(-0.00676292773893791,0.00126405727853759,0.0142636683707801));
#3399=CARTESIAN_POINT('',(-0.00660034710436576,0.00139193879647943,0.0145343323166886));
#3400=CARTESIAN_POINT('',(-0.00613534957216483,0.00177018094409024,0.0152570179741142));
#3401=CARTESIAN_POINT('',(-0.00562708952461539,0.00221466190780973,0.0159186375281337));
#3402=CARTESIAN_POINT('',(-0.0052182706369938,0.00258313818280433,0.0164011815205848));
#3403=CARTESIAN_POINT('',(-0.00514329479090723,0.00265113822107379,0.0164877678373677));
#3404=CARTESIAN_POINT('',(-0.00506776401094372,0.00272003622457608,0.0165731593261755));
#3405=CARTESIAN_POINT('',(-0.00789626226646704,0.00239729496015536,0.0142640055788501));
#3406=CARTESIAN_POINT('',(-0.0077975210362076,0.00252275156017356,0.0144728827097144));
#3407=CARTESIAN_POINT('',(-0.00758828653325955,0.00278174226600358,0.0148822661291543));
#3408=CARTESIAN_POINT('',(-0.0072885006580138,0.00313624820914237,0.0153872126844473));
#3409=CARTESIAN_POINT('',(-0.00704254630957645,0.0034192806667031,0.0157621420849964));
#3410=CARTESIAN_POINT('',(-0.0068788103648701,0.0036047681587299,0.0159967110176068));
#3411=CARTESIAN_POINT('',(-0.00674687751786481,0.00375259947967072,0.0161771964549687));
#3412=CARTESIAN_POINT('',(-0.0066642379444883,0.0038446318132743,0.0162871846943865));
#3413=CARTESIAN_POINT('',(-0.0066011630314958,0.00391449171403818,0.0163691368958585));
#3414=CARTESIAN_POINT('',(-0.006573513302871,0.0039450900678788,0.0164048153197946));
#3415=CARTESIAN_POINT('',(-0.00651162814162198,0.00401331630851612,0.0164838352809782));
#3416=CARTESIAN_POINT('',(-0.0064599673012765,0.00406971575366873,0.0165484180096511));
#3417=CARTESIAN_POINT('',(-0.00644234610577557,0.00408923571258355,0.016570246511245));
#3418=CARTESIAN_POINT('',(-0.00643992980377419,0.00409216168311584,0.0165732404818448));
#3419=CARTESIAN_POINT('',(-0.0078962624232598,0.00239729496015535,0.0142640056529697));
#3420=CARTESIAN_POINT('',(-0.0067629291255448,0.00126450597008194,0.0142635192421449));
#3421=CARTESIAN_POINT('',(-0.00737883102982758,0.00134534184775694,0.0145121007791547));
#3422=CARTESIAN_POINT('',(-0.00781515281997503,0.00178080197547433,0.0145125954773175));
#3423=CARTESIAN_POINT('',(-0.00789594281987346,0.00239729385583517,0.0142638990968533));
#3424=CARTESIAN_POINT('',(-0.00676292749881401,0.00126405508159559,0.0142636698964274));
#3425=CARTESIAN_POINT('',(-0.00676292749932428,0.00126405746701117,0.0142636687696884));
#3426=CARTESIAN_POINT('',(-0.00625406556969444,0.00166431447444491,0.0151108211306091));
#3427=CARTESIAN_POINT('',(-0.0056778716442991,0.00216350552437684,0.0158834008042809));
#3428=CARTESIAN_POINT('',(-0.00506776401094372,0.00272003622457608,0.0165731593261755));
#3429=CARTESIAN_POINT('',(-0.00916000000000006,0.000250567258295377,0.00914999999999893));
#3430=CARTESIAN_POINT('',(-0.00916000000000207,0.00915000341460834,0.00914999999999893));
#3431=CARTESIAN_POINT('',(-0.00903556528999547,0.000250567258295406,0.010488104187506));
#3432=CARTESIAN_POINT('',(-0.00903556528999748,0.00915000341460837,0.010488104187506));
#3433=CARTESIAN_POINT('',(-0.00858382946382073,0.000250567258295517,0.0131709017548955));
#3434=CARTESIAN_POINT('',(-0.00858382946382275,0.00915000341460848,0.0131709017548955));
#3435=CARTESIAN_POINT('',(-0.00728421388337492,0.0002505672582958,0.015527112261638));
#3436=CARTESIAN_POINT('',(-0.00728421388337693,0.00915000341460877,0.015527112261638));
#3437=CARTESIAN_POINT('',(-0.00643992980377332,0.000250567258295987,0.0165732404818448));
#3438=CARTESIAN_POINT('',(-0.00643992980377533,0.00915000341460895,0.0165732404818448));
#3439=CARTESIAN_POINT('',(-0.00648076849180612,0.00914999999999953,0.0165223650216909));
#3440=CARTESIAN_POINT('',(-0.00731207186487477,0.00914999999999934,0.0154811443678327));
#3441=CARTESIAN_POINT('',(-0.00859043456891706,0.00914999999999907,0.0131376294386884));
#3442=CARTESIAN_POINT('',(-0.00903657215268896,0.00914999999999896,0.0104772769256941));
#3443=CARTESIAN_POINT('',(-0.00916000000000207,0.00914999999999893,0.00914999999999893));
#3444=CARTESIAN_POINT('',(-0.00915999999992181,0.00915000000091393,0.00915000000086204));
#3445=CARTESIAN_POINT('',(-0.00916000000000175,0.000303645406345004,0.00914999999999897));
#3446=CARTESIAN_POINT('',(-0.00916000000000186,0.00325243027089632,0.00914999999999897));
#3447=CARTESIAN_POINT('',(-0.00916000000000196,0.00620121513544765,0.00914999999999897));
#3448=CARTESIAN_POINT('',(-0.00916000000000207,0.00914999999999896,0.00914999999999897));
#3449=CARTESIAN_POINT('',(-0.00915999999984148,0.000303645394038807,0.00915000000170877));
#3450=CARTESIAN_POINT('',(-0.00916000000000007,0.00030364540635028,0.00914999999999893));
#3451=CARTESIAN_POINT('',(-0.0090702919095792,0.00056423673843569,0.0101146727303094));
#3452=CARTESIAN_POINT('',(-0.00892612569449935,0.000871625423083685,0.0110361336096494));
#3453=CARTESIAN_POINT('',(-0.00871599229697802,0.00122581146029419,0.0119024858604227));
#3454=CARTESIAN_POINT('',(-0.00871599228272539,0.00122581148419672,0.0119024859191844));
#3455=CARTESIAN_POINT('',(-0.00871276934770702,0.00123124070973309,0.0119157475751584));
#3456=CARTESIAN_POINT('',(-0.00871384565184226,0.00122942933351945,0.0119113275100996));
#3457=CARTESIAN_POINT('',(-0.00871491995484289,0.00122761960437107,0.0119069069852585));
#3458=CARTESIAN_POINT('',(-0.0087159922619283,0.00122581151939375,0.0119024860049281));
#3459=CARTESIAN_POINT('',(-0.0087127693521026,0.00123124070973309,0.0119157475762287));
#3460=CARTESIAN_POINT('',(-0.00871276936968493,0.00123124070973309,0.01191574758051));
#3461=CARTESIAN_POINT('',(-0.00851228938638459,0.00156864496466389,0.0127390718270842));
#3462=CARTESIAN_POINT('',(-0.00826325494545709,0.00193173344777505,0.0134834256621046));
#3463=CARTESIAN_POINT('',(-0.00790628746914606,0.00238454599516055,0.0142427396373903));
#3464=CARTESIAN_POINT('',(-0.00790628745523586,0.00238454601269342,0.014242739666979));
#3465=CARTESIAN_POINT('',(-0.00789594281987346,0.00239729385583517,0.0142638990968533));
#3466=CARTESIAN_POINT('',(-0.007898426236625,0.00239307743339167,0.0142564944326521));
#3467=CARTESIAN_POINT('',(-0.00790087852408911,0.00238881861107004,0.0142491183424034));
#3468=CARTESIAN_POINT('',(-0.00790330029412855,0.00238451768702143,0.0142417716258404));
#3469=CARTESIAN_POINT('',(-0.00738741026776278,0.00177388779223294,0.0136439818062065));
#3470=CARTESIAN_POINT('',(-0.00790330031872799,0.00238451764392504,0.0142417715511979));
#3471=CARTESIAN_POINT('',(-0.00782832627286453,0.00176753414584457,0.0144911822060214));
#3472=CARTESIAN_POINT('',(-0.00739237040105891,0.00133219476176145,0.0144907735947365));
#3473=CARTESIAN_POINT('',(-0.00677570629033414,0.00125715297827655,0.0142413171259936));
#3474=CARTESIAN_POINT('',(-0.00677567784869217,0.00125400303423091,0.0142423350044243));
#3475=CARTESIAN_POINT('',(-0.00677570621089433,0.00125715329111871,0.0142413180922059));
#3476=CARTESIAN_POINT('',(-0.00677140455577048,0.00125957327199718,0.0142486895946352));
#3477=CARTESIAN_POINT('',(-0.00676714532917566,0.00126202410099789,0.0142560906774853));
#3478=CARTESIAN_POINT('',(-0.00676292883257604,0.0012645063989002,0.0142635205294882));
#3479=CARTESIAN_POINT('',(-0.00871276934770702,0.00123124070973309,0.0119157475751584));
#3480=CARTESIAN_POINT('',(-0.00862752963121695,0.00137469569596969,0.0122658020626787));
#3481=CARTESIAN_POINT('',(-0.0084038560636963,0.00172632070942466,0.0130600169230276));
#3482=CARTESIAN_POINT('',(-0.00810175435762397,0.00213659662838265,0.0138269573883667));
#3483=CARTESIAN_POINT('',(-0.00790628746916963,0.00238454599516054,0.0142427396373401));
#3484=CARTESIAN_POINT('',(-0.00870642633501617,0.00111799918551451,0.011941796465833));
#3485=CARTESIAN_POINT('',(-0.00861951650879335,0.00125380357353548,0.0122959928362907));
#3486=CARTESIAN_POINT('',(-0.00839080564490563,0.00158945243599578,0.0131009738572748));
#3487=CARTESIAN_POINT('',(-0.00808002454331712,0.0019888709840908,0.0138796898721351));
#3488=CARTESIAN_POINT('',(-0.00787878112694367,0.00223247613144348,0.0143012490295057));
#3489=CARTESIAN_POINT('',(-0.00868611203622073,0.000893288532820804,0.0119916048532687));
#3490=CARTESIAN_POINT('',(-0.00859542475687882,0.00101379435755976,0.0123537576920973));
#3491=CARTESIAN_POINT('',(-0.00835582427247661,0.00131738668860859,0.0131793703603832));
#3492=CARTESIAN_POINT('',(-0.0080272830481035,0.00169477657501932,0.0139807292351447));
#3493=CARTESIAN_POINT('',(-0.00781445935909924,0.00192934603696953,0.0144134171287168));
#3494=CARTESIAN_POINT('',(-0.00845879743677173,0.000600854187839716,0.0120075099701095));
#3495=CARTESIAN_POINT('',(-0.00835153223232513,0.000701108581878811,0.0123721834180165));
#3496=CARTESIAN_POINT('',(-0.00807586183080091,0.000961849180293144,0.0132043558904734));
#3497=CARTESIAN_POINT('',(-0.00771808592455767,0.00130850411898095,0.0140129190650422));
#3498=CARTESIAN_POINT('',(-0.0074915264350964,0.00153016397150464,0.0144491314472934));
#3499=CARTESIAN_POINT('',(-0.00818121877011195,0.000463836588585159,0.0119733053471374));
#3500=CARTESIAN_POINT('',(-0.00805492863291311,0.000553004178774177,0.0123325087780253));
#3501=CARTESIAN_POINT('',(-0.00773924177710499,0.000788295674560777,0.0131504143286263));
#3502=CARTESIAN_POINT('',(-0.00735348462420465,0.00110998427179552,0.0139433352024836));
#3503=CARTESIAN_POINT('',(-0.00711547539158579,0.00131833955528802,0.0143718555444033));
#3504=CARTESIAN_POINT('',(-0.00801383223891422,0.000452414487842527,0.0119353292450441));
#3505=CARTESIAN_POINT('',(-0.00787615242445748,0.000538973950182486,0.0122884583062543));
#3506=CARTESIAN_POINT('',(-0.00753660620653987,0.000766508295802814,0.013090603044599));
#3507=CARTESIAN_POINT('',(-0.00713445066749375,0.00107498055269824,0.0138662428332447));
#3508=CARTESIAN_POINT('',(-0.00688971574861315,0.00127461262616344,0.0142862641767491));
#3509=CARTESIAN_POINT('',(-0.00792889788410558,0.000447690810502206,0.011915798391513));
#3510=CARTESIAN_POINT('',(-0.00778548013654377,0.000533002506481677,0.0122658173359318));
#3511=CARTESIAN_POINT('',(-0.00743395539518827,0.000756760696528335,0.0130598682462343));
#3512=CARTESIAN_POINT('',(-0.00702366401094244,0.00105871391722187,0.0138266579505815));
#3513=CARTESIAN_POINT('',(-0.00677567784921068,0.00125400561508772,0.0142423337921354));
#3514=CARTESIAN_POINT('',(-0.00871276934770702,0.00123124070973309,0.0119157475751584));
#3515=CARTESIAN_POINT('',(-0.0087072192116026,0.00113215437604309,0.0119385403544984));
#3516=CARTESIAN_POINT('',(-0.00869226728986806,0.000936553720779264,0.0119825613011496));
#3517=CARTESIAN_POINT('',(-0.00851000333049708,0.000648461354383966,0.0120083784300438));
#3518=CARTESIAN_POINT('',(-0.00822404749687436,0.000468565655402425,0.0119825819927293));
#3519=CARTESIAN_POINT('',(-0.00802798796472913,0.000453201767400141,0.0119385843873024));
#3520=CARTESIAN_POINT('',(-0.00792889788412048,0.000447690810503035,0.0119157983915164));
#3521=CARTESIAN_POINT('',(-0.00792889788388878,0.000447690232286446,0.0119157985323341));
#3522=CARTESIAN_POINT('',(-0.00792889788412048,0.000447690810503035,0.0119157983915164));
#3523=CARTESIAN_POINT('',(-0.00760094511987224,0.000642772709327025,0.0127161852495852));
#3524=CARTESIAN_POINT('',(-0.00721639500251051,0.000906936244194783,0.0135036011455365));
#3525=CARTESIAN_POINT('',(-0.00677567784922965,0.00125400561509114,0.0142423337921427));
#3526=CARTESIAN_POINT('',(-0.0087159922619283,0.00122581151939375,0.0119024860049281));
#3527=CARTESIAN_POINT('',(-0.00871491995484289,0.00122761960437107,0.0119069069852585));
#3528=CARTESIAN_POINT('',(-0.00871384565184226,0.00122942933351945,0.0119113275100996));
#3529=CARTESIAN_POINT('',(-0.00871276934770702,0.00123124070973309,0.0119157475751584));
#3530=CARTESIAN_POINT('',(-0.00870971235838936,0.00111285999617223,0.0119283772169182));
#3531=CARTESIAN_POINT('',(-0.00870861936838485,0.00111457132496578,0.0119328508407186));
#3532=CARTESIAN_POINT('',(-0.00870752349309602,0.00111628434936955,0.0119373235860829));
#3533=CARTESIAN_POINT('',(-0.00870642633501617,0.00111799918551451,0.011941796465833));
#3534=CARTESIAN_POINT('',(-0.00868954619590332,0.000888730317296751,0.0119778843092624));
#3535=CARTESIAN_POINT('',(-0.00868840580367604,0.000890248395838355,0.0119824584506027));
#3536=CARTESIAN_POINT('',(-0.00868726233176584,0.000891768051314464,0.0119870320754511));
#3537=CARTESIAN_POINT('',(-0.00868611745528829,0.000893290051635383,0.0119916058027462));
#3538=CARTESIAN_POINT('',(-0.00846285617314777,0.000597062066504918,0.0119936913669324));
#3539=CARTESIAN_POINT('',(-0.00846150617555196,0.000598324035309891,0.0119982979508756));
#3540=CARTESIAN_POINT('',(-0.00846015340558878,0.000599588035579476,0.0120029040539172));
#3541=CARTESIAN_POINT('',(-0.00845879918435759,0.000600854419699216,0.0120075103391569));
#3542=CARTESIAN_POINT('',(-0.00818599890628007,0.000460464156844941,0.0119596933441516));
#3543=CARTESIAN_POINT('',(-0.00818440775597662,0.000461585974469383,0.0119642310204884));
#3544=CARTESIAN_POINT('',(-0.00818281534157562,0.00046271035964153,0.01196876859768));
#3545=CARTESIAN_POINT('',(-0.00818122046241148,0.000463836585898289,0.0119733057598741));
#3546=CARTESIAN_POINT('',(-0.00801904237142681,0.000449140567670764,0.0119219464425012));
#3547=CARTESIAN_POINT('',(-0.00801730777057759,0.00045022993018349,0.0119264079348469));
#3548=CARTESIAN_POINT('',(-0.00801557026435995,0.000451320969205103,0.0119308685092808));
#3549=CARTESIAN_POINT('',(-0.00801383223891422,0.000452414487842527,0.0119353292450441));
#3550=CARTESIAN_POINT('',(-0.00793432563324071,0.000444464058702675,0.0119025334629474));
#3551=CARTESIAN_POINT('',(-0.0079325180139624,0.000445537629371354,0.0119069555461252));
#3552=CARTESIAN_POINT('',(-0.00793070876508891,0.000446613211279023,0.0119113771895729));
#3553=CARTESIAN_POINT('',(-0.00792889788410558,0.000447690810502206,0.011915798391513));
#3554=CARTESIAN_POINT('',(-0.0087159922619283,0.00122581151939375,0.0119024860049281));
#3555=CARTESIAN_POINT('',(-0.00871049734925254,0.00112697893164995,0.0119251408033773));
#3556=CARTESIAN_POINT('',(-0.00869566869693436,0.000931883964900627,0.0119688954798166));
#3557=CARTESIAN_POINT('',(-0.008513927284717,0.000644541776578803,0.0119945547862959));
#3558=CARTESIAN_POINT('',(-0.00822871750835689,0.000465164442763092,0.0119689137931397));
#3559=CARTESIAN_POINT('',(-0.00803316187916731,0.000449919953063137,0.0119251818050944));
#3560=CARTESIAN_POINT('',(-0.00793432569232504,0.000444464023611653,0.011902533318406));
#3561=CARTESIAN_POINT('',(-0.00793432353159283,0.000444464535625694,0.0119025387907988));
#3562=CARTESIAN_POINT('',(-0.00793432137135234,0.000444466589900417,0.0119025438890422));
#3563=CARTESIAN_POINT('',(-0.00793251517014309,0.000445539319996576,0.0119069624961641));
#3564=CARTESIAN_POINT('',(-0.00793070734189703,0.000446614058176461,0.0119113806642456));
#3565=CARTESIAN_POINT('',(-0.00792889788410558,0.000447690810502206,0.011915798391513));
#3566=CARTESIAN_POINT('',(-0.00916000000000762,0.000303645406350277,0.00914999999991772));
#3567=CARTESIAN_POINT('',(-0.00910028817814127,0.000477101146288902,0.00979210893305347));
#3568=CARTESIAN_POINT('',(-0.00897668890487449,0.000763841320427049,0.0107150714669242));
#3569=CARTESIAN_POINT('',(-0.00878359684507998,0.00111186200117875,0.0116237612354868));
#3570=CARTESIAN_POINT('',(-0.00871599229697801,0.00122581146029419,0.0119024858604228));
#3571=CARTESIAN_POINT('',(-0.00915961265319098,0.000258466439180907,0.00915416532003332));
#3572=CARTESIAN_POINT('',(-0.0090995098107095,0.00041516809643483,0.00979904569561181));
#3573=CARTESIAN_POINT('',(-0.00897492221566835,0.000678128872283888,0.0107280542029248));
#3574=CARTESIAN_POINT('',(-0.00877864339412212,0.00100500389381798,0.0116463463009815));
#3575=CARTESIAN_POINT('',(-0.00870971239411513,0.00111285994023527,0.0119283770706921));
#3576=CARTESIAN_POINT('',(-0.00915562811821075,0.000169010469176327,0.00916211358992865));
#3577=CARTESIAN_POINT('',(-0.0090935831088839,0.000292449613882102,0.00981228582519664));
#3578=CARTESIAN_POINT('',(-0.00896540167989227,0.000508316334062021,0.0107528388634498));
#3579=CARTESIAN_POINT('',(-0.0087614743502456,0.000793058580013406,0.0116895193548618));
#3580=CARTESIAN_POINT('',(-0.00868954629395934,0.000888730284736695,0.0119778841703525));
#3581=CARTESIAN_POINT('',(-0.00906709792521351,5.32418999773278E-5,0.00916464657612829));
#3582=CARTESIAN_POINT('',(-0.00897193028734313,0.000133616158893091,0.00981651171653478));
#3583=CARTESIAN_POINT('',(-0.00879636049380161,0.000288212472419229,0.0107607686985299));
#3584=CARTESIAN_POINT('',(-0.00854798369997353,0.000517517486237335,0.0117033120675194));
#3585=CARTESIAN_POINT('',(-0.00846285623675433,0.000597062027834524,0.0119936912204594));
#3586=CARTESIAN_POINT('',(-0.00895688393022438,1.72028113508242E-6,0.00915918857900308));
#3587=CARTESIAN_POINT('',(-0.00882077280685182,6.26106002118623E-5,0.00980742674622904));
#3588=CARTESIAN_POINT('',(-0.00858696860329123,0.000188963904829646,0.0107437858583351));
#3589=CARTESIAN_POINT('',(-0.00828627778061472,0.000389745227583324,0.0116736836923527));
#3590=CARTESIAN_POINT('',(-0.00818599897715205,0.000460464120110787,0.0119596932004232));
#3591=CARTESIAN_POINT('',(-0.00889023881905894,2.90510107116282E-7,0.00915312399000061));
#3592=CARTESIAN_POINT('',(-0.00872934872843796,6.02982559858543E-5,0.00979733033197968));
#3593=CARTESIAN_POINT('',(-0.00846046138087338,0.000184772680720603,0.0107249006029593));
#3594=CARTESIAN_POINT('',(-0.00812839282632496,0.000380490171960181,0.0116407733471358));
#3595=CARTESIAN_POINT('',(-0.00801904242812444,0.000449140532063566,0.0119219462966716));
#3596=CARTESIAN_POINT('',(-0.008856354593682,-9.08474684369054E-15,0.00914999999991343));
#3597=CARTESIAN_POINT('',(-0.00868289885374294,5.97137645385951E-5,0.00979212982360648));
#3598=CARTESIAN_POINT('',(-0.00839617520892236,0.000183460901633471,0.0107151753310799));
#3599=CARTESIAN_POINT('',(-0.00804824580209186,0.000376805259791358,0.0116238439848449));
#3600=CARTESIAN_POINT('',(-0.00793432569232504,0.000444464023611664,0.011902533318406));
#3601=CARTESIAN_POINT('',(-0.00916000000000762,0.000303645406350277,0.00914999999991772));
#3602=CARTESIAN_POINT('',(-0.00915932214307849,0.000224582213803942,0.00915728931012012));
#3603=CARTESIAN_POINT('',(-0.0091128127711139,4.63532995220284E-5,0.00916953834364151));
#3604=CARTESIAN_POINT('',(-0.00893541778622818,6.77856928707971E-7,0.00915728931011675));
#3605=CARTESIAN_POINT('',(-0.008856354593682,-9.08474684369054E-15,0.00914999999991343));
#3606=CARTESIAN_POINT('',(-0.00885635459367688,-5.01508556904895E-15,0.00914999999995652));
#3607=CARTESIAN_POINT('',(-0.008856354593682,-9.08474684369054E-15,0.00914999999991343));
#3608=CARTESIAN_POINT('',(-0.00860547499776551,8.63676527744641E-5,0.0100787514540342));
#3609=CARTESIAN_POINT('',(-0.00830346554907594,0.000225226643699721,0.0109994852009202));
#3610=CARTESIAN_POINT('',(-0.00793432569232504,0.000444464023611664,0.011902533318406));
#3611=CARTESIAN_POINT('',(-0.00916126756629908,0.000299914744231186,0.00913636927130108));
#3612=CARTESIAN_POINT('',(-0.00916125851279767,0.000299941390215848,0.00913646662780352));
#3613=CARTESIAN_POINT('',(-0.00916124945929626,0.000299968036200511,0.00913656398430597));
#3614=CARTESIAN_POINT('',(-0.00916124040579485,0.000299994682185176,0.00913666134080842));
#3615=CARTESIAN_POINT('',(-0.00916082693715102,0.000301211590278866,0.00914110756102875));
#3616=CARTESIAN_POINT('',(-0.00916041346854762,0.000302428498361316,0.00914555378081404));
#3617=CARTESIAN_POINT('',(-0.00916000000000762,0.000303645406350277,0.00914999999991772));
#3618=CARTESIAN_POINT('',(-0.00916088335071176,0.000255102254333056,0.00914050080267323));
#3619=CARTESIAN_POINT('',(-0.00916087428706615,0.000255126286438879,0.00914059840130552));
#3620=CARTESIAN_POINT('',(-0.00916086522342054,0.000255150318544701,0.00914069599993781));
#3621=CARTESIAN_POINT('',(-0.00916085615977494,0.000255174350650527,0.00914079359857011));
#3622=CARTESIAN_POINT('',(-0.00916044222785092,0.000256271884273567,0.0091452508767332));
#3623=CARTESIAN_POINT('',(-0.00916002652536909,0.000257368887794837,0.00914970803910235));
#3624=CARTESIAN_POINT('',(-0.00915961265319097,0.000258466439180947,0.0091541653200335));
#3625=CARTESIAN_POINT('',(-0.009157012035063,0.0001663754991305,0.00914839178912388));
#3626=CARTESIAN_POINT('',(-0.0091570027143323,0.000166394343216061,0.00914848984630006));
#3627=CARTESIAN_POINT('',(-0.00915699339360159,0.000166413187301624,0.00914858790347623));
#3628=CARTESIAN_POINT('',(-0.00915698407287089,0.000166432031387189,0.00914868596065241));
#3629=CARTESIAN_POINT('',(-0.00915655840000592,0.000167292630855678,0.00915316418027319));
#3630=CARTESIAN_POINT('',(-0.00915613383071408,0.000168153580747519,0.00915764246949195));
#3631=CARTESIAN_POINT('',(-0.00915570868362722,0.000169014129754799,0.00916212074156307));
#3632=CARTESIAN_POINT('',(-0.00906916343525159,5.15718663069912E-5,0.00915089842631004));
#3633=CARTESIAN_POINT('',(-0.00906914900750226,5.15840232782837E-5,0.00915099663042451));
#3634=CARTESIAN_POINT('',(-0.00906913457975293,5.15961802495767E-5,0.00915109483453897));
#3635=CARTESIAN_POINT('',(-0.00906912015200359,5.16083372208674E-5,0.00915119303865344));
#3636=CARTESIAN_POINT('',(-0.00906846124428596,5.21635397005473E-5,0.0091556779688686));
#3637=CARTESIAN_POINT('',(-0.0090678005513272,5.27177669525872E-5,0.00916016282331682));
#3638=CARTESIAN_POINT('',(-0.00906714204773256,5.32724746804877E-5,0.00916464783598529));
#3639=CARTESIAN_POINT('',(-0.00895980146161447,4.33291084791674E-7,0.00914548404096863));
#3640=CARTESIAN_POINT('',(-0.00895978062748919,4.42444416981751E-7,0.00914558192865141));
#3641=CARTESIAN_POINT('',(-0.00895975979336391,4.51597749171612E-7,0.00914567981633418));
#3642=CARTESIAN_POINT('',(-0.00895973895923862,4.60751081361038E-7,0.00914577770401695));
#3643=CARTESIAN_POINT('',(-0.00895878747570365,8.78778944361433E-7,0.00915024818296323));
#3644=CARTESIAN_POINT('',(-0.00895783780868151,1.29770238748231E-6,0.00915471874710744));
#3645=CARTESIAN_POINT('',(-0.00895688626856122,1.715355734613E-6,0.00915918925448315));
#3646=CARTESIAN_POINT('',(-0.00889369460647375,-9.79418420992426E-7,0.00913946791955838));
#3647=CARTESIAN_POINT('',(-0.00889366993987323,-9.70341639042454E-7,0.00913956545796533));
#3648=CARTESIAN_POINT('',(-0.00889364527327271,-9.61264857092699E-7,0.00913966299637228));
#3649=CARTESIAN_POINT('',(-0.00889362060667219,-9.5218807514251E-7,0.00913976053477924));
#3650=CARTESIAN_POINT('',(-0.00889249409601051,-5.37656221342997E-7,0.00914421506248263));
#3651=CARTESIAN_POINT('',(-0.00889136525098311,-1.24052940852007E-7,0.0091486694590132));
#3652=CARTESIAN_POINT('',(-0.00889023881905902,2.90510107256794E-7,0.00915312399000186));
#3653=CARTESIAN_POINT('',(-0.00886008525575918,-1.26756631093575E-6,0.00913636927129955));
#3654=CARTESIAN_POINT('',(-0.00886005860977454,-1.25851280951845E-6,0.00913646662780199));
#3655=CARTESIAN_POINT('',(-0.00886003196378991,-1.24945930810114E-6,0.00913656398430444));
#3656=CARTESIAN_POINT('',(-0.00886000531780527,-1.24040580668644E-6,0.00913666134080688));
#3657=CARTESIAN_POINT('',(-0.00885878840971278,-8.26937162546129E-7,0.00914110756102717));
#3658=CARTESIAN_POINT('',(-0.00885757150167105,-4.13468548962972E-7,0.009145553780811));
#3659=CARTESIAN_POINT('',(-0.00885635459368209,-8.96505092384814E-15,0.00914999999991468));
#3660=CARTESIAN_POINT('',(-0.00916,0.000303645394038807,0.00914999999999893));
#3661=CARTESIAN_POINT('',(-0.0091599999995032,0.000221070975924568,0.00914999999999893));
#3662=CARTESIAN_POINT('',(-0.00911471037932685,4.48741014355573E-5,0.00915000000004017));
#3663=CARTESIAN_POINT('',(-0.00893887072340639,-3.93447788436553E-15,0.00914999999991667));
#3664=CARTESIAN_POINT('',(-0.00885635459370393,-8.77423134149069E-15,0.00914999999991669));
#3665=CARTESIAN_POINT('',(-0.00885635459368435,-1.00440489259057E-15,0.009149999999999));
#3666=CARTESIAN_POINT('',(-0.0087732274682142,8.62434872631549E-5,0.010077416244621));
#3667=CARTESIAN_POINT('',(-0.00863508359220749,0.000229784783290947,0.011020033899181));
#3668=CARTESIAN_POINT('',(-0.00823261029529363,0.000647296656106045,0.0127383263636617));
#3669=CARTESIAN_POINT('',(-0.00797979986102701,0.000909470133041074,0.0135109918816294));
#3670=CARTESIAN_POINT('',(-0.00727177140428123,0.00164181758145814,0.0150670390674758));
#3671=CARTESIAN_POINT('',(-0.00680272780308083,0.00212630853894993,0.0158368433496913));
#3672=CARTESIAN_POINT('',(-0.00623052307273499,0.00271660488099937,0.0165689412464822));
#3673=CARTESIAN_POINT('',(-0.0059075697291229,-3.38271077815478E-16,0.00914999999999966));
#3674=CARTESIAN_POINT('',(-0.00585215164547623,8.88199898392041E-5,0.0101048712943284));
#3675=CARTESIAN_POINT('',(-0.00576040456350835,0.000238058852847814,0.0110616600141716));
#3676=CARTESIAN_POINT('',(-0.00549340750983412,0.000665564279577615,0.0127927454221653));
#3677=CARTESIAN_POINT('',(-0.00532657611428358,0.000932584591312903,0.0135653269860376));
#3678=CARTESIAN_POINT('',(-0.00485345904941882,0.00166663564641666,0.0151079068801021));
#3679=CARTESIAN_POINT('',(-0.00453896793494877,0.00214702930086417,0.0158634484443098));
#3680=CARTESIAN_POINT('',(-0.00415709588917974,0.00272275634045814,0.0165765307320228));
#3681=CARTESIAN_POINT('',(-0.00295878486456145,3.27862736959616E-16,0.00915000000000033));
#3682=CARTESIAN_POINT('',(-0.00293107582273824,9.13531132341553E-5,0.0101323624240794));
#3683=CARTESIAN_POINT('',(-0.00288459894047799,0.000238605066838075,0.0110765632036748));
#3684=CARTESIAN_POINT('',(-0.00274881999133365,0.000664533185202806,0.0128057357929188));
#3685=CARTESIAN_POINT('',(-0.0026624486120179,0.000939007631757334,0.0135930288926063));
#3686=CARTESIAN_POINT('',(-0.00242778932866572,0.00168347458540001,0.0151382710250421));
#3687=CARTESIAN_POINT('',(-0.00227364903872178,0.00216646407122113,0.0158875947578366));
#3688=CARTESIAN_POINT('',(-0.00208340870007939,0.00272870770369743,0.0165837045693299));
#3689=CARTESIAN_POINT('',(-9.99999999999544E-6,9.95731275210687E-16,0.009150000000001));
#3690=CARTESIAN_POINT('',(-1.0000000000245E-5,9.39079262196555E-5,0.0101598355138086));
#3691=CARTESIAN_POINT('',(-1.00000000004973E-5,0.000247416408107895,0.0111200990764351));
#3692=CARTESIAN_POINT('',(-1.00000000009913E-5,0.000684179629208036,0.0128630942290454));
#3693=CARTESIAN_POINT('',(-1.00000000012329E-5,0.000963314403642647,0.0136492525436713));
#3694=CARTESIAN_POINT('',(-1.00000000017489E-5,0.00170884878303857,0.0151798947576605));
#3695=CARTESIAN_POINT('',(-1.00000000020237E-5,0.0021872622885869,0.0159143862586852));
#3696=CARTESIAN_POINT('',(-1.00000000023007E-5,0.00273487338775323,0.0165913236027982));
#3697=CARTESIAN_POINT('',(-0.004585,-3.98986399474665E-17,0.00915));
#3698=CARTESIAN_POINT('',(-0.00595320874545552,0.014208611844624,0.0162556860503029));
#3699=CARTESIAN_POINT('',(-0.00586215475592517,0.0141981421646167,0.0168270797622489));
#3700=CARTESIAN_POINT('',(-0.00608135669494861,0.01420028612968,0.0168620370527552));
#3701=CARTESIAN_POINT('',(-0.00631657756068107,0.0142039685921772,0.0167577651529459));
#3702=CARTESIAN_POINT('',(-0.0064378537481564,0.0142078941762641,0.0165718859032598));
#3703=CARTESIAN_POINT('',(-0.00643889177956101,0.0142078954482681,0.0165725631880443));
#3704=CARTESIAN_POINT('',(-0.00643785375031125,0.0142078939274418,0.016571885900516));
#3705=CARTESIAN_POINT('',(-0.00645140980865006,0.0125219289226155,0.0165548952951493));
#3706=CARTESIAN_POINT('',(-0.00646498059631061,0.0108359644264955,0.0165378634805234));
#3707=CARTESIAN_POINT('',(-0.00647856550472339,0.00915000043861598,0.01652079018986));
#3708=CARTESIAN_POINT('',(-0.00505797667091543,0.0150012233246816,0.0168327187811353));
#3709=CARTESIAN_POINT('',(-0.00508891497009572,0.0150017339929275,0.016833177509518));
#3710=CARTESIAN_POINT('',(-0.00521406570087573,0.0150034110676001,0.0168350331295502));
#3711=CARTESIAN_POINT('',(-0.0053950638392139,0.0150041197014569,0.0168375429683826));
#3712=CARTESIAN_POINT('',(-0.00559293758105844,0.0149555677755894,0.0168390972505686));
#3713=CARTESIAN_POINT('',(-0.00569966614748147,0.0148832164350049,0.0168393507978126));
#3714=CARTESIAN_POINT('',(-0.00576020304780885,0.0148122945866672,0.0168392699886272));
#3715=CARTESIAN_POINT('',(-0.00580858479718319,0.0147362223241266,0.0168390339499631));
#3716=CARTESIAN_POINT('',(-0.00584718377164119,0.0146203017152676,0.0168382794255184));
#3717=CARTESIAN_POINT('',(-0.00586597958040155,0.0144291797850081,0.0168361571671031));
#3718=CARTESIAN_POINT('',(-0.00586273504884321,0.0142879154778394,0.0168340535399363));
#3719=CARTESIAN_POINT('',(-0.00586125544948424,0.0141980925201099,0.0168327219658689));
#3720=CARTESIAN_POINT('',(-0.00505861543161159,0.0150638461707041,0.0168357687536251));
#3721=CARTESIAN_POINT('',(-0.00508953668965279,0.0150643294921644,0.0168361460032234));
#3722=CARTESIAN_POINT('',(-0.00521527952563082,0.0150651471934833,0.0168376760312701));
#3723=CARTESIAN_POINT('',(-0.0054006941727195,0.0150630482537353,0.0168396502632449));
#3724=CARTESIAN_POINT('',(-0.00561447573847471,0.0150025082033855,0.0168406729457534));
#3725=CARTESIAN_POINT('',(-0.00573204515852183,0.0149202387488819,0.016840793489276));
#3726=CARTESIAN_POINT('',(-0.00579960410113784,0.0148420015419427,0.0168407536112706));
#3727=CARTESIAN_POINT('',(-0.00585481620708345,0.0147584027667989,0.0168406197214293));
#3728=CARTESIAN_POINT('',(-0.00590145581699569,0.0146322596715223,0.0168401494714705));
#3729=CARTESIAN_POINT('',(-0.00592715545390739,0.0144312884554606,0.0168385795103747));
#3730=CARTESIAN_POINT('',(-0.00592506378768997,0.0142886247738647,0.0168368713153175));
#3731=CARTESIAN_POINT('',(-0.00592386847584586,0.0141987333370865,0.016835771215715));
#3732=CARTESIAN_POINT('',(-0.00505992298415878,0.0151894680395431,0.0168399464865009));
#3733=CARTESIAN_POINT('',(-0.00509088919442303,0.0151896975493049,0.0168400980469811));
#3734=CARTESIAN_POINT('',(-0.00521762441183562,0.0151892959691439,0.0168411746533731));
#3735=CARTESIAN_POINT('',(-0.0054117880391317,0.015181365179864,0.0168420983936332));
#3736=CARTESIAN_POINT('',(-0.00565760798767546,0.015096749253437,0.0168424513003959));
#3737=CARTESIAN_POINT('',(-0.00579684006070836,0.0149946373727723,0.0168423642255792));
#3738=CARTESIAN_POINT('',(-0.00587878682360091,0.0149014914977248,0.0168424143745687));
#3739=CARTESIAN_POINT('',(-0.00594754002092047,0.0148028637423631,0.0168423782507172));
#3740=CARTESIAN_POINT('',(-0.00601037163412682,0.0146561837302801,0.0168423052967332));
#3741=CARTESIAN_POINT('',(-0.00604982126278394,0.0144354890808376,0.0168415248302672));
#3742=CARTESIAN_POINT('',(-0.00605022936345773,0.0142898721586941,0.0168405590072812));
#3743=CARTESIAN_POINT('',(-0.00604947086244871,0.0142000450000573,0.016839948361191));
#3744=CARTESIAN_POINT('',(-0.0050628399288503,0.0153785842918635,0.0167759680992957));
#3745=CARTESIAN_POINT('',(-0.00509380139896955,0.0153784126941501,0.0167760246864086));
#3746=CARTESIAN_POINT('',(-0.00522219067865322,0.0153749332428835,0.0167770783553753));
#3747=CARTESIAN_POINT('',(-0.00542912494898818,0.0153577880307187,0.0167848801269098));
#3748=CARTESIAN_POINT('',(-0.00572244694406908,0.0152379172866914,0.0168006273467989));
#3749=CARTESIAN_POINT('',(-0.00589428898938621,0.0151061607805478,0.0168039901771969));
#3750=CARTESIAN_POINT('',(-0.00599745003861163,0.0149909051985986,0.0168029974598903));
#3751=CARTESIAN_POINT('',(-0.0060865245263433,0.0148696949718765,0.0168002389565144));
#3752=CARTESIAN_POINT('',(-0.00617310358050648,0.0146924048846414,0.0167917570366714));
#3753=CARTESIAN_POINT('',(-0.00623308313567158,0.0144426697270487,0.0167789501559381));
#3754=CARTESIAN_POINT('',(-0.00623797385355791,0.014292885905927,0.0167762412521287));
#3755=CARTESIAN_POINT('',(-0.00623856046445474,0.0142029676324178,0.0167759943558509));
#3756=CARTESIAN_POINT('',(-0.00506560276297311,0.0155016019343843,0.0166702397312121));
#3757=CARTESIAN_POINT('',(-0.00509658660186509,0.0155012481832104,0.0166704867188085));
#3758=CARTESIAN_POINT('',(-0.00522604297210538,0.01549683791044,0.0166730273737934));
#3759=CARTESIAN_POINT('',(-0.0054407341436743,0.0154776550615587,0.0166917097494003));
#3760=CARTESIAN_POINT('',(-0.00576824977308439,0.0153383394785979,0.0167292785586503));
#3761=CARTESIAN_POINT('',(-0.00596412842037492,0.015186148486334,0.0167376570277425));
#3762=CARTESIAN_POINT('',(-0.00608233396245276,0.015054787798392,0.0167351503983224));
#3763=CARTESIAN_POINT('',(-0.00618509127761785,0.0149170875398018,0.0167284397262479));
#3764=CARTESIAN_POINT('',(-0.00628577733051474,0.0147175046623854,0.0167080363425847));
#3765=CARTESIAN_POINT('',(-0.00635464437015125,0.0144479356303686,0.016677718588122));
#3766=CARTESIAN_POINT('',(-0.00636064294102414,0.0142956062759669,0.0166710488624513));
#3767=CARTESIAN_POINT('',(-0.00636156756613304,0.0142057338814394,0.0166702956934906));
#3768=CARTESIAN_POINT('',(-0.0050672210078569,0.0155602811410001,0.0165975546504744));
#3769=CARTESIAN_POINT('',(-0.00509821014456643,0.0155598984523947,0.0165979337784103));
#3770=CARTESIAN_POINT('',(-0.00522823125245051,0.0155553249767327,0.0166016326262842));
#3771=CARTESIAN_POINT('',(-0.00544635587331472,0.0155373179009775,0.0166272378337624));
#3772=CARTESIAN_POINT('',(-0.00579210506273117,0.0153910572421694,0.0166791090254774));
#3773=CARTESIAN_POINT('',(-0.00600116494237506,0.0152284940882033,0.016690858421289));
#3774=CARTESIAN_POINT('',(-0.00612715060696816,0.015088520541201,0.01668734366626));
#3775=CARTESIAN_POINT('',(-0.00623670696749921,0.0149418627716152,0.0166779909717855));
#3776=CARTESIAN_POINT('',(-0.00634315233589075,0.014730228401811,0.0166497362429576));
#3777=CARTESIAN_POINT('',(-0.00641361964523877,0.0144506356702698,0.0166080919503582));
#3778=CARTESIAN_POINT('',(-0.00641930121228882,0.0142972082280858,0.016598802646885));
#3779=CARTESIAN_POINT('',(-0.00642024677206731,0.0142073536911618,0.0165976291626546));
#3780=CARTESIAN_POINT('',(-0.00506776401094696,0.0155799637754235,0.0165731593261756));
#3781=CARTESIAN_POINT('',(-0.00509872581977557,0.0155796057364424,0.0165736043672928));
#3782=CARTESIAN_POINT('',(-0.00522901574184427,0.0155747350230304,0.0165775158631939));
#3783=CARTESIAN_POINT('',(-0.00544825895613887,0.0155571256489051,0.0166054899421175));
#3784=CARTESIAN_POINT('',(-0.00580007192599455,0.0154086617225018,0.0166622698627206));
#3785=CARTESIAN_POINT('',(-0.00601358492347908,0.015242635602791,0.0166752039655062));
#3786=CARTESIAN_POINT('',(-0.00614209608066076,0.0150998232478974,0.0166713153341579));
#3787=CARTESIAN_POINT('',(-0.00625395638858434,0.0149501424135384,0.0166610793583635));
#3788=CARTESIAN_POINT('',(-0.00636224326517867,0.0147344764634009,0.016630091512413));
#3789=CARTESIAN_POINT('',(-0.00643324304083823,0.0144515485077966,0.0165846219462784));
#3790=CARTESIAN_POINT('',(-0.00643889276289938,0.014297787756387,0.0165745254494917));
#3791=CARTESIAN_POINT('',(-0.00643992980377889,0.0142078972177461,0.0165732404818418));
#3792=CARTESIAN_POINT('',(-0.00506776104617962,0.0155778899945784,0.0165718066006943));
#3793=CARTESIAN_POINT('',(-0.00506383733817084,0.0154566174535521,0.0167577307286576));
#3794=CARTESIAN_POINT('',(-0.00506016173810012,0.0152213599096904,0.0168620381750789));
#3795=CARTESIAN_POINT('',(-0.00505802631139157,0.0150021223189947,0.0168270780823932));
#3796=CARTESIAN_POINT('',(-0.00506776401142256,0.0155799637760348,0.0165731593254179));
#3797=CARTESIAN_POINT('',(-0.00506776401094696,0.0155799637754235,0.0165731593261756));
#3798=CARTESIAN_POINT('',(-0.00518510042761356,0.015578606909896,0.0165748459049618));
#3799=CARTESIAN_POINT('',(-0.00544170189009098,0.0155846632865893,0.0166027259265238));
#3800=CARTESIAN_POINT('',(-0.0061099682377614,0.0152489249567622,0.0167081216418685));
#3801=CARTESIAN_POINT('',(-0.00644256996608648,0.0145849061292058,0.0166029779049367));
#3802=CARTESIAN_POINT('',(-0.00643857612051167,0.0143252331844505,0.0165749178019925));
#3803=CARTESIAN_POINT('',(-0.00643992979773468,0.0142078977416548,0.016573240489331));
#3804=CARTESIAN_POINT('',(-0.00506849922238242,0.0150931750795195,0.0162556473800021));
#3805=CARTESIAN_POINT('',(-9.99643027060643E-6,0.0156186831425209,0.016520288536867));
#3806=CARTESIAN_POINT('',(-0.00169591742154628,0.015605070712299,0.0165375061370119));
#3807=CARTESIAN_POINT('',(-0.00338183895995825,0.015591472760906,0.0165546787250008));
#3808=CARTESIAN_POINT('',(-0.00506776104611852,0.0155778899945127,0.0165718066007952));
#3809=CARTESIAN_POINT('',(-0.00789626246246104,0.015902705039843,0.0142640056714997));
#3810=CARTESIAN_POINT('',(-0.00776832447747342,0.0157401459420172,0.0145346584020335));
#3811=CARTESIAN_POINT('',(-0.00738997147601848,0.0152752714489899,0.0152572841321676));
#3812=CARTESIAN_POINT('',(-0.00694524398290166,0.0147671362264367,0.0159190357221779));
#3813=CARTESIAN_POINT('',(-0.00657670123610391,0.0143582967467029,0.0164014751066629));
#3814=CARTESIAN_POINT('',(-0.00650870134534687,0.0142833151504326,0.0164880300444072));
#3815=CARTESIAN_POINT('',(-0.00643982118783677,0.0142077781033188,0.016573375062843));
#3816=CARTESIAN_POINT('',(-0.00786846284611818,0.0160550001810497,0.0143228157432053));
#3817=CARTESIAN_POINT('',(-0.00773682716579862,0.0158953771706946,0.014597202145453));
#3818=CARTESIAN_POINT('',(-0.00734754481779888,0.0154368614490537,0.0153291134408246));
#3819=CARTESIAN_POINT('',(-0.0068912271510405,0.0149314064074139,0.0159964946646235));
#3820=CARTESIAN_POINT('',(-0.0065143286461057,0.0145237256571611,0.0164816345109273));
#3821=CARTESIAN_POINT('',(-0.00644482020277828,0.0144489121022597,0.0165686325254399));
#3822=CARTESIAN_POINT('',(-0.00637446656537318,0.0143735136705702,0.0166543518152294));
#3823=CARTESIAN_POINT('',(-0.00780355100852807,0.0163585944356762,0.014435563235356));
#3824=CARTESIAN_POINT('',(-0.0076644673010692,0.0162050048534188,0.0147171406863829));
#3825=CARTESIAN_POINT('',(-0.00725344365386023,0.0157597201878716,0.0154669930408859));
#3826=CARTESIAN_POINT('',(-0.00677430913935879,0.0152600566806793,0.016145190907127));
#3827=CARTESIAN_POINT('',(-0.00638105856906382,0.0148549380524364,0.0166356075081655));
#3828=CARTESIAN_POINT('',(-0.00630861475635752,0.0147805089805747,0.0167234495789775));
#3829=CARTESIAN_POINT('',(-0.00623538479427484,0.0147054261974754,0.0168099041670949));
#3830=CARTESIAN_POINT('',(-0.00747990470381797,0.0167584424735103,0.0144714810914322));
#3831=CARTESIAN_POINT('',(-0.00733174408782724,0.0166135009907925,0.0147553591609823));
#3832=CARTESIAN_POINT('',(-0.00689849694855565,0.0161877440916184,0.0155109779360338));
#3833=CARTESIAN_POINT('',(-0.00640429619910245,0.0156977057004845,0.0161926076390153));
#3834=CARTESIAN_POINT('',(-0.00600186172672238,0.0152974110117826,0.0166847223183598));
#3835=CARTESIAN_POINT('',(-0.00592784700944517,0.0152237306221655,0.0167728489374586));
#3836=CARTESIAN_POINT('',(-0.00585313416690354,0.0151493159860042,0.016859548492311));
#3837=CARTESIAN_POINT('',(-0.00710325001749867,0.0169709460338289,0.0143938319393194));
#3838=CARTESIAN_POINT('',(-0.00694737304255793,0.0168346845496924,0.0146727663942822));
#3839=CARTESIAN_POINT('',(-0.00649703726229025,0.0164318321466464,0.0154160475780608));
#3840=CARTESIAN_POINT('',(-0.00599514752358309,0.0159612542045975,0.0160901646131507));
#3841=CARTESIAN_POINT('',(-0.00558917608270007,0.0155739794581991,0.0165787015540692));
#3842=CARTESIAN_POINT('',(-0.00551462786699072,0.0155025984671692,0.0166662502781635));
#3843=CARTESIAN_POINT('',(-0.00543945604268091,0.0154303926909748,0.0167524632600167));
#3844=CARTESIAN_POINT('',(-0.00687713774545846,0.0170151159230944,0.0143078161207515));
#3845=CARTESIAN_POINT('',(-0.00671675833143078,0.0168844568501824,0.0145812795670349));
#3846=CARTESIAN_POINT('',(-0.00625653253563247,0.0164980174488766,0.0153109224870961));
#3847=CARTESIAN_POINT('',(-0.00575027453795956,0.0160448399901062,0.0159767800096326));
#3848=CARTESIAN_POINT('',(-0.00534232440657836,0.0156700827058411,0.0164613383228378));
#3849=CARTESIAN_POINT('',(-0.0052674762486287,0.01560095016113,0.0165482524639614));
#3850=CARTESIAN_POINT('',(-0.00519205154504791,0.0155309457197801,0.0166339191400001));
#3851=CARTESIAN_POINT('',(-0.00676292773894148,0.0170359427214613,0.0142636683707801));
#3852=CARTESIAN_POINT('',(-0.00660034710436927,0.0169080612035196,0.0145343323166886));
#3853=CARTESIAN_POINT('',(-0.00613534957216817,0.016529819055909,0.0152570179741142));
#3854=CARTESIAN_POINT('',(-0.00562708952461853,0.0160853380921897,0.0159186375281337));
#3855=CARTESIAN_POINT('',(-0.00521827063699677,0.0157168618171953,0.0164011815205848));
#3856=CARTESIAN_POINT('',(-0.00514329479091017,0.0156488617789259,0.0164877678373677));
#3857=CARTESIAN_POINT('',(-0.00506776401094663,0.0155799637754236,0.0165731593261755));
#3858=CARTESIAN_POINT('',(-0.00506776401094663,0.0155799637754236,0.0165731593261755));
#3859=CARTESIAN_POINT('',(-0.00567787174006501,0.0161364945629762,0.0158834006960161));
#3860=CARTESIAN_POINT('',(-0.00625406575089447,0.016635685682082,0.015110820886638));
#3861=CARTESIAN_POINT('',(-0.00676292773894148,0.0170359427214613,0.0142636683707801));
#3862=CARTESIAN_POINT('',(-0.00676292773781761,0.0170359451068827,0.014263669497534));
#3863=CARTESIAN_POINT('',(-0.00789594281987651,0.0159027061441632,0.0142638990968533));
#3864=CARTESIAN_POINT('',(-0.00781517168331147,0.0165190540823071,0.0145125374101969));
#3865=CARTESIAN_POINT('',(-0.00737897460884819,0.0169546392890715,0.0145121587227089));
#3866=CARTESIAN_POINT('',(-0.00676292917067547,0.017035494023997,0.0142635192603498));
#3867=CARTESIAN_POINT('',(-0.00789626237826079,0.015902705039843,0.0142640056316941));
#3868=CARTESIAN_POINT('',(-0.00643992980377647,0.0142078383168842,0.0165732404818448));
#3869=CARTESIAN_POINT('',(-0.00644215097724485,0.0142105280041062,0.0165704882894212));
#3870=CARTESIAN_POINT('',(-0.00645869105729739,0.0142288180429457,0.0165500644054704));
#3871=CARTESIAN_POINT('',(-0.00651837042203975,0.0142940619047679,0.0164752846022382));
#3872=CARTESIAN_POINT('',(-0.00657224067706099,0.0143534974080784,0.0164064666836463));
#3873=CARTESIAN_POINT('',(-0.00660144344502924,0.0143857828141339,0.0163688433250183));
#3874=CARTESIAN_POINT('',(-0.00666418781530259,0.0144552702854151,0.0162873234407122));
#3875=CARTESIAN_POINT('',(-0.00674627753333256,0.014546642970202,0.0161781724452485));
#3876=CARTESIAN_POINT('',(-0.00687942309282597,0.0146957732670873,0.0159961469059792));
#3877=CARTESIAN_POINT('',(-0.00704176095245055,0.0148796342515724,0.0157635840634631));
#3878=CARTESIAN_POINT('',(-0.00722516400873815,0.0150906185244598,0.0154844101070773));
#3879=CARTESIAN_POINT('',(-0.00741755078090995,0.0153161398578632,0.0151705398942919));
#3880=CARTESIAN_POINT('',(-0.00764793292968184,0.0155919976487927,0.0147656845779062));
#3881=CARTESIAN_POINT('',(-0.00780234721464267,0.0157833859007013,0.0144626621821149));
#3882=CARTESIAN_POINT('',(-0.00789626204145981,0.0159027050398431,0.0142640054724716));
#3883=CARTESIAN_POINT('',(-0.00643992980377533,0.00914999999999954,0.0165732404818448));
#3884=CARTESIAN_POINT('',(-0.00643992980377734,0.0180494327212154,0.0165732404818448));
#3885=CARTESIAN_POINT('',(-0.00728586095067794,0.00914999999999937,0.0155250714277225));
#3886=CARTESIAN_POINT('',(-0.00728586095067995,0.0180494327212153,0.0155250714277225));
#3887=CARTESIAN_POINT('',(-0.00859175872218007,0.00914999999999912,0.0131455202779296));
#3888=CARTESIAN_POINT('',(-0.00859175872218209,0.018049432721215,0.0131455202779296));
#3889=CARTESIAN_POINT('',(-0.00903574066500479,0.00914999999999895,0.0104862182986601));
#3890=CARTESIAN_POINT('',(-0.00903574066500681,0.0180494327212148,0.0104862182986601));
#3891=CARTESIAN_POINT('',(-0.00916000000000207,0.00914999999999892,0.00914999999999893));
#3892=CARTESIAN_POINT('',(-0.00916000000000408,0.0180494327212148,0.00914999999999893));
#3893=CARTESIAN_POINT('',(-0.00790330029413161,0.015915482312977,0.0142417716258404));
#3894=CARTESIAN_POINT('',(-0.00790087852409216,0.0159111813889284,0.0142491183424034));
#3895=CARTESIAN_POINT('',(-0.00789842623662806,0.0159069225666067,0.0142564944326521));
#3896=CARTESIAN_POINT('',(-0.00789594281987651,0.0159027061441632,0.0142638990968533));
#3897=CARTESIAN_POINT('',(-0.00790628745523892,0.015915453987305,0.014242739666979));
#3898=CARTESIAN_POINT('',(-0.0079062874691491,0.0159154540048379,0.0142427396373903));
#3899=CARTESIAN_POINT('',(-0.00824248678879676,0.0163419221861037,0.0135276021001335));
#3900=CARTESIAN_POINT('',(-0.00850930543758382,0.016726357281246,0.0127512637056736));
#3901=CARTESIAN_POINT('',(-0.00871276925609219,0.017068759290265,0.0119157475528476));
#3902=CARTESIAN_POINT('',(-0.00871276932938691,0.017068759290265,0.0119157475706962));
#3903=CARTESIAN_POINT('',(-0.00871378584452534,0.0170742909359655,0.011902213656295));
#3904=CARTESIAN_POINT('',(-0.00871314902994636,0.0170724464695173,0.011906678901014));
#3905=CARTESIAN_POINT('',(-0.00871250685129946,0.0170706152132524,0.0119111515049005));
#3906=CARTESIAN_POINT('',(-0.00871185917808735,0.0170687971912484,0.0119156313690311));
#3907=CARTESIAN_POINT('',(-0.00871599228272897,0.0170741885158014,0.0119024859191844));
#3908=CARTESIAN_POINT('',(-0.00871599229698161,0.0170741885397039,0.0119024858604227));
#3909=CARTESIAN_POINT('',(-0.00892743090043352,0.0174305745399934,0.011030752417945));
#3910=CARTESIAN_POINT('',(-0.00907104924285755,0.0177379632246413,0.0101065287741266));
#3911=CARTESIAN_POINT('',(-0.00916000000000407,0.0179963545936476,0.00914999999999893));
#3912=CARTESIAN_POINT('',(-0.00915999999984548,0.0179963546059584,0.00915000000170877));
#3913=CARTESIAN_POINT('',(-0.00916000000000207,0.00914999999999896,0.00914999999999897));
#3914=CARTESIAN_POINT('',(-0.0091600000000033,0.0120987848645503,0.00914999999999897));
#3915=CARTESIAN_POINT('',(-0.00916000000000452,0.0150475697291016,0.00914999999999897));
#3916=CARTESIAN_POINT('',(-0.00916000000000575,0.0179963545936529,0.00914999999999897));
#3917=CARTESIAN_POINT('',(-0.00738741026776612,0.0165261122077657,0.0136439818062065));
#3918=CARTESIAN_POINT('',(-0.00676292907162015,0.0170354937398986,0.0142635201140701));
#3919=CARTESIAN_POINT('',(-0.00676714549012756,0.0170379759903671,0.0142560904016149));
#3920=CARTESIAN_POINT('',(-0.00677140463703662,0.0170404267731127,0.0142486894572526));
#3921=CARTESIAN_POINT('',(-0.0067757062108979,0.0170428467088802,0.0142413180922059));
#3922=CARTESIAN_POINT('',(-0.00677567784869574,0.017045996965768,0.0142423350044243));
#3923=CARTESIAN_POINT('',(-0.00677570629033772,0.0170428470217224,0.0142413171259936));
#3924=CARTESIAN_POINT('',(-0.00739222650140305,0.0169678227493606,0.0144907153836578));
#3925=CARTESIAN_POINT('',(-0.00782830873942591,0.0165326101420102,0.0144912405332357));
#3926=CARTESIAN_POINT('',(-0.00790330031873105,0.0159154823560734,0.0142417715511979));
#3927=CARTESIAN_POINT('',(-0.0087127693477106,0.017068759290265,0.0119157475751584));
#3928=CARTESIAN_POINT('',(-0.00862752963122046,0.0169253043040284,0.0122658020626787));
#3929=CARTESIAN_POINT('',(-0.00840385606369966,0.0165736792905736,0.0130600169230276));
#3930=CARTESIAN_POINT('',(-0.00810175435762714,0.0161634033716157,0.0138269573883667));
#3931=CARTESIAN_POINT('',(-0.00790628746917269,0.0159154540048379,0.0142427396373401));
#3932=CARTESIAN_POINT('',(-0.00870642633501981,0.0171820008144835,0.011941796465833));
#3933=CARTESIAN_POINT('',(-0.00861951650879692,0.0170461964264626,0.0122959928362907));
#3934=CARTESIAN_POINT('',(-0.00839080564490905,0.0167105475640024,0.0131009738572748));
#3935=CARTESIAN_POINT('',(-0.00808002454332036,0.0163111290159076,0.0138796898721351));
#3936=CARTESIAN_POINT('',(-0.0078787811269468,0.0160675238685549,0.0143012490295057));
#3937=CARTESIAN_POINT('',(-0.00868611203622447,0.0174067114671773,0.0119916048532687));
#3938=CARTESIAN_POINT('',(-0.0085954247568825,0.0172862056424384,0.0123537576920973));
#3939=CARTESIAN_POINT('',(-0.00835582427248015,0.0169826133113896,0.0131793703603832));
#3940=CARTESIAN_POINT('',(-0.00802728304810687,0.016605223424979,0.0139807292351447));
#3941=CARTESIAN_POINT('',(-0.0078144593591025,0.0163706539630289,0.0144134171287168));
#3942=CARTESIAN_POINT('',(-0.0084587974367756,0.0176991458121585,0.0120075099701095));
#3943=CARTESIAN_POINT('',(-0.00835153223232895,0.0175988914181194,0.0123721834180165));
#3944=CARTESIAN_POINT('',(-0.00807586183080462,0.0173381508197052,0.0132043558904734));
#3945=CARTESIAN_POINT('',(-0.00771808592456121,0.0169914958810175,0.0140129190650422));
#3946=CARTESIAN_POINT('',(-0.00749152643509985,0.016769836028494,0.0144491314472934));
#3947=CARTESIAN_POINT('',(-0.00818121877011588,0.0178361634114132,0.0119733053471374));
#3948=CARTESIAN_POINT('',(-0.00805492863291699,0.0177469958212241,0.0123325087780253));
#3949=CARTESIAN_POINT('',(-0.00773924177710878,0.0175117043254377,0.0131504143286263));
#3950=CARTESIAN_POINT('',(-0.00735348462420829,0.0171900157282032,0.0139433352024836));
#3951=CARTESIAN_POINT('',(-0.00711547539158933,0.0169816604447107,0.0143718555444033));
#3952=CARTESIAN_POINT('',(-0.00801383223891816,0.0178475855121558,0.0119353292450441));
#3953=CARTESIAN_POINT('',(-0.00787615242446137,0.0177610260498159,0.0122884583062543));
#3954=CARTESIAN_POINT('',(-0.00753660620654366,0.0175334917041958,0.013090603044599));
#3955=CARTESIAN_POINT('',(-0.0071344506674974,0.0172250194473005,0.0138662428332447));
#3956=CARTESIAN_POINT('',(-0.00688971574861671,0.0170253873738354,0.0142862641767491));
#3957=CARTESIAN_POINT('',(-0.00792889788410951,0.0178523091894962,0.011915798391513));
#3958=CARTESIAN_POINT('',(-0.00778548013654766,0.0177669974935168,0.0122658173359318));
#3959=CARTESIAN_POINT('',(-0.00743395539519206,0.0175432393034703,0.0130598682462343));
#3960=CARTESIAN_POINT('',(-0.0070236640109461,0.0172412860827769,0.0138266579505815));
#3961=CARTESIAN_POINT('',(-0.00677567784921425,0.0170459943849112,0.0142423337921354));
#3962=CARTESIAN_POINT('',(-0.00677567784923322,0.0170459943849078,0.0142423337921427));
#3963=CARTESIAN_POINT('',(-0.00721639500251425,0.017393063755804,0.0135036011455365));
#3964=CARTESIAN_POINT('',(-0.00760094511987608,0.0176572272906715,0.0127161852495852));
#3965=CARTESIAN_POINT('',(-0.00792889788412441,0.0178523091894954,0.0119157983915164));
#3966=CARTESIAN_POINT('',(-0.00792890739440382,0.0178523157157875,0.0119157753833187));
#3967=CARTESIAN_POINT('',(-0.00871185917808735,0.0170687971912484,0.0119156313690311));
#3968=CARTESIAN_POINT('',(-0.00871687946492383,0.0175213251957809,0.0120239040058248));
#3969=CARTESIAN_POINT('',(-0.00838089560040068,0.01785724180673,0.0120239572562774));
#3970=CARTESIAN_POINT('',(-0.00792893633366088,0.017851519343167,0.0119156966644427));
#3971=CARTESIAN_POINT('',(-0.00824383496808597,0.0173848444049884,0.0115151188263484));
#3972=CARTESIAN_POINT('',(-0.00792894216592386,0.0178515227467399,0.0119156724388372));
#3973=CARTESIAN_POINT('',(-0.00793075669602626,0.0178521834332116,0.0119111997606289));
#3974=CARTESIAN_POINT('',(-0.0079325843880143,0.0178528387109083,0.011906734273358));
#3975=CARTESIAN_POINT('',(-0.00793442521780205,0.0178534887084222,0.0119022760748373));
#3976=CARTESIAN_POINT('',(-0.00793432569213234,0.0178555364905464,0.0119025334431319));
#3977=CARTESIAN_POINT('',(-0.00793442514292111,0.0178534887271133,0.0119022758972601));
#3978=CARTESIAN_POINT('',(-0.00838541950443885,0.0178618287102726,0.0120101832400925));
#3979=CARTESIAN_POINT('',(-0.00872143782729592,0.0175260690795841,0.0120101770710266));
#3980=CARTESIAN_POINT('',(-0.00871378586534676,0.0170742909958418,0.0119022135101364));
#3981=CARTESIAN_POINT('',(-0.00916000000001162,0.0179963545936476,0.00914999999991772));
#3982=CARTESIAN_POINT('',(-0.00910028817814519,0.017822898853709,0.00979210893305347));
#3983=CARTESIAN_POINT('',(-0.00897668890487828,0.0175361586795709,0.0107150714669242));
#3984=CARTESIAN_POINT('',(-0.00878359684508362,0.0171881379988193,0.0116237612354868));
#3985=CARTESIAN_POINT('',(-0.00871599229698159,0.0170741885397038,0.0119024858604228));
#3986=CARTESIAN_POINT('',(-0.009159612653195,0.018041533560817,0.00915416532003332));
#3987=CARTESIAN_POINT('',(-0.00909950981071345,0.017884831903563,0.00979904569561181));
#3988=CARTESIAN_POINT('',(-0.00897492221567218,0.0176218711277141,0.0107280542029248));
#3989=CARTESIAN_POINT('',(-0.0087786433941258,0.0172949961061801,0.0116463463009815));
#3990=CARTESIAN_POINT('',(-0.00870971239411877,0.0171871400597628,0.0119283770706921));
#3991=CARTESIAN_POINT('',(-0.00915562811821481,0.0181309895308216,0.00916211358992865));
#3992=CARTESIAN_POINT('',(-0.0090935831088879,0.0180075503861158,0.00981228582519663));
#3993=CARTESIAN_POINT('',(-0.00896540167989618,0.0177916836659359,0.0107528388634498));
#3994=CARTESIAN_POINT('',(-0.00876147435024937,0.0175069414199846,0.0116895193548618));
#3995=CARTESIAN_POINT('',(-0.00868954629396308,0.0174112697152614,0.0119778841703525));
#3996=CARTESIAN_POINT('',(-0.00906709792521763,0.0182467581000205,0.00916464657612829));
#3997=CARTESIAN_POINT('',(-0.00897193028734721,0.0181663838411049,0.00981651171653478));
#3998=CARTESIAN_POINT('',(-0.00879636049380562,0.0180117875275788,0.0107607686985299));
#3999=CARTESIAN_POINT('',(-0.00854798369997743,0.0177824825137608,0.0117033120675194));
#4000=CARTESIAN_POINT('',(-0.0084628562367582,0.0177029379721637,0.0119936912204594));
#4001=CARTESIAN_POINT('',(-0.00895688393022852,0.0182982797188629,0.00915918857900308));
#4002=CARTESIAN_POINT('',(-0.00882077280685593,0.0182373893997862,0.00980742674622904));
#4003=CARTESIAN_POINT('',(-0.00858696860329529,0.0181110360951685,0.0107437858583351));
#4004=CARTESIAN_POINT('',(-0.00828627778061868,0.017910254772415,0.0116736836923527));
#4005=CARTESIAN_POINT('',(-0.00818599897715598,0.0178395358798875,0.0119596932004232));
#4006=CARTESIAN_POINT('',(-0.00889023881906308,0.0182997094898908,0.00915312399000061));
#4007=CARTESIAN_POINT('',(-0.00872934872844207,0.0182397017440122,0.00979733033197968));
#4008=CARTESIAN_POINT('',(-0.00846046138087743,0.0181152273192775,0.0107249006029593));
#4009=CARTESIAN_POINT('',(-0.00812839282632893,0.0179195098280381,0.0116407733471358));
#4010=CARTESIAN_POINT('',(-0.00801904242812837,0.0178508594679348,0.0119219462966716));
#4011=CARTESIAN_POINT('',(-0.00885635459368614,0.0183000000000071,0.00914999999991343));
#4012=CARTESIAN_POINT('',(-0.00868289885374705,0.0182402862354594,0.00979212982360648));
#4013=CARTESIAN_POINT('',(-0.00839617520892642,0.0181165390983648,0.0107151753310799));
#4014=CARTESIAN_POINT('',(-0.00804824580209583,0.017923194740207,0.0116238439848449));
#4015=CARTESIAN_POINT('',(-0.00793432569232898,0.0178555359763867,0.011902533318406));
#4016=CARTESIAN_POINT('',(-0.00793432569232898,0.0178555359763867,0.011902533318406));
#4017=CARTESIAN_POINT('',(-0.00830346554907998,0.0180747733562985,0.0109994852009202));
#4018=CARTESIAN_POINT('',(-0.0086054749977696,0.0182136323472236,0.0100787514540342));
#4019=CARTESIAN_POINT('',(-0.00885635459368614,0.0183000000000071,0.00914999999991343));
#4020=CARTESIAN_POINT('',(-0.00885635459368102,0.018300000000003,0.00914999999995652));
#4021=CARTESIAN_POINT('',(-0.00885635459368614,0.0183000000000071,0.00914999999991343));
#4022=CARTESIAN_POINT('',(-0.00893541778623233,0.0182993221430692,0.00915728931011675));
#4023=CARTESIAN_POINT('',(-0.00911281277111803,0.0182536467004759,0.00916953834364151));
#4024=CARTESIAN_POINT('',(-0.00915932214308253,0.0180754177861939,0.00915728931012012));
#4025=CARTESIAN_POINT('',(-0.00916000000001162,0.0179963545936476,0.00914999999991772));
#4026=CARTESIAN_POINT('',(-0.00916126756630309,0.0180000852557667,0.00913636927130108));
#4027=CARTESIAN_POINT('',(-0.00916125851280167,0.018000058609782,0.00913646662780352));
#4028=CARTESIAN_POINT('',(-0.00916124945930026,0.0180000319637974,0.00913656398430597));
#4029=CARTESIAN_POINT('',(-0.00916124040579885,0.0180000053178127,0.00913666134080842));
#4030=CARTESIAN_POINT('',(-0.00916082693715502,0.017998788409719,0.00914110756102875));
#4031=CARTESIAN_POINT('',(-0.00916041346855162,0.0179975715016365,0.00914555378081404));
#4032=CARTESIAN_POINT('',(-0.00916000000001162,0.0179963545936476,0.00914999999991772));
#4033=CARTESIAN_POINT('',(-0.00916088335071578,0.0180448977456648,0.00914050080267323));
#4034=CARTESIAN_POINT('',(-0.00916087428707018,0.018044873713559,0.00914059840130552));
#4035=CARTESIAN_POINT('',(-0.00916086522342457,0.0180448496814532,0.00914069599993781));
#4036=CARTESIAN_POINT('',(-0.00916085615977896,0.0180448256493474,0.00914079359857011));
#4037=CARTESIAN_POINT('',(-0.00916044222785494,0.0180437281157243,0.0091452508767332));
#4038=CARTESIAN_POINT('',(-0.00916002652537311,0.018042631112203,0.00914970803910235));
#4039=CARTESIAN_POINT('',(-0.00915961265319499,0.0180415335608169,0.0091541653200335));
#4040=CARTESIAN_POINT('',(-0.00915701203506706,0.0181336245008673,0.00914839178912388));
#4041=CARTESIAN_POINT('',(-0.00915700271433636,0.0181336056567818,0.00914848984630006));
#4042=CARTESIAN_POINT('',(-0.00915699339360566,0.0181335868126962,0.00914858790347623));
#4043=CARTESIAN_POINT('',(-0.00915698407287495,0.0181335679686106,0.00914868596065241));
#4044=CARTESIAN_POINT('',(-0.00915655840000998,0.0181327073691422,0.00915316418027319));
#4045=CARTESIAN_POINT('',(-0.00915613383071814,0.0181318464192503,0.00915764246949195));
#4046=CARTESIAN_POINT('',(-0.00915570868363128,0.0181309858702431,0.00916212074156307));
#4047=CARTESIAN_POINT('',(-0.00906916343525571,0.0182484281336909,0.00915089842631004));
#4048=CARTESIAN_POINT('',(-0.00906914900750638,0.0182484159767196,0.00915099663042451));
#4049=CARTESIAN_POINT('',(-0.00906913457975704,0.0182484038197483,0.00915109483453897));
#4050=CARTESIAN_POINT('',(-0.0090691201520077,0.018248391662777,0.00915119303865344));
#4051=CARTESIAN_POINT('',(-0.00906846124429008,0.0182478364602973,0.00915567796886859));
#4052=CARTESIAN_POINT('',(-0.00906780055133132,0.0182472822330453,0.00916016282331682));
#4053=CARTESIAN_POINT('',(-0.00906714204773668,0.0182467275253174,0.00916464783598528));
#4054=CARTESIAN_POINT('',(-0.00895980146161861,0.0182995667089132,0.00914548404096863));
#4055=CARTESIAN_POINT('',(-0.00895978062749333,0.018299557555581,0.00914558192865141));
#4056=CARTESIAN_POINT('',(-0.00895975979336805,0.0182995484022488,0.00914567981633418));
#4057=CARTESIAN_POINT('',(-0.00895973895924276,0.0182995392489166,0.00914577770401695));
#4058=CARTESIAN_POINT('',(-0.00895878747570779,0.0182991212210536,0.00915024818296323));
#4059=CARTESIAN_POINT('',(-0.00895783780868565,0.0182987022976105,0.00915471874710744));
#4060=CARTESIAN_POINT('',(-0.00895688626856536,0.0182982846442633,0.00915918925448315));
#4061=CARTESIAN_POINT('',(-0.00889369460647789,0.0183009794184189,0.00913946791955837));
#4062=CARTESIAN_POINT('',(-0.00889366993987737,0.018300970341637,0.00913956545796533));
#4063=CARTESIAN_POINT('',(-0.00889364527327685,0.0183009612648551,0.00913966299637228));
#4064=CARTESIAN_POINT('',(-0.00889362060667633,0.0183009521880731,0.00913976053477923));
#4065=CARTESIAN_POINT('',(-0.00889249409601465,0.0183005376562193,0.00914421506248263));
#4066=CARTESIAN_POINT('',(-0.00889136525098725,0.0183001240529389,0.0091486694590132));
#4067=CARTESIAN_POINT('',(-0.00889023881906316,0.0182997094898907,0.00915312399000186));
#4068=CARTESIAN_POINT('',(-0.00886008525576332,0.0183012675663089,0.00913636927129955));
#4069=CARTESIAN_POINT('',(-0.00886005860977868,0.0183012585128075,0.00913646662780199));
#4070=CARTESIAN_POINT('',(-0.00886003196379404,0.0183012494593061,0.00913656398430444));
#4071=CARTESIAN_POINT('',(-0.0088600053178094,0.0183012404058047,0.00913666134080688));
#4072=CARTESIAN_POINT('',(-0.00885878840971692,0.0183008269371605,0.00914110756102717));
#4073=CARTESIAN_POINT('',(-0.00885757150167519,0.018300413468547,0.009145553780811));
#4074=CARTESIAN_POINT('',(-0.00885635459368623,0.0183000000000069,0.00914999999991468));
#4075=CARTESIAN_POINT('',(-0.00916000000000407,0.0179963546059584,0.00914999999999893));
#4076=CARTESIAN_POINT('',(-0.00915999999950732,0.0180789290240728,0.00914999999999893));
#4077=CARTESIAN_POINT('',(-0.00911471037933133,0.0182551258985621,0.00915000000004017));
#4078=CARTESIAN_POINT('',(-0.00893887072341063,0.0183000000000018,0.00914999999991667));
#4079=CARTESIAN_POINT('',(-0.00885635459370807,0.0183000000000068,0.00914999999991669));
#4080=CARTESIAN_POINT('',(-0.00885635459368849,0.018299999999999,0.00914999999999899));
#4081=CARTESIAN_POINT('',(-0.0087732274682183,0.0182137565127349,0.010077416244621));
#4082=CARTESIAN_POINT('',(-0.00863508359221153,0.0180702152167071,0.011020033899181));
#4083=CARTESIAN_POINT('',(-0.00823261029529747,0.0176527033438923,0.0127383263636617));
#4084=CARTESIAN_POINT('',(-0.00797979986103074,0.0173905298669573,0.0135109918816294));
#4085=CARTESIAN_POINT('',(-0.00727177140428462,0.0166581824185405,0.0150670390674758));
#4086=CARTESIAN_POINT('',(-0.00680272780308401,0.016173691461049,0.0158368433496913));
#4087=CARTESIAN_POINT('',(-0.0062305230727379,0.0155833951189998,0.0165689412464822));
#4088=CARTESIAN_POINT('',(-0.00590756972912704,0.0182999999999996,0.00914999999999966));
#4089=CARTESIAN_POINT('',(-0.00585215164548032,0.0182111800101602,0.0101048712943284));
#4090=CARTESIAN_POINT('',(-0.00576040456351238,0.0180619411471515,0.0110616600141715));
#4091=CARTESIAN_POINT('',(-0.00549340750983796,0.0176344357204219,0.0127927454221653));
#4092=CARTESIAN_POINT('',(-0.00532657611428729,0.0173674154086867,0.0135653269860376));
#4093=CARTESIAN_POINT('',(-0.00485345904942221,0.0166333643535832,0.0151079068801021));
#4094=CARTESIAN_POINT('',(-0.00453896793495194,0.0161529706991358,0.0158634484443098));
#4095=CARTESIAN_POINT('',(-0.00415709588918265,0.015577243659542,0.0165765307320228));
#4096=CARTESIAN_POINT('',(-0.00295878486456559,0.0183000000000004,0.00915000000000033));
#4097=CARTESIAN_POINT('',(-0.00293107582274233,0.0182086468867665,0.0101323624240794));
#4098=CARTESIAN_POINT('',(-0.00288459894048202,0.0180613949331626,0.0110765632036748));
#4099=CARTESIAN_POINT('',(-0.00274881999133749,0.017635466814798,0.0128057357929188));
#4100=CARTESIAN_POINT('',(-0.00266244861202161,0.0173609923682435,0.0135930288926063));
#4101=CARTESIAN_POINT('',(-0.0024277893286691,0.0166165254146009,0.0151382710250421));
#4102=CARTESIAN_POINT('',(-0.00227364903872494,0.0161335359287798,0.0158875947578366));
#4103=CARTESIAN_POINT('',(-0.00208340870008229,0.0155712922963037,0.0165837045693299));
#4104=CARTESIAN_POINT('',(-1.0000000004133E-5,0.018300000000001,0.00915000000000099));
#4105=CARTESIAN_POINT('',(-1.00000000043401E-5,0.0182060920737823,0.0101598355138086));
#4106=CARTESIAN_POINT('',(-1.0000000004523E-5,0.0180525835918941,0.0111200990764351));
#4107=CARTESIAN_POINT('',(-1.00000000048195E-5,0.017615820370794,0.0128630942290454));
#4108=CARTESIAN_POINT('',(-1.00000000049349E-5,0.0173366855963594,0.0136492525436713));
#4109=CARTESIAN_POINT('',(-1.00000000051137E-5,0.0165911512169634,0.0151798947576605));
#4110=CARTESIAN_POINT('',(-1.00000000051722E-5,0.0161127377114151,0.0159143862586852));
#4111=CARTESIAN_POINT('',(-1.00000000052016E-5,0.0155651266122488,0.0165913236027982));
#4112=CARTESIAN_POINT('',(-0.00458500000000414,0.018300000000002,0.00915));
#4113=CARTESIAN_POINT('',(-0.0045850000000031,0.013725,0.00915));
#4114=CARTESIAN_POINT('',(-0.000179726872992189,0.00705946296656672,0.016));
#4115=CARTESIAN_POINT('',(3.79470760369927E-19,0.0068513205847113,0.016));
#4116=CARTESIAN_POINT('',(3.79470760369927E-19,0.0068513205847113,0.016));
#4117=CARTESIAN_POINT('',(-0.000179726872992189,0.00705946296656672,0.016));
#4118=CARTESIAN_POINT('',(-0.000359453745984378,0.00726760534842215,0.016));
#4119=CARTESIAN_POINT('',(-0.000359453745984378,0.00726760534842215,0.016));
#4120=CARTESIAN_POINT('',(-0.000185232438984163,0.0112456145654422,0.016));
#4121=CARTESIAN_POINT('',(-0.000370464877968326,0.0110423562481512,0.016));
#4122=CARTESIAN_POINT('',(-0.000370464877968326,0.0110423562481512,0.016));
#4123=CARTESIAN_POINT('',(-0.000185232438984163,0.0112456145654422,0.016));
#4124=CARTESIAN_POINT('',(0.,0.0114488728827333,0.016));
#4125=CARTESIAN_POINT('',(0.,0.0114488728827333,0.016));
#4126=CARTESIAN_POINT('',(0.000701151699802621,0.00818341739280525,0.016));
#4127=CARTESIAN_POINT('',(0.000701151699802621,0.00818341739280525,0.016));
#4128=CARTESIAN_POINT('',(0.00176175714558962,0.00909922943718835,0.016));
#4129=CARTESIAN_POINT('',(0.00176175714558962,0.00909922943718835,0.016));
#4130=CARTESIAN_POINT('',(0.00129523412522422,0.00796972990166155,0.016));
#4131=CARTESIAN_POINT('',(0.00259046825044845,0.00908813921861179,0.016));
#4132=CARTESIAN_POINT('',(0.00259046825044845,0.00908813921861179,0.016));
#4133=CARTESIAN_POINT('',(0.00129523412522422,0.00796972990166155,0.016));
#4134=CARTESIAN_POINT('',(0.00129523412522422,0.0102685060506725,0.016));
#4135=CARTESIAN_POINT('',(0.00129523412522422,0.0102685060506725,0.016));
#4136=CARTESIAN_POINT('',(0.000695646133810648,0.0100707928426698,0.016));
#4137=CARTESIAN_POINT('',(0.000695646133810648,0.0100707928426698,0.016));
#4138=CARTESIAN_POINT('',(0.00106511790573214,0.00915253876600448,0.016));
#4139=MECHANICAL_DESIGN_GEOMETRIC_PRESENTATION_REPRESENTATION('',(#1504,
#12),#4140);
#4140=(
GEOMETRIC_REPRESENTATION_CONTEXT(3)
GLOBAL_UNCERTAINTY_ASSIGNED_CONTEXT((#4141))
GLOBAL_UNIT_ASSIGNED_CONTEXT((#4144,#4143,#4142))
REPRESENTATION_CONTEXT('Body11','TOP_LEVEL_ASSEMBLY_PART')
);
#4141=UNCERTAINTY_MEASURE_WITH_UNIT(LENGTH_MEASURE(2.E-5),#4144,
'DISTANCE_ACCURACY_VALUE','Maximum Tolerance applied to model');
#4142=(
NAMED_UNIT(*)
SI_UNIT($,.STERADIAN.)
SOLID_ANGLE_UNIT()
);
#4143=(
NAMED_UNIT(*)
PLANE_ANGLE_UNIT()
SI_UNIT($,.RADIAN.)
);
#4144=(
LENGTH_UNIT()
NAMED_UNIT(*)
SI_UNIT($,.METRE.)
);
#4145=PRODUCT_DEFINITION_SHAPE('','',#4146);
#4146=PRODUCT_DEFINITION('','',#4148,#4147);
#4147=PRODUCT_DEFINITION_CONTEXT('',#4154,'design');
#4148=PRODUCT_DEFINITION_FORMATION_WITH_SPECIFIED_SOURCE('','',#4150,
 .NOT_KNOWN.);
#4149=PRODUCT_RELATED_PRODUCT_CATEGORY('','',(#4150));
#4150=PRODUCT('Body11','Body11','Body11',(#4152));
#4151=PRODUCT_CATEGORY('','');
#4152=PRODUCT_CONTEXT('',#4154,'mechanical');
#4153=APPLICATION_PROTOCOL_DEFINITION('international standard',
'ap242_managed_model_based_3d_engineering',2020,#4154);
#4154=APPLICATION_CONTEXT('managed model based 3d engineering');
ENDSEC;
END-ISO-10303-21;
