ISO-10303-21;
HEADER;
/* Generated by software containing ST-Developer
 * from STEP Tools, Inc. (www.steptools.com) 
 */
/* OPTION: using custom renumber hook */

FILE_DESCRIPTION(
/* description */ ('STEP AP242 Edition 2',
'CAx-IF Rec.Pracs.---Representation and Presentation of Product Manufa
cturing Information (PMI)---4.0---2014-10-13',
'CAx-IF Rec.Pracs.---3D Tessellated Geometry---0.4---2014-09-14','2;1',
'CAx-IF Rec.Pracs.---User Defined Attributes---1.5---2016-08-15'),
/* implementation_level */ '2;1');

FILE_NAME(
/* name */ 'Keycap Home',
/* time_stamp */ '2026-08-13T13:20:37Z',
/* author */ (''),
/* organization */ (''),
/* preprocessor_version */ 'ST-DEVELOPER v20',
/* originating_system */ 'ONSHAPE BY PTC INC, 1.219',
/* authorisation */ '  ');

FILE_SCHEMA (('AP242_MANAGED_MODEL_BASED_3D_ENGINEERING_MIM_LF { 1 0 10303 442 3 1 4 }'));
ENDSEC;

DATA;
#10=SHAPE_REPRESENTATION_RELATIONSHIP('','',#1530,#11);
#11=ADVANCED_BREP_SHAPE_REPRESENTATION('',(#1528),#4103);
#12=OVER_RIDING_STYLED_ITEM('',(#1515),#1511,#1513);
#13=CONICAL_SURFACE('',#1567,0.000578674021268001,0.00245683629617198);
#14=CONICAL_SURFACE('',#1568,0.000578710401499148,0.00246260126998919);
#15=CONICAL_SURFACE('',#1569,0.000821280932753971,0.594128337450122);
#16=CONICAL_SURFACE('',#1570,0.000593285928054577,0.475075964559576);
#17=CONICAL_SURFACE('',#1571,0.000578674021268011,0.00245683629616806);
#18=CONICAL_SURFACE('',#1572,0.000578710401839326,0.00246260114638548);
#19=CONICAL_SURFACE('',#1573,0.000821280932753974,0.594128337450117);
#20=CONICAL_SURFACE('',#1574,0.000593285927853554,0.475075965056343);
#21=CONICAL_SURFACE('',#1575,0.000578674021268024,0.00245683629616329);
#22=CONICAL_SURFACE('',#1576,0.00057871040183933,0.0024626011463844);
#23=CONICAL_SURFACE('',#1577,0.000821280932753971,0.594128337450122);
#24=CONICAL_SURFACE('',#1578,0.000578674021661906,0.00245683615655237);
#25=CONICAL_SURFACE('',#1579,0.00057871040183932,0.00246260114638769);
#26=CONICAL_SURFACE('',#1580,0.000821280932753974,0.594128337450117);
#27=CONICAL_SURFACE('',#1581,0.000593285930902368,0.47507595736688);
#28=CYLINDRICAL_SURFACE('',#1546,0.00133658829123758);
#29=CYLINDRICAL_SURFACE('',#1549,0.00133658829123759);
#30=CYLINDRICAL_SURFACE('',#1554,0.00133658829060177);
#31=CYLINDRICAL_SURFACE('',#1559,0.00133658829123758);
#32=CIRCLE('',#1540,0.00133658829123758);
#33=CIRCLE('',#1541,0.00133658829123759);
#34=CIRCLE('',#1542,0.00133658829123758);
#35=CIRCLE('',#1543,0.00133658829060177);
#36=CIRCLE('',#1547,0.00133658829123758);
#37=CIRCLE('',#1550,0.00133658829123759);
#38=CIRCLE('',#1555,0.00133658829060177);
#39=CIRCLE('',#1557,0.00133658829123758);
#40=PLANE('',#1532);
#41=PLANE('',#1533);
#42=PLANE('',#1534);
#43=PLANE('',#1535);
#44=PLANE('',#1536);
#45=PLANE('',#1537);
#46=PLANE('',#1538);
#47=PLANE('',#1539);
#48=PLANE('',#1544);
#49=PLANE('',#1545);
#50=PLANE('',#1548);
#51=PLANE('',#1551);
#52=PLANE('',#1552);
#53=PLANE('',#1553);
#54=PLANE('',#1556);
#55=PLANE('',#1558);
#56=PLANE('',#1560);
#57=PLANE('',#1561);
#58=PLANE('',#1562);
#59=PLANE('',#1563);
#60=PLANE('',#1564);
#61=PLANE('',#1565);
#62=PLANE('',#1566);
#63=PLANE('',#1582);
#64=PLANE('',#1583);
#65=PLANE('',#1584);
#66=PLANE('',#1585);
#67=PLANE('',#1586);
#68=PLANE('',#1587);
#69=PLANE('',#1588);
#70=PLANE('',#1589);
#71=PLANE('',#1590);
#72=PLANE('',#1591);
#73=PLANE('',#1592);
#74=LINE('',#2034,#153);
#75=LINE('',#2062,#154);
#76=LINE('',#2065,#155);
#77=LINE('',#2067,#156);
#78=LINE('',#2069,#157);
#79=LINE('',#2071,#158);
#80=LINE('',#2073,#159);
#81=LINE('',#2075,#160);
#82=LINE('',#2077,#161);
#83=LINE('',#2079,#162);
#84=LINE('',#2081,#163);
#85=LINE('',#2083,#164);
#86=LINE('',#2085,#165);
#87=LINE('',#2087,#166);
#88=LINE('',#2089,#167);
#89=LINE('',#2091,#168);
#90=LINE('',#2093,#169);
#91=LINE('',#2095,#170);
#92=LINE('',#2097,#171);
#93=LINE('',#2099,#172);
#94=LINE('',#2101,#173);
#95=LINE('',#2103,#174);
#96=LINE('',#2105,#175);
#97=LINE('',#2107,#176);
#98=LINE('',#2109,#177);
#99=LINE('',#2111,#178);
#100=LINE('',#2113,#179);
#101=LINE('',#2116,#180);
#102=LINE('',#2118,#181);
#103=LINE('',#2120,#182);
#104=LINE('',#2124,#183);
#105=LINE('',#2128,#184);
#106=LINE('',#2132,#185);
#107=LINE('',#2136,#186);
#108=LINE('',#2138,#187);
#109=LINE('',#2140,#188);
#110=LINE('',#2142,#189);
#111=LINE('',#2144,#190);
#112=LINE('',#2146,#191);
#113=LINE('',#2165,#192);
#114=LINE('',#2179,#193);
#115=LINE('',#2181,#194);
#116=LINE('',#2183,#195);
#117=LINE('',#2185,#196);
#118=LINE('',#2187,#197);
#119=LINE('',#2189,#198);
#120=LINE('',#2203,#199);
#121=LINE('',#2206,#200);
#122=LINE('',#2207,#201);
#123=LINE('',#2209,#202);
#124=LINE('',#2211,#203);
#125=LINE('',#2212,#204);
#126=LINE('',#2220,#205);
#127=LINE('',#2224,#206);
#128=LINE('',#2227,#207);
#129=LINE('',#2229,#208);
#130=LINE('',#2231,#209);
#131=LINE('',#2659,#210);
#132=LINE('',#3091,#211);
#133=LINE('',#3596,#212);
#134=LINE('',#4028,#213);
#135=LINE('',#4066,#214);
#136=LINE('',#4068,#215);
#137=LINE('',#4070,#216);
#138=LINE('',#4072,#217);
#139=LINE('',#4074,#218);
#140=LINE('',#4076,#219);
#141=LINE('',#4078,#220);
#142=LINE('',#4080,#221);
#143=LINE('',#4082,#222);
#144=LINE('',#4084,#223);
#145=LINE('',#4086,#224);
#146=LINE('',#4088,#225);
#147=LINE('',#4090,#226);
#148=LINE('',#4092,#227);
#149=LINE('',#4094,#228);
#150=LINE('',#4096,#229);
#151=LINE('',#4098,#230);
#152=LINE('',#4100,#231);
#153=VECTOR('',#1595,1.);
#154=VECTOR('',#1598,1.);
#155=VECTOR('',#1599,1.);
#156=VECTOR('',#1600,1.);
#157=VECTOR('',#1601,1.);
#158=VECTOR('',#1602,1.);
#159=VECTOR('',#1603,1.);
#160=VECTOR('',#1604,1.);
#161=VECTOR('',#1605,1.);
#162=VECTOR('',#1606,1.);
#163=VECTOR('',#1607,1.);
#164=VECTOR('',#1608,1.);
#165=VECTOR('',#1609,1.);
#166=VECTOR('',#1612,1.);
#167=VECTOR('',#1613,1.);
#168=VECTOR('',#1614,1.);
#169=VECTOR('',#1617,1.);
#170=VECTOR('',#1618,1.);
#171=VECTOR('',#1621,1.);
#172=VECTOR('',#1622,1.);
#173=VECTOR('',#1625,1.);
#174=VECTOR('',#1626,1.);
#175=VECTOR('',#1629,1.);
#176=VECTOR('',#1630,1.);
#177=VECTOR('',#1633,1.);
#178=VECTOR('',#1634,1.);
#179=VECTOR('',#1637,1.);
#180=VECTOR('',#1638,1.);
#181=VECTOR('',#1639,1.);
#182=VECTOR('',#1640,1.);
#183=VECTOR('',#1643,1.);
#184=VECTOR('',#1646,1.);
#185=VECTOR('',#1649,1.);
#186=VECTOR('',#1652,1.);
#187=VECTOR('',#1655,1.);
#188=VECTOR('',#1656,1.);
#189=VECTOR('',#1657,1.);
#190=VECTOR('',#1660,1.);
#191=VECTOR('',#1661,1.);
#192=VECTOR('',#1668,1.);
#193=VECTOR('',#1675,1.);
#194=VECTOR('',#1678,1.);
#195=VECTOR('',#1679,1.);
#196=VECTOR('',#1680,1.);
#197=VECTOR('',#1683,1.);
#198=VECTOR('',#1684,1.);
#199=VECTOR('',#1691,1.);
#200=VECTOR('',#1694,1.);
#201=VECTOR('',#1695,1.);
#202=VECTOR('',#1696,1.);
#203=VECTOR('',#1697,1.);
#204=VECTOR('',#1698,1.);
#205=VECTOR('',#1705,1.);
#206=VECTOR('',#1712,1.);
#207=VECTOR('',#1717,1.);
#208=VECTOR('',#1718,1.);
#209=VECTOR('',#1721,1.);
#210=VECTOR('',#1730,1.);
#211=VECTOR('',#1739,1.);
#212=VECTOR('',#1746,1.);
#213=VECTOR('',#1755,1.);
#214=VECTOR('',#1760,1.);
#215=VECTOR('',#1761,1.);
#216=VECTOR('',#1762,1.);
#217=VECTOR('',#1765,1.);
#218=VECTOR('',#1766,1.);
#219=VECTOR('',#1769,1.);
#220=VECTOR('',#1770,1.);
#221=VECTOR('',#1773,1.);
#222=VECTOR('',#1774,1.);
#223=VECTOR('',#1777,1.);
#224=VECTOR('',#1778,1.);
#225=VECTOR('',#1781,1.);
#226=VECTOR('',#1782,1.);
#227=VECTOR('',#1785,1.);
#228=VECTOR('',#1786,1.);
#229=VECTOR('',#1789,1.);
#230=VECTOR('',#1790,1.);
#231=VECTOR('',#1793,1.);
#232=ORIENTED_EDGE('',*,*,#690,.T.);
#233=ORIENTED_EDGE('',*,*,#691,.T.);
#234=ORIENTED_EDGE('',*,*,#692,.T.);
#235=ORIENTED_EDGE('',*,*,#693,.T.);
#236=ORIENTED_EDGE('',*,*,#694,.T.);
#237=ORIENTED_EDGE('',*,*,#695,.F.);
#238=ORIENTED_EDGE('',*,*,#696,.T.);
#239=ORIENTED_EDGE('',*,*,#697,.T.);
#240=ORIENTED_EDGE('',*,*,#698,.F.);
#241=ORIENTED_EDGE('',*,*,#699,.T.);
#242=ORIENTED_EDGE('',*,*,#700,.F.);
#243=ORIENTED_EDGE('',*,*,#701,.F.);
#244=ORIENTED_EDGE('',*,*,#702,.F.);
#245=ORIENTED_EDGE('',*,*,#703,.F.);
#246=ORIENTED_EDGE('',*,*,#704,.F.);
#247=ORIENTED_EDGE('',*,*,#705,.F.);
#248=ORIENTED_EDGE('',*,*,#706,.T.);
#249=ORIENTED_EDGE('',*,*,#707,.T.);
#250=ORIENTED_EDGE('',*,*,#708,.T.);
#251=ORIENTED_EDGE('',*,*,#709,.F.);
#252=ORIENTED_EDGE('',*,*,#710,.T.);
#253=ORIENTED_EDGE('',*,*,#711,.T.);
#254=ORIENTED_EDGE('',*,*,#712,.T.);
#255=ORIENTED_EDGE('',*,*,#709,.T.);
#256=ORIENTED_EDGE('',*,*,#713,.T.);
#257=ORIENTED_EDGE('',*,*,#704,.T.);
#258=ORIENTED_EDGE('',*,*,#714,.F.);
#259=ORIENTED_EDGE('',*,*,#715,.F.);
#260=ORIENTED_EDGE('',*,*,#716,.T.);
#261=ORIENTED_EDGE('',*,*,#717,.T.);
#262=ORIENTED_EDGE('',*,*,#718,.T.);
#263=ORIENTED_EDGE('',*,*,#719,.F.);
#264=ORIENTED_EDGE('',*,*,#720,.F.);
#265=ORIENTED_EDGE('',*,*,#721,.F.);
#266=ORIENTED_EDGE('',*,*,#722,.F.);
#267=ORIENTED_EDGE('',*,*,#723,.F.);
#268=ORIENTED_EDGE('',*,*,#724,.F.);
#269=ORIENTED_EDGE('',*,*,#725,.F.);
#270=ORIENTED_EDGE('',*,*,#726,.F.);
#271=ORIENTED_EDGE('',*,*,#727,.F.);
#272=ORIENTED_EDGE('',*,*,#728,.F.);
#273=ORIENTED_EDGE('',*,*,#729,.F.);
#274=ORIENTED_EDGE('',*,*,#730,.F.);
#275=ORIENTED_EDGE('',*,*,#725,.T.);
#276=ORIENTED_EDGE('',*,*,#731,.T.);
#277=ORIENTED_EDGE('',*,*,#732,.T.);
#278=ORIENTED_EDGE('',*,*,#733,.F.);
#279=ORIENTED_EDGE('',*,*,#724,.T.);
#280=ORIENTED_EDGE('',*,*,#734,.T.);
#281=ORIENTED_EDGE('',*,*,#735,.T.);
#282=ORIENTED_EDGE('',*,*,#731,.F.);
#283=ORIENTED_EDGE('',*,*,#723,.T.);
#284=ORIENTED_EDGE('',*,*,#736,.T.);
#285=ORIENTED_EDGE('',*,*,#737,.T.);
#286=ORIENTED_EDGE('',*,*,#734,.F.);
#287=ORIENTED_EDGE('',*,*,#722,.T.);
#288=ORIENTED_EDGE('',*,*,#738,.T.);
#289=ORIENTED_EDGE('',*,*,#739,.T.);
#290=ORIENTED_EDGE('',*,*,#736,.F.);
#291=ORIENTED_EDGE('',*,*,#721,.T.);
#292=ORIENTED_EDGE('',*,*,#740,.T.);
#293=ORIENTED_EDGE('',*,*,#741,.T.);
#294=ORIENTED_EDGE('',*,*,#738,.F.);
#295=ORIENTED_EDGE('',*,*,#720,.T.);
#296=ORIENTED_EDGE('',*,*,#742,.T.);
#297=ORIENTED_EDGE('',*,*,#743,.T.);
#298=ORIENTED_EDGE('',*,*,#740,.F.);
#299=ORIENTED_EDGE('',*,*,#744,.F.);
#300=ORIENTED_EDGE('',*,*,#745,.F.);
#301=ORIENTED_EDGE('',*,*,#746,.F.);
#302=ORIENTED_EDGE('',*,*,#747,.F.);
#303=ORIENTED_EDGE('',*,*,#748,.F.);
#304=ORIENTED_EDGE('',*,*,#749,.F.);
#305=ORIENTED_EDGE('',*,*,#750,.F.);
#306=ORIENTED_EDGE('',*,*,#751,.F.);
#307=ORIENTED_EDGE('',*,*,#752,.F.);
#308=ORIENTED_EDGE('',*,*,#753,.F.);
#309=ORIENTED_EDGE('',*,*,#754,.F.);
#310=ORIENTED_EDGE('',*,*,#755,.F.);
#311=ORIENTED_EDGE('',*,*,#728,.T.);
#312=ORIENTED_EDGE('',*,*,#756,.T.);
#313=ORIENTED_EDGE('',*,*,#757,.T.);
#314=ORIENTED_EDGE('',*,*,#758,.F.);
#315=ORIENTED_EDGE('',*,*,#727,.T.);
#316=ORIENTED_EDGE('',*,*,#759,.T.);
#317=ORIENTED_EDGE('',*,*,#760,.T.);
#318=ORIENTED_EDGE('',*,*,#756,.F.);
#319=ORIENTED_EDGE('',*,*,#752,.T.);
#320=ORIENTED_EDGE('',*,*,#761,.T.);
#321=ORIENTED_EDGE('',*,*,#762,.T.);
#322=ORIENTED_EDGE('',*,*,#763,.T.);
#323=ORIENTED_EDGE('',*,*,#751,.T.);
#324=ORIENTED_EDGE('',*,*,#764,.F.);
#325=ORIENTED_EDGE('',*,*,#765,.T.);
#326=ORIENTED_EDGE('',*,*,#761,.F.);
#327=ORIENTED_EDGE('',*,*,#750,.T.);
#328=ORIENTED_EDGE('',*,*,#766,.T.);
#329=ORIENTED_EDGE('',*,*,#767,.T.);
#330=ORIENTED_EDGE('',*,*,#764,.T.);
#331=ORIENTED_EDGE('',*,*,#749,.T.);
#332=ORIENTED_EDGE('',*,*,#768,.F.);
#333=ORIENTED_EDGE('',*,*,#769,.T.);
#334=ORIENTED_EDGE('',*,*,#766,.F.);
#335=ORIENTED_EDGE('',*,*,#746,.T.);
#336=ORIENTED_EDGE('',*,*,#770,.F.);
#337=ORIENTED_EDGE('',*,*,#771,.F.);
#338=ORIENTED_EDGE('',*,*,#772,.T.);
#339=ORIENTED_EDGE('',*,*,#745,.T.);
#340=ORIENTED_EDGE('',*,*,#773,.F.);
#341=ORIENTED_EDGE('',*,*,#774,.F.);
#342=ORIENTED_EDGE('',*,*,#770,.T.);
#343=ORIENTED_EDGE('',*,*,#754,.T.);
#344=ORIENTED_EDGE('',*,*,#775,.T.);
#345=ORIENTED_EDGE('',*,*,#776,.T.);
#346=ORIENTED_EDGE('',*,*,#777,.T.);
#347=ORIENTED_EDGE('',*,*,#776,.F.);
#348=ORIENTED_EDGE('',*,*,#778,.F.);
#349=ORIENTED_EDGE('',*,*,#762,.F.);
#350=ORIENTED_EDGE('',*,*,#765,.F.);
#351=ORIENTED_EDGE('',*,*,#767,.F.);
#352=ORIENTED_EDGE('',*,*,#769,.F.);
#353=ORIENTED_EDGE('',*,*,#779,.F.);
#354=ORIENTED_EDGE('',*,*,#780,.F.);
#355=ORIENTED_EDGE('',*,*,#732,.F.);
#356=ORIENTED_EDGE('',*,*,#735,.F.);
#357=ORIENTED_EDGE('',*,*,#737,.F.);
#358=ORIENTED_EDGE('',*,*,#739,.F.);
#359=ORIENTED_EDGE('',*,*,#741,.F.);
#360=ORIENTED_EDGE('',*,*,#743,.F.);
#361=ORIENTED_EDGE('',*,*,#781,.F.);
#362=ORIENTED_EDGE('',*,*,#782,.F.);
#363=ORIENTED_EDGE('',*,*,#783,.F.);
#364=ORIENTED_EDGE('',*,*,#757,.F.);
#365=ORIENTED_EDGE('',*,*,#760,.F.);
#366=ORIENTED_EDGE('',*,*,#784,.F.);
#367=ORIENTED_EDGE('',*,*,#753,.T.);
#368=ORIENTED_EDGE('',*,*,#763,.F.);
#369=ORIENTED_EDGE('',*,*,#778,.T.);
#370=ORIENTED_EDGE('',*,*,#775,.F.);
#371=ORIENTED_EDGE('',*,*,#748,.T.);
#372=ORIENTED_EDGE('',*,*,#785,.T.);
#373=ORIENTED_EDGE('',*,*,#779,.T.);
#374=ORIENTED_EDGE('',*,*,#768,.T.);
#375=ORIENTED_EDGE('',*,*,#719,.T.);
#376=ORIENTED_EDGE('',*,*,#786,.T.);
#377=ORIENTED_EDGE('',*,*,#781,.T.);
#378=ORIENTED_EDGE('',*,*,#742,.F.);
#379=ORIENTED_EDGE('',*,*,#755,.T.);
#380=ORIENTED_EDGE('',*,*,#777,.F.);
#381=ORIENTED_EDGE('',*,*,#780,.T.);
#382=ORIENTED_EDGE('',*,*,#785,.F.);
#383=ORIENTED_EDGE('',*,*,#726,.T.);
#384=ORIENTED_EDGE('',*,*,#733,.T.);
#385=ORIENTED_EDGE('',*,*,#784,.T.);
#386=ORIENTED_EDGE('',*,*,#759,.F.);
#387=ORIENTED_EDGE('',*,*,#729,.T.);
#388=ORIENTED_EDGE('',*,*,#758,.T.);
#389=ORIENTED_EDGE('',*,*,#783,.T.);
#390=ORIENTED_EDGE('',*,*,#787,.F.);
#391=ORIENTED_EDGE('',*,*,#730,.T.);
#392=ORIENTED_EDGE('',*,*,#787,.T.);
#393=ORIENTED_EDGE('',*,*,#782,.T.);
#394=ORIENTED_EDGE('',*,*,#786,.F.);
#395=ORIENTED_EDGE('',*,*,#744,.T.);
#396=ORIENTED_EDGE('',*,*,#788,.F.);
#397=ORIENTED_EDGE('',*,*,#789,.F.);
#398=ORIENTED_EDGE('',*,*,#773,.T.);
#399=ORIENTED_EDGE('',*,*,#747,.T.);
#400=ORIENTED_EDGE('',*,*,#772,.F.);
#401=ORIENTED_EDGE('',*,*,#790,.F.);
#402=ORIENTED_EDGE('',*,*,#788,.T.);
#403=ORIENTED_EDGE('',*,*,#791,.F.);
#404=ORIENTED_EDGE('',*,*,#712,.F.);
#405=ORIENTED_EDGE('',*,*,#792,.F.);
#406=ORIENTED_EDGE('',*,*,#793,.F.);
#407=ORIENTED_EDGE('',*,*,#792,.T.);
#408=ORIENTED_EDGE('',*,*,#711,.F.);
#409=ORIENTED_EDGE('',*,*,#794,.F.);
#410=ORIENTED_EDGE('',*,*,#795,.F.);
#411=ORIENTED_EDGE('',*,*,#718,.F.);
#412=ORIENTED_EDGE('',*,*,#796,.F.);
#413=ORIENTED_EDGE('',*,*,#794,.T.);
#414=ORIENTED_EDGE('',*,*,#710,.F.);
#415=ORIENTED_EDGE('',*,*,#795,.T.);
#416=ORIENTED_EDGE('',*,*,#797,.F.);
#417=ORIENTED_EDGE('',*,*,#798,.T.);
#418=ORIENTED_EDGE('',*,*,#799,.F.);
#419=ORIENTED_EDGE('',*,*,#793,.T.);
#420=ORIENTED_EDGE('',*,*,#799,.T.);
#421=ORIENTED_EDGE('',*,*,#800,.T.);
#422=ORIENTED_EDGE('',*,*,#801,.T.);
#423=ORIENTED_EDGE('',*,*,#802,.T.);
#424=ORIENTED_EDGE('',*,*,#803,.T.);
#425=ORIENTED_EDGE('',*,*,#804,.F.);
#426=ORIENTED_EDGE('',*,*,#805,.T.);
#427=ORIENTED_EDGE('',*,*,#798,.F.);
#428=ORIENTED_EDGE('',*,*,#806,.F.);
#429=ORIENTED_EDGE('',*,*,#807,.T.);
#430=ORIENTED_EDGE('',*,*,#800,.F.);
#431=ORIENTED_EDGE('',*,*,#807,.F.);
#432=ORIENTED_EDGE('',*,*,#808,.F.);
#433=ORIENTED_EDGE('',*,*,#809,.T.);
#434=ORIENTED_EDGE('',*,*,#801,.F.);
#435=ORIENTED_EDGE('',*,*,#809,.F.);
#436=ORIENTED_EDGE('',*,*,#810,.F.);
#437=ORIENTED_EDGE('',*,*,#811,.T.);
#438=ORIENTED_EDGE('',*,*,#802,.F.);
#439=ORIENTED_EDGE('',*,*,#811,.F.);
#440=ORIENTED_EDGE('',*,*,#812,.F.);
#441=ORIENTED_EDGE('',*,*,#813,.T.);
#442=ORIENTED_EDGE('',*,*,#803,.F.);
#443=ORIENTED_EDGE('',*,*,#813,.F.);
#444=ORIENTED_EDGE('',*,*,#814,.F.);
#445=ORIENTED_EDGE('',*,*,#796,.T.);
#446=ORIENTED_EDGE('',*,*,#717,.F.);
#447=ORIENTED_EDGE('',*,*,#815,.F.);
#448=ORIENTED_EDGE('',*,*,#812,.T.);
#449=ORIENTED_EDGE('',*,*,#810,.T.);
#450=ORIENTED_EDGE('',*,*,#808,.T.);
#451=ORIENTED_EDGE('',*,*,#806,.T.);
#452=ORIENTED_EDGE('',*,*,#797,.T.);
#453=ORIENTED_EDGE('',*,*,#791,.T.);
#454=ORIENTED_EDGE('',*,*,#816,.T.);
#455=ORIENTED_EDGE('',*,*,#817,.T.);
#456=ORIENTED_EDGE('',*,*,#818,.T.);
#457=ORIENTED_EDGE('',*,*,#817,.F.);
#458=ORIENTED_EDGE('',*,*,#819,.T.);
#459=ORIENTED_EDGE('',*,*,#820,.T.);
#460=ORIENTED_EDGE('',*,*,#821,.T.);
#461=ORIENTED_EDGE('',*,*,#693,.F.);
#462=ORIENTED_EDGE('',*,*,#822,.T.);
#463=ORIENTED_EDGE('',*,*,#820,.F.);
#464=ORIENTED_EDGE('',*,*,#823,.T.);
#465=ORIENTED_EDGE('',*,*,#819,.F.);
#466=ORIENTED_EDGE('',*,*,#824,.T.);
#467=ORIENTED_EDGE('',*,*,#825,.F.);
#468=ORIENTED_EDGE('',*,*,#826,.T.);
#469=ORIENTED_EDGE('',*,*,#816,.F.);
#470=ORIENTED_EDGE('',*,*,#805,.F.);
#471=ORIENTED_EDGE('',*,*,#827,.T.);
#472=ORIENTED_EDGE('',*,*,#828,.F.);
#473=ORIENTED_EDGE('',*,*,#829,.F.);
#474=ORIENTED_EDGE('',*,*,#830,.F.);
#475=ORIENTED_EDGE('',*,*,#831,.F.);
#476=ORIENTED_EDGE('',*,*,#824,.F.);
#477=ORIENTED_EDGE('',*,*,#825,.T.);
#478=ORIENTED_EDGE('',*,*,#831,.T.);
#479=ORIENTED_EDGE('',*,*,#832,.F.);
#480=ORIENTED_EDGE('',*,*,#833,.T.);
#481=ORIENTED_EDGE('',*,*,#832,.T.);
#482=ORIENTED_EDGE('',*,*,#830,.T.);
#483=ORIENTED_EDGE('',*,*,#834,.F.);
#484=ORIENTED_EDGE('',*,*,#835,.T.);
#485=ORIENTED_EDGE('',*,*,#834,.T.);
#486=ORIENTED_EDGE('',*,*,#829,.T.);
#487=ORIENTED_EDGE('',*,*,#836,.F.);
#488=ORIENTED_EDGE('',*,*,#837,.T.);
#489=ORIENTED_EDGE('',*,*,#836,.T.);
#490=ORIENTED_EDGE('',*,*,#828,.T.);
#491=ORIENTED_EDGE('',*,*,#838,.F.);
#492=ORIENTED_EDGE('',*,*,#839,.T.);
#493=ORIENTED_EDGE('',*,*,#838,.T.);
#494=ORIENTED_EDGE('',*,*,#840,.T.);
#495=ORIENTED_EDGE('',*,*,#823,.F.);
#496=ORIENTED_EDGE('',*,*,#826,.F.);
#497=ORIENTED_EDGE('',*,*,#833,.F.);
#498=ORIENTED_EDGE('',*,*,#835,.F.);
#499=ORIENTED_EDGE('',*,*,#837,.F.);
#500=ORIENTED_EDGE('',*,*,#839,.F.);
#501=ORIENTED_EDGE('',*,*,#841,.T.);
#502=ORIENTED_EDGE('',*,*,#694,.F.);
#503=ORIENTED_EDGE('',*,*,#692,.F.);
#504=ORIENTED_EDGE('',*,*,#842,.T.);
#505=ORIENTED_EDGE('',*,*,#843,.F.);
#506=ORIENTED_EDGE('',*,*,#844,.F.);
#507=ORIENTED_EDGE('',*,*,#845,.T.);
#508=ORIENTED_EDGE('',*,*,#706,.F.);
#509=ORIENTED_EDGE('',*,*,#818,.F.);
#510=ORIENTED_EDGE('',*,*,#821,.F.);
#511=ORIENTED_EDGE('',*,*,#822,.F.);
#512=ORIENTED_EDGE('',*,*,#846,.T.);
#513=ORIENTED_EDGE('',*,*,#847,.T.);
#514=ORIENTED_EDGE('',*,*,#848,.T.);
#515=ORIENTED_EDGE('',*,*,#701,.T.);
#516=ORIENTED_EDGE('',*,*,#848,.F.);
#517=ORIENTED_EDGE('',*,*,#849,.T.);
#518=ORIENTED_EDGE('',*,*,#850,.T.);
#519=ORIENTED_EDGE('',*,*,#702,.T.);
#520=ORIENTED_EDGE('',*,*,#714,.T.);
#521=ORIENTED_EDGE('',*,*,#703,.T.);
#522=ORIENTED_EDGE('',*,*,#850,.F.);
#523=ORIENTED_EDGE('',*,*,#851,.T.);
#524=ORIENTED_EDGE('',*,*,#849,.F.);
#525=ORIENTED_EDGE('',*,*,#852,.T.);
#526=ORIENTED_EDGE('',*,*,#853,.F.);
#527=ORIENTED_EDGE('',*,*,#854,.T.);
#528=ORIENTED_EDGE('',*,*,#847,.F.);
#529=ORIENTED_EDGE('',*,*,#855,.F.);
#530=ORIENTED_EDGE('',*,*,#856,.T.);
#531=ORIENTED_EDGE('',*,*,#857,.F.);
#532=ORIENTED_EDGE('',*,*,#858,.F.);
#533=ORIENTED_EDGE('',*,*,#859,.F.);
#534=ORIENTED_EDGE('',*,*,#860,.F.);
#535=ORIENTED_EDGE('',*,*,#852,.F.);
#536=ORIENTED_EDGE('',*,*,#853,.T.);
#537=ORIENTED_EDGE('',*,*,#860,.T.);
#538=ORIENTED_EDGE('',*,*,#861,.F.);
#539=ORIENTED_EDGE('',*,*,#862,.T.);
#540=ORIENTED_EDGE('',*,*,#861,.T.);
#541=ORIENTED_EDGE('',*,*,#859,.T.);
#542=ORIENTED_EDGE('',*,*,#863,.F.);
#543=ORIENTED_EDGE('',*,*,#864,.T.);
#544=ORIENTED_EDGE('',*,*,#863,.T.);
#545=ORIENTED_EDGE('',*,*,#858,.T.);
#546=ORIENTED_EDGE('',*,*,#865,.F.);
#547=ORIENTED_EDGE('',*,*,#866,.T.);
#548=ORIENTED_EDGE('',*,*,#865,.T.);
#549=ORIENTED_EDGE('',*,*,#857,.T.);
#550=ORIENTED_EDGE('',*,*,#867,.F.);
#551=ORIENTED_EDGE('',*,*,#868,.T.);
#552=ORIENTED_EDGE('',*,*,#867,.T.);
#553=ORIENTED_EDGE('',*,*,#869,.T.);
#554=ORIENTED_EDGE('',*,*,#851,.F.);
#555=ORIENTED_EDGE('',*,*,#854,.F.);
#556=ORIENTED_EDGE('',*,*,#862,.F.);
#557=ORIENTED_EDGE('',*,*,#864,.F.);
#558=ORIENTED_EDGE('',*,*,#866,.F.);
#559=ORIENTED_EDGE('',*,*,#868,.F.);
#560=ORIENTED_EDGE('',*,*,#870,.T.);
#561=ORIENTED_EDGE('',*,*,#715,.T.);
#562=ORIENTED_EDGE('',*,*,#846,.F.);
#563=ORIENTED_EDGE('',*,*,#871,.F.);
#564=ORIENTED_EDGE('',*,*,#872,.F.);
#565=ORIENTED_EDGE('',*,*,#873,.F.);
#566=ORIENTED_EDGE('',*,*,#872,.T.);
#567=ORIENTED_EDGE('',*,*,#874,.F.);
#568=ORIENTED_EDGE('',*,*,#875,.F.);
#569=ORIENTED_EDGE('',*,*,#876,.F.);
#570=ORIENTED_EDGE('',*,*,#697,.F.);
#571=ORIENTED_EDGE('',*,*,#877,.F.);
#572=ORIENTED_EDGE('',*,*,#875,.T.);
#573=ORIENTED_EDGE('',*,*,#878,.F.);
#574=ORIENTED_EDGE('',*,*,#876,.T.);
#575=ORIENTED_EDGE('',*,*,#879,.F.);
#576=ORIENTED_EDGE('',*,*,#880,.T.);
#577=ORIENTED_EDGE('',*,*,#881,.F.);
#578=ORIENTED_EDGE('',*,*,#873,.T.);
#579=ORIENTED_EDGE('',*,*,#881,.T.);
#580=ORIENTED_EDGE('',*,*,#882,.T.);
#581=ORIENTED_EDGE('',*,*,#883,.T.);
#582=ORIENTED_EDGE('',*,*,#884,.T.);
#583=ORIENTED_EDGE('',*,*,#885,.T.);
#584=ORIENTED_EDGE('',*,*,#886,.F.);
#585=ORIENTED_EDGE('',*,*,#855,.T.);
#586=ORIENTED_EDGE('',*,*,#880,.F.);
#587=ORIENTED_EDGE('',*,*,#887,.F.);
#588=ORIENTED_EDGE('',*,*,#888,.T.);
#589=ORIENTED_EDGE('',*,*,#882,.F.);
#590=ORIENTED_EDGE('',*,*,#888,.F.);
#591=ORIENTED_EDGE('',*,*,#889,.F.);
#592=ORIENTED_EDGE('',*,*,#890,.T.);
#593=ORIENTED_EDGE('',*,*,#883,.F.);
#594=ORIENTED_EDGE('',*,*,#890,.F.);
#595=ORIENTED_EDGE('',*,*,#891,.F.);
#596=ORIENTED_EDGE('',*,*,#892,.T.);
#597=ORIENTED_EDGE('',*,*,#884,.F.);
#598=ORIENTED_EDGE('',*,*,#892,.F.);
#599=ORIENTED_EDGE('',*,*,#893,.F.);
#600=ORIENTED_EDGE('',*,*,#894,.T.);
#601=ORIENTED_EDGE('',*,*,#885,.F.);
#602=ORIENTED_EDGE('',*,*,#894,.F.);
#603=ORIENTED_EDGE('',*,*,#895,.F.);
#604=ORIENTED_EDGE('',*,*,#877,.T.);
#605=ORIENTED_EDGE('',*,*,#696,.F.);
#606=ORIENTED_EDGE('',*,*,#896,.F.);
#607=ORIENTED_EDGE('',*,*,#893,.T.);
#608=ORIENTED_EDGE('',*,*,#891,.T.);
#609=ORIENTED_EDGE('',*,*,#889,.T.);
#610=ORIENTED_EDGE('',*,*,#887,.T.);
#611=ORIENTED_EDGE('',*,*,#879,.T.);
#612=ORIENTED_EDGE('',*,*,#895,.T.);
#613=ORIENTED_EDGE('',*,*,#896,.T.);
#614=ORIENTED_EDGE('',*,*,#695,.T.);
#615=ORIENTED_EDGE('',*,*,#841,.F.);
#616=ORIENTED_EDGE('',*,*,#840,.F.);
#617=ORIENTED_EDGE('',*,*,#827,.F.);
#618=ORIENTED_EDGE('',*,*,#804,.T.);
#619=ORIENTED_EDGE('',*,*,#814,.T.);
#620=ORIENTED_EDGE('',*,*,#815,.T.);
#621=ORIENTED_EDGE('',*,*,#716,.F.);
#622=ORIENTED_EDGE('',*,*,#870,.F.);
#623=ORIENTED_EDGE('',*,*,#869,.F.);
#624=ORIENTED_EDGE('',*,*,#856,.F.);
#625=ORIENTED_EDGE('',*,*,#886,.T.);
#626=ORIENTED_EDGE('',*,*,#789,.T.);
#627=ORIENTED_EDGE('',*,*,#790,.T.);
#628=ORIENTED_EDGE('',*,*,#771,.T.);
#629=ORIENTED_EDGE('',*,*,#774,.T.);
#630=ORIENTED_EDGE('',*,*,#897,.F.);
#631=ORIENTED_EDGE('',*,*,#698,.T.);
#632=ORIENTED_EDGE('',*,*,#878,.T.);
#633=ORIENTED_EDGE('',*,*,#874,.T.);
#634=ORIENTED_EDGE('',*,*,#871,.T.);
#635=ORIENTED_EDGE('',*,*,#700,.T.);
#636=ORIENTED_EDGE('',*,*,#898,.T.);
#637=ORIENTED_EDGE('',*,*,#899,.F.);
#638=ORIENTED_EDGE('',*,*,#900,.F.);
#639=ORIENTED_EDGE('',*,*,#705,.T.);
#640=ORIENTED_EDGE('',*,*,#713,.F.);
#641=ORIENTED_EDGE('',*,*,#708,.F.);
#642=ORIENTED_EDGE('',*,*,#901,.T.);
#643=ORIENTED_EDGE('',*,*,#902,.T.);
#644=ORIENTED_EDGE('',*,*,#903,.F.);
#645=ORIENTED_EDGE('',*,*,#903,.T.);
#646=ORIENTED_EDGE('',*,*,#904,.T.);
#647=ORIENTED_EDGE('',*,*,#905,.T.);
#648=ORIENTED_EDGE('',*,*,#898,.F.);
#649=ORIENTED_EDGE('',*,*,#699,.F.);
#650=ORIENTED_EDGE('',*,*,#707,.F.);
#651=ORIENTED_EDGE('',*,*,#845,.F.);
#652=ORIENTED_EDGE('',*,*,#906,.F.);
#653=ORIENTED_EDGE('',*,*,#907,.F.);
#654=ORIENTED_EDGE('',*,*,#901,.F.);
#655=ORIENTED_EDGE('',*,*,#844,.T.);
#656=ORIENTED_EDGE('',*,*,#908,.F.);
#657=ORIENTED_EDGE('',*,*,#909,.T.);
#658=ORIENTED_EDGE('',*,*,#906,.T.);
#659=ORIENTED_EDGE('',*,*,#843,.T.);
#660=ORIENTED_EDGE('',*,*,#910,.F.);
#661=ORIENTED_EDGE('',*,*,#911,.T.);
#662=ORIENTED_EDGE('',*,*,#908,.T.);
#663=ORIENTED_EDGE('',*,*,#912,.F.);
#664=ORIENTED_EDGE('',*,*,#913,.F.);
#665=ORIENTED_EDGE('',*,*,#910,.T.);
#666=ORIENTED_EDGE('',*,*,#842,.F.);
#667=ORIENTED_EDGE('',*,*,#691,.F.);
#668=ORIENTED_EDGE('',*,*,#897,.T.);
#669=ORIENTED_EDGE('',*,*,#914,.F.);
#670=ORIENTED_EDGE('',*,*,#915,.F.);
#671=ORIENTED_EDGE('',*,*,#912,.T.);
#672=ORIENTED_EDGE('',*,*,#690,.F.);
#673=ORIENTED_EDGE('',*,*,#900,.T.);
#674=ORIENTED_EDGE('',*,*,#916,.F.);
#675=ORIENTED_EDGE('',*,*,#917,.F.);
#676=ORIENTED_EDGE('',*,*,#914,.T.);
#677=ORIENTED_EDGE('',*,*,#899,.T.);
#678=ORIENTED_EDGE('',*,*,#905,.F.);
#679=ORIENTED_EDGE('',*,*,#918,.F.);
#680=ORIENTED_EDGE('',*,*,#916,.T.);
#681=ORIENTED_EDGE('',*,*,#909,.F.);
#682=ORIENTED_EDGE('',*,*,#911,.F.);
#683=ORIENTED_EDGE('',*,*,#913,.T.);
#684=ORIENTED_EDGE('',*,*,#915,.T.);
#685=ORIENTED_EDGE('',*,*,#917,.T.);
#686=ORIENTED_EDGE('',*,*,#918,.T.);
#687=ORIENTED_EDGE('',*,*,#904,.F.);
#688=ORIENTED_EDGE('',*,*,#902,.F.);
#689=ORIENTED_EDGE('',*,*,#907,.T.);
#690=EDGE_CURVE('',#919,#920,#1065,.T.);
#691=EDGE_CURVE('',#920,#921,#1066,.T.);
#692=EDGE_CURVE('',#921,#922,#1067,.T.);
#693=EDGE_CURVE('',#922,#923,#1068,.F.);
#694=EDGE_CURVE('',#923,#924,#1069,.T.);
#695=EDGE_CURVE('',#925,#924,#1070,.T.);
#696=EDGE_CURVE('',#925,#926,#1071,.T.);
#697=EDGE_CURVE('',#926,#927,#1072,.F.);
#698=EDGE_CURVE('',#919,#927,#1073,.F.);
#699=EDGE_CURVE('',#928,#929,#1074,.T.);
#700=EDGE_CURVE('',#930,#929,#1075,.F.);
#701=EDGE_CURVE('',#931,#930,#1076,.T.);
#702=EDGE_CURVE('',#932,#931,#1077,.F.);
#703=EDGE_CURVE('',#933,#932,#1078,.T.);
#704=EDGE_CURVE('',#934,#933,#1079,.T.);
#705=EDGE_CURVE('',#928,#934,#1080,.T.);
#706=EDGE_CURVE('',#935,#936,#1081,.T.);
#707=EDGE_CURVE('',#936,#937,#1082,.T.);
#708=EDGE_CURVE('',#937,#938,#1083,.T.);
#709=EDGE_CURVE('',#939,#938,#1084,.T.);
#710=EDGE_CURVE('',#939,#940,#1085,.F.);
#711=EDGE_CURVE('',#940,#941,#1086,.T.);
#712=EDGE_CURVE('',#941,#935,#1087,.F.);
#713=EDGE_CURVE('',#938,#934,#74,.T.);
#714=EDGE_CURVE('',#942,#933,#1088,.T.);
#715=EDGE_CURVE('',#943,#942,#1089,.F.);
#716=EDGE_CURVE('',#943,#944,#1090,.F.);
#717=EDGE_CURVE('',#944,#945,#1091,.T.);
#718=EDGE_CURVE('',#945,#939,#1092,.F.);
#719=EDGE_CURVE('',#946,#947,#75,.T.);
#720=EDGE_CURVE('',#948,#946,#76,.T.);
#721=EDGE_CURVE('',#949,#948,#77,.T.);
#722=EDGE_CURVE('',#950,#949,#78,.T.);
#723=EDGE_CURVE('',#951,#950,#79,.T.);
#724=EDGE_CURVE('',#952,#951,#80,.T.);
#725=EDGE_CURVE('',#953,#952,#81,.T.);
#726=EDGE_CURVE('',#954,#953,#82,.T.);
#727=EDGE_CURVE('',#955,#954,#83,.T.);
#728=EDGE_CURVE('',#956,#955,#84,.T.);
#729=EDGE_CURVE('',#957,#956,#85,.T.);
#730=EDGE_CURVE('',#947,#957,#86,.T.);
#731=EDGE_CURVE('',#952,#958,#87,.T.);
#732=EDGE_CURVE('',#958,#959,#88,.F.);
#733=EDGE_CURVE('',#953,#959,#89,.T.);
#734=EDGE_CURVE('',#951,#960,#90,.T.);
#735=EDGE_CURVE('',#960,#958,#91,.F.);
#736=EDGE_CURVE('',#950,#961,#92,.T.);
#737=EDGE_CURVE('',#961,#960,#93,.F.);
#738=EDGE_CURVE('',#949,#962,#94,.T.);
#739=EDGE_CURVE('',#962,#961,#95,.F.);
#740=EDGE_CURVE('',#948,#963,#96,.T.);
#741=EDGE_CURVE('',#963,#962,#97,.F.);
#742=EDGE_CURVE('',#946,#964,#98,.T.);
#743=EDGE_CURVE('',#964,#963,#99,.F.);
#744=EDGE_CURVE('',#965,#966,#100,.T.);
#745=EDGE_CURVE('',#967,#965,#101,.T.);
#746=EDGE_CURVE('',#968,#967,#102,.T.);
#747=EDGE_CURVE('',#966,#968,#103,.T.);
#748=EDGE_CURVE('',#969,#970,#32,.F.);
#749=EDGE_CURVE('',#971,#969,#104,.T.);
#750=EDGE_CURVE('',#972,#971,#33,.F.);
#751=EDGE_CURVE('',#973,#972,#105,.T.);
#752=EDGE_CURVE('',#974,#973,#34,.F.);
#753=EDGE_CURVE('',#975,#974,#106,.T.);
#754=EDGE_CURVE('',#976,#975,#35,.F.);
#755=EDGE_CURVE('',#970,#976,#107,.T.);
#756=EDGE_CURVE('',#955,#977,#108,.T.);
#757=EDGE_CURVE('',#977,#978,#109,.F.);
#758=EDGE_CURVE('',#956,#978,#110,.T.);
#759=EDGE_CURVE('',#954,#979,#111,.T.);
#760=EDGE_CURVE('',#979,#977,#112,.F.);
#761=EDGE_CURVE('',#973,#980,#1093,.F.);
#762=EDGE_CURVE('',#980,#981,#36,.T.);
#763=EDGE_CURVE('',#981,#974,#1094,.F.);
#764=EDGE_CURVE('',#982,#972,#1095,.F.);
#765=EDGE_CURVE('',#982,#980,#113,.F.);
#766=EDGE_CURVE('',#971,#983,#1096,.F.);
#767=EDGE_CURVE('',#983,#982,#37,.T.);
#768=EDGE_CURVE('',#984,#969,#1097,.F.);
#769=EDGE_CURVE('',#984,#983,#114,.F.);
#770=EDGE_CURVE('',#985,#967,#115,.T.);
#771=EDGE_CURVE('',#986,#985,#116,.F.);
#772=EDGE_CURVE('',#986,#968,#117,.T.);
#773=EDGE_CURVE('',#987,#965,#118,.T.);
#774=EDGE_CURVE('',#985,#987,#119,.F.);
#775=EDGE_CURVE('',#975,#988,#1098,.F.);
#776=EDGE_CURVE('',#988,#989,#38,.T.);
#777=EDGE_CURVE('',#989,#976,#1099,.F.);
#778=EDGE_CURVE('',#981,#988,#120,.F.);
#779=EDGE_CURVE('',#990,#984,#39,.T.);
#780=EDGE_CURVE('',#989,#990,#121,.F.);
#781=EDGE_CURVE('',#991,#964,#122,.F.);
#782=EDGE_CURVE('',#992,#991,#123,.F.);
#783=EDGE_CURVE('',#978,#992,#124,.F.);
#784=EDGE_CURVE('',#959,#979,#125,.F.);
#785=EDGE_CURVE('',#970,#990,#1100,.F.);
#786=EDGE_CURVE('',#947,#991,#126,.T.);
#787=EDGE_CURVE('',#957,#992,#127,.T.);
#788=EDGE_CURVE('',#993,#966,#128,.T.);
#789=EDGE_CURVE('',#987,#993,#129,.T.);
#790=EDGE_CURVE('',#993,#986,#130,.T.);
#791=EDGE_CURVE('',#935,#994,#1101,.F.);
#792=EDGE_CURVE('',#995,#941,#1102,.F.);
#793=EDGE_CURVE('',#994,#995,#1103,.F.);
#794=EDGE_CURVE('',#996,#940,#1104,.T.);
#795=EDGE_CURVE('',#995,#996,#1105,.F.);
#796=EDGE_CURVE('',#996,#945,#1106,.F.);
#797=EDGE_CURVE('',#997,#996,#1107,.F.);
#798=EDGE_CURVE('',#997,#998,#1108,.F.);
#799=EDGE_CURVE('',#995,#998,#1109,.T.);
#800=EDGE_CURVE('',#998,#999,#1110,.F.);
#801=EDGE_CURVE('',#999,#1000,#1111,.T.);
#802=EDGE_CURVE('',#1000,#1001,#1112,.F.);
#803=EDGE_CURVE('',#1001,#1002,#1113,.T.);
#804=EDGE_CURVE('',#1003,#1002,#1114,.T.);
#805=EDGE_CURVE('',#1003,#994,#1115,.T.);
#806=EDGE_CURVE('',#1004,#997,#1116,.F.);
#807=EDGE_CURVE('',#1004,#999,#1117,.T.);
#808=EDGE_CURVE('',#1005,#1004,#1118,.F.);
#809=EDGE_CURVE('',#1005,#1000,#1119,.F.);
#810=EDGE_CURVE('',#1006,#1005,#1120,.F.);
#811=EDGE_CURVE('',#1006,#1001,#1121,.T.);
#812=EDGE_CURVE('',#1007,#1006,#1122,.F.);
#813=EDGE_CURVE('',#1007,#1002,#1123,.T.);
#814=EDGE_CURVE('',#1002,#1007,#1124,.T.);
#815=EDGE_CURVE('',#1007,#944,#131,.T.);
#816=EDGE_CURVE('',#994,#1008,#1125,.T.);
#817=EDGE_CURVE('',#1008,#1009,#1126,.T.);
#818=EDGE_CURVE('',#1009,#935,#1127,.T.);
#819=EDGE_CURVE('',#1008,#1010,#1128,.T.);
#820=EDGE_CURVE('',#1010,#1011,#1129,.F.);
#821=EDGE_CURVE('',#1011,#1009,#1130,.T.);
#822=EDGE_CURVE('',#922,#1011,#1131,.T.);
#823=EDGE_CURVE('',#1010,#923,#1132,.T.);
#824=EDGE_CURVE('',#1008,#1012,#1133,.F.);
#825=EDGE_CURVE('',#1013,#1012,#1134,.T.);
#826=EDGE_CURVE('',#1013,#1010,#1135,.T.);
#827=EDGE_CURVE('',#1003,#1014,#1136,.F.);
#828=EDGE_CURVE('',#1015,#1014,#1137,.F.);
#829=EDGE_CURVE('',#1016,#1015,#1138,.T.);
#830=EDGE_CURVE('',#1017,#1016,#1139,.F.);
#831=EDGE_CURVE('',#1012,#1017,#1140,.T.);
#832=EDGE_CURVE('',#1018,#1017,#1141,.F.);
#833=EDGE_CURVE('',#1018,#1013,#1142,.T.);
#834=EDGE_CURVE('',#1019,#1016,#1143,.T.);
#835=EDGE_CURVE('',#1019,#1018,#1144,.T.);
#836=EDGE_CURVE('',#1020,#1015,#1145,.F.);
#837=EDGE_CURVE('',#1020,#1019,#1146,.T.);
#838=EDGE_CURVE('',#1021,#1014,#1147,.F.);
#839=EDGE_CURVE('',#1021,#1020,#1148,.T.);
#840=EDGE_CURVE('',#1014,#1021,#1149,.T.);
#841=EDGE_CURVE('',#1021,#924,#132,.T.);
#842=EDGE_CURVE('',#921,#1022,#1150,.T.);
#843=EDGE_CURVE('',#1023,#1022,#1151,.T.);
#844=EDGE_CURVE('',#1024,#1023,#1152,.T.);
#845=EDGE_CURVE('',#1024,#936,#1153,.T.);
#846=EDGE_CURVE('',#930,#1025,#1154,.T.);
#847=EDGE_CURVE('',#1025,#1026,#1155,.T.);
#848=EDGE_CURVE('',#1026,#931,#1156,.T.);
#849=EDGE_CURVE('',#1026,#1027,#1157,.T.);
#850=EDGE_CURVE('',#1027,#932,#1158,.F.);
#851=EDGE_CURVE('',#1027,#942,#1159,.T.);
#852=EDGE_CURVE('',#1026,#1028,#1160,.F.);
#853=EDGE_CURVE('',#1029,#1028,#1161,.T.);
#854=EDGE_CURVE('',#1029,#1027,#1162,.T.);
#855=EDGE_CURVE('',#1030,#1025,#1163,.F.);
#856=EDGE_CURVE('',#1030,#1031,#1164,.F.);
#857=EDGE_CURVE('',#1032,#1031,#1165,.F.);
#858=EDGE_CURVE('',#1033,#1032,#1166,.T.);
#859=EDGE_CURVE('',#1034,#1033,#1167,.F.);
#860=EDGE_CURVE('',#1028,#1034,#1168,.T.);
#861=EDGE_CURVE('',#1035,#1034,#1169,.F.);
#862=EDGE_CURVE('',#1035,#1029,#1170,.T.);
#863=EDGE_CURVE('',#1036,#1033,#1171,.F.);
#864=EDGE_CURVE('',#1036,#1035,#1172,.T.);
#865=EDGE_CURVE('',#1037,#1032,#1173,.F.);
#866=EDGE_CURVE('',#1037,#1036,#1174,.T.);
#867=EDGE_CURVE('',#1038,#1031,#1175,.F.);
#868=EDGE_CURVE('',#1038,#1037,#1176,.T.);
#869=EDGE_CURVE('',#1031,#1038,#1177,.T.);
#870=EDGE_CURVE('',#1038,#943,#133,.F.);
#871=EDGE_CURVE('',#1039,#930,#1178,.F.);
#872=EDGE_CURVE('',#1040,#1039,#1179,.F.);
#873=EDGE_CURVE('',#1025,#1040,#1180,.F.);
#874=EDGE_CURVE('',#1041,#1039,#1181,.F.);
#875=EDGE_CURVE('',#1042,#1041,#1182,.T.);
#876=EDGE_CURVE('',#1040,#1042,#1183,.F.);
#877=EDGE_CURVE('',#1042,#926,#1184,.F.);
#878=EDGE_CURVE('',#927,#1041,#1185,.F.);
#879=EDGE_CURVE('',#1043,#1042,#1186,.F.);
#880=EDGE_CURVE('',#1043,#1044,#1187,.F.);
#881=EDGE_CURVE('',#1040,#1044,#1188,.T.);
#882=EDGE_CURVE('',#1044,#1045,#1189,.F.);
#883=EDGE_CURVE('',#1045,#1046,#1190,.T.);
#884=EDGE_CURVE('',#1046,#1047,#1191,.F.);
#885=EDGE_CURVE('',#1047,#1048,#1192,.T.);
#886=EDGE_CURVE('',#1030,#1048,#1193,.T.);
#887=EDGE_CURVE('',#1049,#1043,#1194,.F.);
#888=EDGE_CURVE('',#1049,#1045,#1195,.T.);
#889=EDGE_CURVE('',#1050,#1049,#1196,.F.);
#890=EDGE_CURVE('',#1050,#1046,#1197,.F.);
#891=EDGE_CURVE('',#1051,#1050,#1198,.F.);
#892=EDGE_CURVE('',#1051,#1047,#1199,.T.);
#893=EDGE_CURVE('',#1052,#1051,#1200,.F.);
#894=EDGE_CURVE('',#1052,#1048,#1201,.T.);
#895=EDGE_CURVE('',#1048,#1052,#1202,.T.);
#896=EDGE_CURVE('',#1052,#925,#134,.F.);
#897=EDGE_CURVE('',#919,#1053,#1203,.T.);
#898=EDGE_CURVE('',#929,#1054,#1204,.T.);
#899=EDGE_CURVE('',#1055,#1054,#1205,.T.);
#900=EDGE_CURVE('',#1053,#1055,#1206,.T.);
#901=EDGE_CURVE('',#937,#1056,#135,.T.);
#902=EDGE_CURVE('',#1056,#1057,#136,.T.);
#903=EDGE_CURVE('',#928,#1057,#137,.T.);
#904=EDGE_CURVE('',#1057,#1058,#138,.T.);
#905=EDGE_CURVE('',#1058,#1054,#139,.T.);
#906=EDGE_CURVE('',#1059,#1024,#140,.T.);
#907=EDGE_CURVE('',#1056,#1059,#141,.T.);
#908=EDGE_CURVE('',#1060,#1023,#142,.T.);
#909=EDGE_CURVE('',#1060,#1059,#143,.T.);
#910=EDGE_CURVE('',#1061,#1022,#144,.T.);
#911=EDGE_CURVE('',#1061,#1060,#145,.T.);
#912=EDGE_CURVE('',#1062,#920,#146,.T.);
#913=EDGE_CURVE('',#1061,#1062,#147,.T.);
#914=EDGE_CURVE('',#1063,#1053,#148,.T.);
#915=EDGE_CURVE('',#1062,#1063,#149,.T.);
#916=EDGE_CURVE('',#1064,#1055,#150,.T.);
#917=EDGE_CURVE('',#1063,#1064,#151,.T.);
#918=EDGE_CURVE('',#1064,#1058,#152,.T.);
#919=VERTEX_POINT('',#1843);
#920=VERTEX_POINT('',#1844);
#921=VERTEX_POINT('',#1849);
#922=VERTEX_POINT('',#1854);
#923=VERTEX_POINT('',#1859);
#924=VERTEX_POINT('',#1865);
#925=VERTEX_POINT('',#1870);
#926=VERTEX_POINT('',#1876);
#927=VERTEX_POINT('',#1881);
#928=VERTEX_POINT('',#1906);
#929=VERTEX_POINT('',#1907);
#930=VERTEX_POINT('',#1912);
#931=VERTEX_POINT('',#1917);
#932=VERTEX_POINT('',#1925);
#933=VERTEX_POINT('',#1930);
#934=VERTEX_POINT('',#1935);
#935=VERTEX_POINT('',#1960);
#936=VERTEX_POINT('',#1961);
#937=VERTEX_POINT('',#1966);
#938=VERTEX_POINT('',#1971);
#939=VERTEX_POINT('',#1976);
#940=VERTEX_POINT('',#1981);
#941=VERTEX_POINT('',#1989);
#942=VERTEX_POINT('',#2039);
#943=VERTEX_POINT('',#2045);
#944=VERTEX_POINT('',#2050);
#945=VERTEX_POINT('',#2056);
#946=VERTEX_POINT('',#2063);
#947=VERTEX_POINT('',#2064);
#948=VERTEX_POINT('',#2066);
#949=VERTEX_POINT('',#2068);
#950=VERTEX_POINT('',#2070);
#951=VERTEX_POINT('',#2072);
#952=VERTEX_POINT('',#2074);
#953=VERTEX_POINT('',#2076);
#954=VERTEX_POINT('',#2078);
#955=VERTEX_POINT('',#2080);
#956=VERTEX_POINT('',#2082);
#957=VERTEX_POINT('',#2084);
#958=VERTEX_POINT('',#2088);
#959=VERTEX_POINT('',#2090);
#960=VERTEX_POINT('',#2094);
#961=VERTEX_POINT('',#2098);
#962=VERTEX_POINT('',#2102);
#963=VERTEX_POINT('',#2106);
#964=VERTEX_POINT('',#2110);
#965=VERTEX_POINT('',#2114);
#966=VERTEX_POINT('',#2115);
#967=VERTEX_POINT('',#2117);
#968=VERTEX_POINT('',#2119);
#969=VERTEX_POINT('',#2122);
#970=VERTEX_POINT('',#2123);
#971=VERTEX_POINT('',#2125);
#972=VERTEX_POINT('',#2127);
#973=VERTEX_POINT('',#2129);
#974=VERTEX_POINT('',#2131);
#975=VERTEX_POINT('',#2133);
#976=VERTEX_POINT('',#2135);
#977=VERTEX_POINT('',#2139);
#978=VERTEX_POINT('',#2141);
#979=VERTEX_POINT('',#2145);
#980=VERTEX_POINT('',#2152);
#981=VERTEX_POINT('',#2154);
#982=VERTEX_POINT('',#2164);
#983=VERTEX_POINT('',#2171);
#984=VERTEX_POINT('',#2178);
#985=VERTEX_POINT('',#2182);
#986=VERTEX_POINT('',#2184);
#987=VERTEX_POINT('',#2188);
#988=VERTEX_POINT('',#2195);
#989=VERTEX_POINT('',#2197);
#990=VERTEX_POINT('',#2205);
#991=VERTEX_POINT('',#2208);
#992=VERTEX_POINT('',#2210);
#993=VERTEX_POINT('',#2228);
#994=VERTEX_POINT('',#2237);
#995=VERTEX_POINT('',#2242);
#996=VERTEX_POINT('',#2335);
#997=VERTEX_POINT('',#2401);
#998=VERTEX_POINT('',#2406);
#999=VERTEX_POINT('',#2435);
#1000=VERTEX_POINT('',#2440);
#1001=VERTEX_POINT('',#2445);
#1002=VERTEX_POINT('',#2450);
#1003=VERTEX_POINT('',#2455);
#1004=VERTEX_POINT('',#2466);
#1005=VERTEX_POINT('',#2510);
#1006=VERTEX_POINT('',#2522);
#1007=VERTEX_POINT('',#2567);
#1008=VERTEX_POINT('',#2665);
#1009=VERTEX_POINT('',#2670);
#1010=VERTEX_POINT('',#2766);
#1011=VERTEX_POINT('',#2771);
#1012=VERTEX_POINT('',#2852);
#1013=VERTEX_POINT('',#2857);
#1014=VERTEX_POINT('',#2876);
#1015=VERTEX_POINT('',#2881);
#1016=VERTEX_POINT('',#2886);
#1017=VERTEX_POINT('',#2891);
#1018=VERTEX_POINT('',#2901);
#1019=VERTEX_POINT('',#2945);
#1020=VERTEX_POINT('',#2955);
#1021=VERTEX_POINT('',#3000);
#1022=VERTEX_POINT('',#3124);
#1023=VERTEX_POINT('',#3129);
#1024=VERTEX_POINT('',#3134);
#1025=VERTEX_POINT('',#3144);
#1026=VERTEX_POINT('',#3149);
#1027=VERTEX_POINT('',#3245);
#1028=VERTEX_POINT('',#3318);
#1029=VERTEX_POINT('',#3323);
#1030=VERTEX_POINT('',#3343);
#1031=VERTEX_POINT('',#3348);
#1032=VERTEX_POINT('',#3353);
#1033=VERTEX_POINT('',#3358);
#1034=VERTEX_POINT('',#3363);
#1035=VERTEX_POINT('',#3373);
#1036=VERTEX_POINT('',#3420);
#1037=VERTEX_POINT('',#3460);
#1038=VERTEX_POINT('',#3505);
#1039=VERTEX_POINT('',#3602);
#1040=VERTEX_POINT('',#3607);
#1041=VERTEX_POINT('',#3703);
#1042=VERTEX_POINT('',#3708);
#1043=VERTEX_POINT('',#3778);
#1044=VERTEX_POINT('',#3783);
#1045=VERTEX_POINT('',#3813);
#1046=VERTEX_POINT('',#3818);
#1047=VERTEX_POINT('',#3823);
#1048=VERTEX_POINT('',#3828);
#1049=VERTEX_POINT('',#3838);
#1050=VERTEX_POINT('',#3882);
#1051=VERTEX_POINT('',#3892);
#1052=VERTEX_POINT('',#3936);
#1053=VERTEX_POINT('',#4050);
#1054=VERTEX_POINT('',#4055);
#1055=VERTEX_POINT('',#4060);
#1056=VERTEX_POINT('',#4067);
#1057=VERTEX_POINT('',#4069);
#1058=VERTEX_POINT('',#4073);
#1059=VERTEX_POINT('',#4077);
#1060=VERTEX_POINT('',#4081);
#1061=VERTEX_POINT('',#4085);
#1062=VERTEX_POINT('',#4089);
#1063=VERTEX_POINT('',#4093);
#1064=VERTEX_POINT('',#4097);
#1065=B_SPLINE_CURVE_WITH_KNOTS('',3,(#1839,#1840,#1841,#1842),
 .UNSPECIFIED.,.F.,.F.,(4,4),(1.4896217451801E-5,2.9667016360936E-5),
 .UNSPECIFIED.);
#1066=B_SPLINE_CURVE_WITH_KNOTS('',3,(#1845,#1846,#1847,#1848),
 .UNSPECIFIED.,.F.,.F.,(4,4),(0.,1.47707988919558E-5),.UNSPECIFIED.);
#1067=B_SPLINE_CURVE_WITH_KNOTS('',3,(#1850,#1851,#1852,#1853),
 .UNSPECIFIED.,.F.,.F.,(4,4),(0.575827151254927,1.),.UNSPECIFIED.);
#1068=B_SPLINE_CURVE_WITH_KNOTS('',3,(#1855,#1856,#1857,#1858),
 .UNSPECIFIED.,.F.,.F.,(4,4),(1.79446070181914E-5,1.00009222899362),
 .UNSPECIFIED.);
#1069=B_SPLINE_CURVE_WITH_KNOTS('',3,(#1860,#1861,#1862,#1863,#1864),
 .UNSPECIFIED.,.F.,.F.,(4,1,4),(0.,0.5,1.),.UNSPECIFIED.);
#1070=B_SPLINE_CURVE_WITH_KNOTS('',3,(#1866,#1867,#1868,#1869),
 .UNSPECIFIED.,.F.,.F.,(4,4),(0.,0.0199999999999955),.UNSPECIFIED.);
#1071=B_SPLINE_CURVE_WITH_KNOTS('',3,(#1871,#1872,#1873,#1874,#1875),
 .UNSPECIFIED.,.F.,.F.,(4,1,4),(0.,0.499999934290476,0.999999868580952),
 .UNSPECIFIED.);
#1072=B_SPLINE_CURVE_WITH_KNOTS('',3,(#1877,#1878,#1879,#1880),
 .UNSPECIFIED.,.F.,.F.,(4,4),(0.,0.999998451629772),.UNSPECIFIED.);
#1073=B_SPLINE_CURVE_WITH_KNOTS('',3,(#1882,#1883,#1884,#1885),
 .UNSPECIFIED.,.F.,.F.,(4,4),(1.21485690339514E-5,0.424153607610646),
 .UNSPECIFIED.);
#1074=B_SPLINE_CURVE_WITH_KNOTS('',3,(#1902,#1903,#1904,#1905),
 .UNSPECIFIED.,.F.,.F.,(4,4),(8.67361737988404E-19,0.00402074481155592),
 .UNSPECIFIED.);
#1075=B_SPLINE_CURVE_WITH_KNOTS('',3,(#1908,#1909,#1910,#1911),
 .UNSPECIFIED.,.F.,.F.,(4,4),(-0.534948819060968,0.),.UNSPECIFIED.);
#1076=B_SPLINE_CURVE_WITH_KNOTS('',3,(#1913,#1914,#1915,#1916),
 .UNSPECIFIED.,.F.,.F.,(4,4),(0.,0.999999835705048),.UNSPECIFIED.);
#1077=B_SPLINE_CURVE_WITH_KNOTS('',3,(#1918,#1919,#1920,#1921,#1922,#1923,
#1924),.UNSPECIFIED.,.F.,.F.,(4,1,1,1,4),(0.,0.0352059282844107,0.0704118565688215,
0.105617784853232,0.140823713137643),.UNSPECIFIED.);
#1078=B_SPLINE_CURVE_WITH_KNOTS('',3,(#1926,#1927,#1928,#1929),
 .UNSPECIFIED.,.F.,.F.,(4,4),(0.,1.),.UNSPECIFIED.);
#1079=B_SPLINE_CURVE_WITH_KNOTS('',3,(#1931,#1932,#1933,#1934),
 .UNSPECIFIED.,.F.,.F.,(4,4),(0.690031660057997,0.999993461685376),
 .UNSPECIFIED.);
#1080=B_SPLINE_CURVE_WITH_KNOTS('',3,(#1936,#1937,#1938,#1939),
 .UNSPECIFIED.,.F.,.F.,(4,4),(0.,0.00249125232267798),.UNSPECIFIED.);
#1081=B_SPLINE_CURVE_WITH_KNOTS('',3,(#1956,#1957,#1958,#1959),
 .UNSPECIFIED.,.F.,.F.,(4,4),(-0.934471251729031,-0.39952243370507),
 .UNSPECIFIED.);
#1082=B_SPLINE_CURVE_WITH_KNOTS('',3,(#1962,#1963,#1964,#1965),
 .UNSPECIFIED.,.F.,.F.,(4,4),(-0.00300536601413465,0.00101537879564729),
 .UNSPECIFIED.);
#1083=B_SPLINE_CURVE_WITH_KNOTS('',3,(#1967,#1968,#1969,#1970),
 .UNSPECIFIED.,.F.,.F.,(4,4),(0.,0.00249125232268368),.UNSPECIFIED.);
#1084=B_SPLINE_CURVE_WITH_KNOTS('',3,(#1972,#1973,#1974,#1975),
 .UNSPECIFIED.,.F.,.F.,(4,4),(0.,0.309993674938831),.UNSPECIFIED.);
#1085=B_SPLINE_CURVE_WITH_KNOTS('',3,(#1977,#1978,#1979,#1980),
 .UNSPECIFIED.,.F.,.F.,(4,4),(0.,0.999999788157292),.UNSPECIFIED.);
#1086=B_SPLINE_CURVE_WITH_KNOTS('',3,(#1982,#1983,#1984,#1985,#1986,#1987,
#1988),.UNSPECIFIED.,.F.,.F.,(4,1,1,1,4),(0.,0.0352059282844107,0.0704118565688215,
0.105617784853232,0.140823713137643),.UNSPECIFIED.);
#1087=B_SPLINE_CURVE_WITH_KNOTS('',3,(#1990,#1991,#1992,#1993),
 .UNSPECIFIED.,.F.,.F.,(4,4),(1.64294951661612E-7,1.),.UNSPECIFIED.);
#1088=B_SPLINE_CURVE_WITH_KNOTS('',3,(#2035,#2036,#2037,#2038),
 .UNSPECIFIED.,.F.,.F.,(4,4),(1.66421238761165E-5,0.999994261252858),
 .UNSPECIFIED.);
#1089=B_SPLINE_CURVE_WITH_KNOTS('',3,(#2040,#2041,#2042,#2043,#2044),
 .UNSPECIFIED.,.F.,.F.,(4,1,4),(0.,0.5,1.),.UNSPECIFIED.);
#1090=B_SPLINE_CURVE_WITH_KNOTS('',3,(#2046,#2047,#2048,#2049),
 .UNSPECIFIED.,.F.,.F.,(4,4),(0.,0.0199999999999955),.UNSPECIFIED.);
#1091=B_SPLINE_CURVE_WITH_KNOTS('',3,(#2051,#2052,#2053,#2054,#2055),
 .UNSPECIFIED.,.F.,.F.,(4,1,4),(0.,0.5,1.),.UNSPECIFIED.);
#1092=B_SPLINE_CURVE_WITH_KNOTS('',3,(#2057,#2058,#2059,#2060),
 .UNSPECIFIED.,.F.,.F.,(4,4),(3.16051801830856E-5,0.999956532845803),
 .UNSPECIFIED.);
#1093=B_SPLINE_CURVE_WITH_KNOTS('',3,(#2148,#2149,#2150,#2151),
 .UNSPECIFIED.,.F.,.F.,(4,4),(0.,4.5),.UNSPECIFIED.);
#1094=B_SPLINE_CURVE_WITH_KNOTS('',3,(#2155,#2156,#2157,#2158),
 .UNSPECIFIED.,.F.,.F.,(4,4),(0.,4.5),.UNSPECIFIED.);
#1095=B_SPLINE_CURVE_WITH_KNOTS('',3,(#2160,#2161,#2162,#2163),
 .UNSPECIFIED.,.F.,.F.,(4,4),(0.,4.5),.UNSPECIFIED.);
#1096=B_SPLINE_CURVE_WITH_KNOTS('',3,(#2167,#2168,#2169,#2170),
 .UNSPECIFIED.,.F.,.F.,(4,4),(0.,4.5),.UNSPECIFIED.);
#1097=B_SPLINE_CURVE_WITH_KNOTS('',3,(#2174,#2175,#2176,#2177),
 .UNSPECIFIED.,.F.,.F.,(4,4),(0.,4.5),.UNSPECIFIED.);
#1098=B_SPLINE_CURVE_WITH_KNOTS('',3,(#2191,#2192,#2193,#2194),
 .UNSPECIFIED.,.F.,.F.,(4,4),(0.,4.5),.UNSPECIFIED.);
#1099=B_SPLINE_CURVE_WITH_KNOTS('',3,(#2198,#2199,#2200,#2201),
 .UNSPECIFIED.,.F.,.F.,(4,4),(0.,4.5),.UNSPECIFIED.);
#1100=B_SPLINE_CURVE_WITH_KNOTS('',3,(#2215,#2216,#2217,#2218),
 .UNSPECIFIED.,.F.,.F.,(4,4),(0.,4.5),.UNSPECIFIED.);
#1101=B_SPLINE_CURVE_WITH_KNOTS('',3,(#2233,#2234,#2235,#2236),
 .UNSPECIFIED.,.F.,.F.,(4,4),(3.483371412608E-5,0.999975487122588),
 .UNSPECIFIED.);
#1102=B_SPLINE_CURVE_WITH_KNOTS('',3,(#2238,#2239,#2240,#2241),
 .UNSPECIFIED.,.F.,.F.,(4,4),(0.,1.),.UNSPECIFIED.);
#1103=B_SPLINE_CURVE_WITH_KNOTS('',3,(#2243,#2244,#2245,#2246),
 .UNSPECIFIED.,.F.,.F.,(4,4),(4.91325837313225E-8,0.999999950765235),
 .UNSPECIFIED.);
#1104=B_SPLINE_CURVE_WITH_KNOTS('',3,(#2331,#2332,#2333,#2334),
 .UNSPECIFIED.,.F.,.F.,(4,4),(0.,1.),.UNSPECIFIED.);
#1105=B_SPLINE_CURVE_WITH_KNOTS('',3,(#2336,#2337,#2338,#2339,#2340,#2341,
#2342),.UNSPECIFIED.,.F.,.F.,(4,1,1,1,4),(-0.140823713137643,-0.105617797950118,
-0.0704118827625933,-0.0352059675750684,-5.23875435125586E-8),
 .UNSPECIFIED.);
#1106=B_SPLINE_CURVE_WITH_KNOTS('',3,(#2344,#2345,#2346,#2347),
 .UNSPECIFIED.,.F.,.F.,(4,4),(6.7956174673691E-8,1.),.UNSPECIFIED.);
#1107=B_SPLINE_CURVE_WITH_KNOTS('',3,(#2397,#2398,#2399,#2400),
 .UNSPECIFIED.,.F.,.F.,(4,4),(0.554907437043483,0.851673161408672),
 .UNSPECIFIED.);
#1108=B_SPLINE_CURVE_WITH_KNOTS('',3,(#2402,#2403,#2404,#2405),
 .UNSPECIFIED.,.F.,.F.,(4,4),(0.,0.999999935310849),.UNSPECIFIED.);
#1109=B_SPLINE_CURVE_WITH_KNOTS('',3,(#2407,#2408,#2409,#2410,#2411,#2412,
#2413,#2414,#2415,#2416,#2417,#2418,#2419,#2420),.UNSPECIFIED.,.F.,.F.,
(4,1,1,1,1,1,1,1,1,1,1,4),(0.,0.03125,0.0625,0.078125,0.09375,0.125,0.1875,
0.25,0.375,0.5,0.75,1.),.UNSPECIFIED.);
#1110=B_SPLINE_CURVE_WITH_KNOTS('',3,(#2431,#2432,#2433,#2434),
 .UNSPECIFIED.,.F.,.F.,(4,4),(0.,1.),.UNSPECIFIED.);
#1111=B_SPLINE_CURVE_WITH_KNOTS('',3,(#2436,#2437,#2438,#2439),
 .UNSPECIFIED.,.F.,.F.,(4,4),(0.,1.),.UNSPECIFIED.);
#1112=B_SPLINE_CURVE_WITH_KNOTS('',3,(#2441,#2442,#2443,#2444),
 .UNSPECIFIED.,.F.,.F.,(4,4),(0.,1.),.UNSPECIFIED.);
#1113=B_SPLINE_CURVE_WITH_KNOTS('',3,(#2446,#2447,#2448,#2449),
 .UNSPECIFIED.,.F.,.F.,(4,4),(0.,1.),.UNSPECIFIED.);
#1114=B_SPLINE_CURVE_WITH_KNOTS('',3,(#2451,#2452,#2453,#2454),
 .UNSPECIFIED.,.F.,.F.,(4,4),(0.,8.84635459368151),.UNSPECIFIED.);
#1115=B_SPLINE_CURVE_WITH_KNOTS('',3,(#2456,#2457,#2458,#2459,#2460),
 .UNSPECIFIED.,.F.,.F.,(4,1,4),(0.,0.5,1.),.UNSPECIFIED.);
#1116=B_SPLINE_CURVE_WITH_KNOTS('',3,(#2462,#2463,#2464,#2465),
 .UNSPECIFIED.,.F.,.F.,(4,4),(0.,1.),.UNSPECIFIED.);
#1117=B_SPLINE_CURVE_WITH_KNOTS('',3,(#2467,#2468,#2469,#2470),
 .UNSPECIFIED.,.F.,.F.,(4,4),(8.04522300038295E-8,1.),.UNSPECIFIED.);
#1118=B_SPLINE_CURVE_WITH_KNOTS('',3,(#2506,#2507,#2508,#2509),
 .UNSPECIFIED.,.F.,.F.,(4,4),(0.294807089074832,0.552425848826711),
 .UNSPECIFIED.);
#1119=B_SPLINE_CURVE_WITH_KNOTS('',3,(#2511,#2512,#2513,#2514,#2515,#2516),
 .UNSPECIFIED.,.F.,.F.,(4,1,1,4),(0.,0.499999910758724,0.749999866138087,
0.999999821517449),.UNSPECIFIED.);
#1120=B_SPLINE_CURVE_WITH_KNOTS('',3,(#2518,#2519,#2520,#2521),
 .UNSPECIFIED.,.F.,.F.,(4,4),(0.,1.),.UNSPECIFIED.);
#1121=B_SPLINE_CURVE_WITH_KNOTS('',3,(#2523,#2524,#2525,#2526,#2527),
 .UNSPECIFIED.,.F.,.F.,(4,1,4),(0.,0.5,1.),.UNSPECIFIED.);
#1122=B_SPLINE_CURVE_WITH_KNOTS('',3,(#2563,#2564,#2565,#2566),
 .UNSPECIFIED.,.F.,.F.,(4,4),(0.0028845777251113,0.293384541397889),
 .UNSPECIFIED.);
#1123=B_SPLINE_CURVE_WITH_KNOTS('',3,(#2568,#2569,#2570,#2571,#2572),
 .UNSPECIFIED.,.F.,.F.,(4,1,4),(-1.,-0.5,0.),.UNSPECIFIED.);
#1124=B_SPLINE_CURVE_WITH_KNOTS('',3,(#2622,#2623,#2624,#2625,#2626),
 .UNSPECIFIED.,.F.,.F.,(4,1,4),(3.46944695195361E-18,0.000247708677109807,
0.000495417354219611),.UNSPECIFIED.);
#1125=B_SPLINE_CURVE_WITH_KNOTS('',3,(#2661,#2662,#2663,#2664),
 .UNSPECIFIED.,.F.,.F.,(4,4),(2.9568418151452E-7,0.999999950867391),
 .UNSPECIFIED.);
#1126=B_SPLINE_CURVE_WITH_KNOTS('',3,(#2666,#2667,#2668,#2669),
 .UNSPECIFIED.,.F.,.F.,(4,4),(0.,1.),.UNSPECIFIED.);
#1127=B_SPLINE_CURVE_WITH_KNOTS('',3,(#2671,#2672,#2673,#2674),
 .UNSPECIFIED.,.F.,.F.,(4,4),(0.,1.),.UNSPECIFIED.);
#1128=B_SPLINE_CURVE_WITH_KNOTS('',3,(#2759,#2760,#2761,#2762,#2763,#2764,
#2765),.UNSPECIFIED.,.F.,.F.,(4,1,1,1,4),(-0.1408236607501,-0.105617745562575,
-0.0704118303750498,-0.0352059151875249,0.),.UNSPECIFIED.);
#1129=B_SPLINE_CURVE_WITH_KNOTS('',3,(#2767,#2768,#2769,#2770),
 .UNSPECIFIED.,.F.,.F.,(4,4),(0.,1.),.UNSPECIFIED.);
#1130=B_SPLINE_CURVE_WITH_KNOTS('',3,(#2772,#2773,#2774,#2775,#2776,#2777,
#2778),.UNSPECIFIED.,.F.,.F.,(4,1,1,1,4),(0.,0.0352059282844107,0.0704118565688215,
0.105617784853232,0.140823713137643),.UNSPECIFIED.);
#1131=B_SPLINE_CURVE_WITH_KNOTS('',3,(#2780,#2781,#2782,#2783),
 .UNSPECIFIED.,.F.,.F.,(4,4),(0.,1.),.UNSPECIFIED.);
#1132=B_SPLINE_CURVE_WITH_KNOTS('',3,(#2784,#2785,#2786,#2787),
 .UNSPECIFIED.,.F.,.F.,(4,4),(0.,0.999999930002479),.UNSPECIFIED.);
#1133=B_SPLINE_CURVE_WITH_KNOTS('',3,(#2837,#2838,#2839,#2840,#2841,#2842,
#2843,#2844,#2845,#2846,#2847,#2848,#2849,#2850,#2851),.UNSPECIFIED.,.F.,
 .F.,(4,1,1,1,1,1,1,1,1,1,1,1,4),(0.,0.25,0.375,0.5,0.625,0.75,0.8125,0.875,
0.90625,0.921875,0.9375,0.96875,1.),.UNSPECIFIED.);
#1134=B_SPLINE_CURVE_WITH_KNOTS('',3,(#2853,#2854,#2855,#2856),
 .UNSPECIFIED.,.F.,.F.,(4,4),(6.33540108648888E-8,1.),.UNSPECIFIED.);
#1135=B_SPLINE_CURVE_WITH_KNOTS('',3,(#2858,#2859,#2860,#2861),
 .UNSPECIFIED.,.F.,.F.,(4,4),(0.55490748362395,0.851673161408672),
 .UNSPECIFIED.);
#1136=B_SPLINE_CURVE_WITH_KNOTS('',3,(#2872,#2873,#2874,#2875),
 .UNSPECIFIED.,.F.,.F.,(4,4),(0.,8.84635459368151),.UNSPECIFIED.);
#1137=B_SPLINE_CURVE_WITH_KNOTS('',3,(#2877,#2878,#2879,#2880),
 .UNSPECIFIED.,.F.,.F.,(4,4),(0.,1.),.UNSPECIFIED.);
#1138=B_SPLINE_CURVE_WITH_KNOTS('',3,(#2882,#2883,#2884,#2885),
 .UNSPECIFIED.,.F.,.F.,(4,4),(0.,1.),.UNSPECIFIED.);
#1139=B_SPLINE_CURVE_WITH_KNOTS('',3,(#2887,#2888,#2889,#2890),
 .UNSPECIFIED.,.F.,.F.,(4,4),(0.,1.),.UNSPECIFIED.);
#1140=B_SPLINE_CURVE_WITH_KNOTS('',3,(#2892,#2893,#2894,#2895),
 .UNSPECIFIED.,.F.,.F.,(4,4),(0.,1.),.UNSPECIFIED.);
#1141=B_SPLINE_CURVE_WITH_KNOTS('',3,(#2897,#2898,#2899,#2900),
 .UNSPECIFIED.,.F.,.F.,(4,4),(0.,0.999999919566544),.UNSPECIFIED.);
#1142=B_SPLINE_CURVE_WITH_KNOTS('',3,(#2902,#2903,#2904,#2905),
 .UNSPECIFIED.,.F.,.F.,(4,4),(0.,1.),.UNSPECIFIED.);
#1143=B_SPLINE_CURVE_WITH_KNOTS('',3,(#2941,#2942,#2943,#2944),
 .UNSPECIFIED.,.F.,.F.,(4,4),(0.,1.),.UNSPECIFIED.);
#1144=B_SPLINE_CURVE_WITH_KNOTS('',3,(#2946,#2947,#2948,#2949),
 .UNSPECIFIED.,.F.,.F.,(4,4),(0.294807089074832,0.552425848826711),
 .UNSPECIFIED.);
#1145=B_SPLINE_CURVE_WITH_KNOTS('',3,(#2951,#2952,#2953,#2954),
 .UNSPECIFIED.,.F.,.F.,(4,4),(0.,1.),.UNSPECIFIED.);
#1146=B_SPLINE_CURVE_WITH_KNOTS('',3,(#2956,#2957,#2958,#2959),
 .UNSPECIFIED.,.F.,.F.,(4,4),(0.,0.999993036639281),.UNSPECIFIED.);
#1147=B_SPLINE_CURVE_WITH_KNOTS('',3,(#2995,#2996,#2997,#2998,#2999),
 .UNSPECIFIED.,.F.,.F.,(4,1,4),(-1.,-0.5,0.),.UNSPECIFIED.);
#1148=B_SPLINE_CURVE_WITH_KNOTS('',3,(#3001,#3002,#3003,#3004),
 .UNSPECIFIED.,.F.,.F.,(4,4),(0.0028845777251113,0.293384541397889),
 .UNSPECIFIED.);
#1149=B_SPLINE_CURVE_WITH_KNOTS('',3,(#3054,#3055,#3056,#3057,#3058),
 .UNSPECIFIED.,.F.,.F.,(4,1,4),(3.46944695195361E-18,0.000247708677109514,
0.000495417354219024),.UNSPECIFIED.);
#1150=B_SPLINE_CURVE_WITH_KNOTS('',3,(#3120,#3121,#3122,#3123),
 .UNSPECIFIED.,.F.,.F.,(4,4),(0.,0.00366764165896822),.UNSPECIFIED.);
#1151=B_SPLINE_CURVE_WITH_KNOTS('',3,(#3125,#3126,#3127,#3128),
 .UNSPECIFIED.,.F.,.F.,(4,4),(0.,0.000857105462595139),.UNSPECIFIED.);
#1152=B_SPLINE_CURVE_WITH_KNOTS('',3,(#3130,#3131,#3132,#3133),
 .UNSPECIFIED.,.F.,.F.,(4,4),(0.,0.000565074013340985),.UNSPECIFIED.);
#1153=B_SPLINE_CURVE_WITH_KNOTS('',3,(#3135,#3136,#3137,#3138),
 .UNSPECIFIED.,.F.,.F.,(4,4),(0.,8.44980589242659E-6),.UNSPECIFIED.);
#1154=B_SPLINE_CURVE_WITH_KNOTS('',3,(#3140,#3141,#3142,#3143),
 .UNSPECIFIED.,.F.,.F.,(4,4),(2.45128774118453E-5,0.99996516628554),
 .UNSPECIFIED.);
#1155=B_SPLINE_CURVE_WITH_KNOTS('',3,(#3145,#3146,#3147,#3148),
 .UNSPECIFIED.,.F.,.F.,(4,4),(4.92347727421105E-8,0.999999950867416),
 .UNSPECIFIED.);
#1156=B_SPLINE_CURVE_WITH_KNOTS('',3,(#3150,#3151,#3152,#3153),
 .UNSPECIFIED.,.F.,.F.,(4,4),(0.,1.),.UNSPECIFIED.);
#1157=B_SPLINE_CURVE_WITH_KNOTS('',3,(#3238,#3239,#3240,#3241,#3242,#3243,
#3244),.UNSPECIFIED.,.F.,.F.,(4,1,1,1,4),(-0.1408236607501,-0.105617745562575,
-0.0704118303750498,-0.0352059151875249,0.),.UNSPECIFIED.);
#1158=B_SPLINE_CURVE_WITH_KNOTS('',3,(#3246,#3247,#3248,#3249),
 .UNSPECIFIED.,.F.,.F.,(4,4),(0.,1.),.UNSPECIFIED.);
#1159=B_SPLINE_CURVE_WITH_KNOTS('',3,(#3251,#3252,#3253,#3254),
 .UNSPECIFIED.,.F.,.F.,(4,4),(0.,1.),.UNSPECIFIED.);
#1160=B_SPLINE_CURVE_WITH_KNOTS('',3,(#3304,#3305,#3306,#3307,#3308,#3309,
#3310,#3311,#3312,#3313,#3314,#3315,#3316,#3317),.UNSPECIFIED.,.F.,.F.,
(4,1,1,1,1,1,1,1,1,1,1,4),(0.,0.25,0.5,0.625,0.75,0.8125,0.875,0.90625,
0.921875,0.9375,0.96875,1.),.UNSPECIFIED.);
#1161=B_SPLINE_CURVE_WITH_KNOTS('',3,(#3319,#3320,#3321,#3322),
 .UNSPECIFIED.,.F.,.F.,(4,4),(6.33540122187659E-8,1.),.UNSPECIFIED.);
#1162=B_SPLINE_CURVE_WITH_KNOTS('',3,(#3324,#3325,#3326,#3327),
 .UNSPECIFIED.,.F.,.F.,(4,4),(0.55490748362395,0.851673161408672),
 .UNSPECIFIED.);
#1163=B_SPLINE_CURVE_WITH_KNOTS('',3,(#3338,#3339,#3340,#3341,#3342),
 .UNSPECIFIED.,.F.,.F.,(4,1,4),(0.,0.5,1.),.UNSPECIFIED.);
#1164=B_SPLINE_CURVE_WITH_KNOTS('',3,(#3344,#3345,#3346,#3347),
 .UNSPECIFIED.,.F.,.F.,(4,4),(0.,8.84635459368151),.UNSPECIFIED.);
#1165=B_SPLINE_CURVE_WITH_KNOTS('',3,(#3349,#3350,#3351,#3352),
 .UNSPECIFIED.,.F.,.F.,(4,4),(0.,1.),.UNSPECIFIED.);
#1166=B_SPLINE_CURVE_WITH_KNOTS('',3,(#3354,#3355,#3356,#3357),
 .UNSPECIFIED.,.F.,.F.,(4,4),(-0.294807089074832,-0.293384541397847),
 .UNSPECIFIED.);
#1167=B_SPLINE_CURVE_WITH_KNOTS('',3,(#3359,#3360,#3361,#3362),
 .UNSPECIFIED.,.F.,.F.,(4,4),(0.,1.),.UNSPECIFIED.);
#1168=B_SPLINE_CURVE_WITH_KNOTS('',3,(#3364,#3365,#3366,#3367),
 .UNSPECIFIED.,.F.,.F.,(4,4),(0.,1.),.UNSPECIFIED.);
#1169=B_SPLINE_CURVE_WITH_KNOTS('',3,(#3369,#3370,#3371,#3372),
 .UNSPECIFIED.,.F.,.F.,(4,4),(0.,0.999999919566545),.UNSPECIFIED.);
#1170=B_SPLINE_CURVE_WITH_KNOTS('',3,(#3374,#3375,#3376,#3377),
 .UNSPECIFIED.,.F.,.F.,(4,4),(0.,1.),.UNSPECIFIED.);
#1171=B_SPLINE_CURVE_WITH_KNOTS('',3,(#3413,#3414,#3415,#3416,#3417,#3418,
#3419),.UNSPECIFIED.,.F.,.F.,(4,1,1,1,4),(-1.,-0.75,-0.5,-0.25,0.),
 .UNSPECIFIED.);
#1172=B_SPLINE_CURVE_WITH_KNOTS('',3,(#3421,#3422,#3423,#3424),
 .UNSPECIFIED.,.F.,.F.,(4,4),(0.294807089074832,0.552425848826711),
 .UNSPECIFIED.);
#1173=B_SPLINE_CURVE_WITH_KNOTS('',3,(#3453,#3454,#3455,#3456,#3457,#3458,
#3459),.UNSPECIFIED.,.F.,.F.,(4,1,1,1,4),(-1.,-0.75,-0.5,-0.25,0.),
 .UNSPECIFIED.);
#1174=B_SPLINE_CURVE_WITH_KNOTS('',3,(#3461,#3462,#3463,#3464),
 .UNSPECIFIED.,.F.,.F.,(4,4),(0.293385674881118,0.294807089074832),
 .UNSPECIFIED.);
#1175=B_SPLINE_CURVE_WITH_KNOTS('',3,(#3500,#3501,#3502,#3503,#3504),
 .UNSPECIFIED.,.F.,.F.,(4,1,4),(-1.,-0.5,0.),.UNSPECIFIED.);
#1176=B_SPLINE_CURVE_WITH_KNOTS('',3,(#3506,#3507,#3508,#3509),
 .UNSPECIFIED.,.F.,.F.,(4,4),(0.0028845777251113,0.293384541397889),
 .UNSPECIFIED.);
#1177=B_SPLINE_CURVE_WITH_KNOTS('',3,(#3559,#3560,#3561,#3562,#3563),
 .UNSPECIFIED.,.F.,.F.,(4,1,4),(3.46944695195361E-18,0.000247708677109514,
0.000495417354219024),.UNSPECIFIED.);
#1178=B_SPLINE_CURVE_WITH_KNOTS('',3,(#3598,#3599,#3600,#3601),
 .UNSPECIFIED.,.F.,.F.,(4,4),(0.,1.),.UNSPECIFIED.);
#1179=B_SPLINE_CURVE_WITH_KNOTS('',3,(#3603,#3604,#3605,#3606),
 .UNSPECIFIED.,.F.,.F.,(4,4),(0.,1.),.UNSPECIFIED.);
#1180=B_SPLINE_CURVE_WITH_KNOTS('',3,(#3608,#3609,#3610,#3611),
 .UNSPECIFIED.,.F.,.F.,(4,4),(4.91326088856252E-8,0.999999704315821),
 .UNSPECIFIED.);
#1181=B_SPLINE_CURVE_WITH_KNOTS('',3,(#3696,#3697,#3698,#3699,#3700,#3701,
#3702),.UNSPECIFIED.,.F.,.F.,(4,1,1,1,4),(0.,0.0352059282844107,0.0704118565688215,
0.105617784853232,0.140823713137643),.UNSPECIFIED.);
#1182=B_SPLINE_CURVE_WITH_KNOTS('',3,(#3704,#3705,#3706,#3707),
 .UNSPECIFIED.,.F.,.F.,(4,4),(0.,1.),.UNSPECIFIED.);
#1183=B_SPLINE_CURVE_WITH_KNOTS('',3,(#3709,#3710,#3711,#3712,#3713,#3714,
#3715),.UNSPECIFIED.,.F.,.F.,(4,1,1,1,4),(-0.140823713137643,-0.105617797950118,
-0.0704118827625933,-0.0352059675750685,-5.23875436874774E-8),
 .UNSPECIFIED.);
#1184=B_SPLINE_CURVE_WITH_KNOTS('',3,(#3717,#3718,#3719,#3720),
 .UNSPECIFIED.,.F.,.F.,(4,4),(0.,1.),.UNSPECIFIED.);
#1185=B_SPLINE_CURVE_WITH_KNOTS('',3,(#3721,#3722,#3723,#3724),
 .UNSPECIFIED.,.F.,.F.,(4,4),(0.,1.),.UNSPECIFIED.);
#1186=B_SPLINE_CURVE_WITH_KNOTS('',3,(#3774,#3775,#3776,#3777),
 .UNSPECIFIED.,.F.,.F.,(4,4),(0.554907437043483,0.851673161408672),
 .UNSPECIFIED.);
#1187=B_SPLINE_CURVE_WITH_KNOTS('',3,(#3779,#3780,#3781,#3782),
 .UNSPECIFIED.,.F.,.F.,(4,4),(0.,0.999999935310849),.UNSPECIFIED.);
#1188=B_SPLINE_CURVE_WITH_KNOTS('',3,(#3784,#3785,#3786,#3787,#3788,#3789,
#3790,#3791,#3792,#3793,#3794,#3795,#3796,#3797,#3798),.UNSPECIFIED.,.F.,
 .F.,(4,1,1,1,1,1,1,1,1,1,1,1,4),(0.,0.03125,0.0625,0.078125,0.09375,0.125,
0.1875,0.25,0.375,0.5,0.625,0.75,1.),.UNSPECIFIED.);
#1189=B_SPLINE_CURVE_WITH_KNOTS('',3,(#3809,#3810,#3811,#3812),
 .UNSPECIFIED.,.F.,.F.,(4,4),(0.,1.),.UNSPECIFIED.);
#1190=B_SPLINE_CURVE_WITH_KNOTS('',3,(#3814,#3815,#3816,#3817),
 .UNSPECIFIED.,.F.,.F.,(4,4),(0.,1.),.UNSPECIFIED.);
#1191=B_SPLINE_CURVE_WITH_KNOTS('',3,(#3819,#3820,#3821,#3822),
 .UNSPECIFIED.,.F.,.F.,(4,4),(0.,1.),.UNSPECIFIED.);
#1192=B_SPLINE_CURVE_WITH_KNOTS('',3,(#3824,#3825,#3826,#3827),
 .UNSPECIFIED.,.F.,.F.,(4,4),(0.,1.),.UNSPECIFIED.);
#1193=B_SPLINE_CURVE_WITH_KNOTS('',3,(#3829,#3830,#3831,#3832),
 .UNSPECIFIED.,.F.,.F.,(4,4),(0.,8.84635459368151),.UNSPECIFIED.);
#1194=B_SPLINE_CURVE_WITH_KNOTS('',3,(#3834,#3835,#3836,#3837),
 .UNSPECIFIED.,.F.,.F.,(4,4),(0.,1.),.UNSPECIFIED.);
#1195=B_SPLINE_CURVE_WITH_KNOTS('',3,(#3839,#3840,#3841,#3842),
 .UNSPECIFIED.,.F.,.F.,(4,4),(8.0452230799737E-8,1.),.UNSPECIFIED.);
#1196=B_SPLINE_CURVE_WITH_KNOTS('',3,(#3878,#3879,#3880,#3881),
 .UNSPECIFIED.,.F.,.F.,(4,4),(0.294807089074832,0.552425848826711),
 .UNSPECIFIED.);
#1197=B_SPLINE_CURVE_WITH_KNOTS('',3,(#3883,#3884,#3885,#3886),
 .UNSPECIFIED.,.F.,.F.,(4,4),(0.,0.999999839095793),.UNSPECIFIED.);
#1198=B_SPLINE_CURVE_WITH_KNOTS('',3,(#3888,#3889,#3890,#3891),
 .UNSPECIFIED.,.F.,.F.,(4,4),(0.,1.),.UNSPECIFIED.);
#1199=B_SPLINE_CURVE_WITH_KNOTS('',3,(#3893,#3894,#3895,#3896),
 .UNSPECIFIED.,.F.,.F.,(4,4),(0.,1.),.UNSPECIFIED.);
#1200=B_SPLINE_CURVE_WITH_KNOTS('',3,(#3932,#3933,#3934,#3935),
 .UNSPECIFIED.,.F.,.F.,(4,4),(0.0028845777251113,0.293384541397889),
 .UNSPECIFIED.);
#1201=B_SPLINE_CURVE_WITH_KNOTS('',3,(#3937,#3938,#3939,#3940,#3941),
 .UNSPECIFIED.,.F.,.F.,(4,1,4),(-1.,-0.5,0.),.UNSPECIFIED.);
#1202=B_SPLINE_CURVE_WITH_KNOTS('',3,(#3991,#3992,#3993,#3994,#3995),
 .UNSPECIFIED.,.F.,.F.,(4,1,4),(3.46944695195361E-18,0.000247708677109807,
0.000495417354219611),.UNSPECIFIED.);
#1203=B_SPLINE_CURVE_WITH_KNOTS('',3,(#4046,#4047,#4048,#4049),
 .UNSPECIFIED.,.F.,.F.,(4,4),(0.,0.00366764165898152),.UNSPECIFIED.);
#1204=B_SPLINE_CURVE_WITH_KNOTS('',3,(#4051,#4052,#4053,#4054),
 .UNSPECIFIED.,.F.,.F.,(4,4),(0.,8.4534179181911E-6),.UNSPECIFIED.);
#1205=B_SPLINE_CURVE_WITH_KNOTS('',3,(#4056,#4057,#4058,#4059),
 .UNSPECIFIED.,.F.,.F.,(4,4),(0.,0.000658670468221253),.UNSPECIFIED.);
#1206=B_SPLINE_CURVE_WITH_KNOTS('',3,(#4061,#4062,#4063,#4064),
 .UNSPECIFIED.,.F.,.F.,(4,4),(0.,0.000930316217257644),.UNSPECIFIED.);
#1207=EDGE_LOOP('',(#232,#233,#234,#235,#236,#237,#238,#239,#240));
#1208=EDGE_LOOP('',(#241,#242,#243,#244,#245,#246,#247));
#1209=EDGE_LOOP('',(#248,#249,#250,#251,#252,#253,#254));
#1210=EDGE_LOOP('',(#255,#256,#257,#258,#259,#260,#261,#262));
#1211=EDGE_LOOP('',(#263,#264,#265,#266,#267,#268,#269,#270,#271,#272,#273,
#274));
#1212=EDGE_LOOP('',(#275,#276,#277,#278));
#1213=EDGE_LOOP('',(#279,#280,#281,#282));
#1214=EDGE_LOOP('',(#283,#284,#285,#286));
#1215=EDGE_LOOP('',(#287,#288,#289,#290));
#1216=EDGE_LOOP('',(#291,#292,#293,#294));
#1217=EDGE_LOOP('',(#295,#296,#297,#298));
#1218=EDGE_LOOP('',(#299,#300,#301,#302));
#1219=EDGE_LOOP('',(#303,#304,#305,#306,#307,#308,#309,#310));
#1220=EDGE_LOOP('',(#311,#312,#313,#314));
#1221=EDGE_LOOP('',(#315,#316,#317,#318));
#1222=EDGE_LOOP('',(#319,#320,#321,#322));
#1223=EDGE_LOOP('',(#323,#324,#325,#326));
#1224=EDGE_LOOP('',(#327,#328,#329,#330));
#1225=EDGE_LOOP('',(#331,#332,#333,#334));
#1226=EDGE_LOOP('',(#335,#336,#337,#338));
#1227=EDGE_LOOP('',(#339,#340,#341,#342));
#1228=EDGE_LOOP('',(#343,#344,#345,#346));
#1229=EDGE_LOOP('',(#347,#348,#349,#350,#351,#352,#353,#354));
#1230=EDGE_LOOP('',(#355,#356,#357,#358,#359,#360,#361,#362,#363,#364,#365,
#366));
#1231=EDGE_LOOP('',(#367,#368,#369,#370));
#1232=EDGE_LOOP('',(#371,#372,#373,#374));
#1233=EDGE_LOOP('',(#375,#376,#377,#378));
#1234=EDGE_LOOP('',(#379,#380,#381,#382));
#1235=EDGE_LOOP('',(#383,#384,#385,#386));
#1236=EDGE_LOOP('',(#387,#388,#389,#390));
#1237=EDGE_LOOP('',(#391,#392,#393,#394));
#1238=EDGE_LOOP('',(#395,#396,#397,#398));
#1239=EDGE_LOOP('',(#399,#400,#401,#402));
#1240=EDGE_LOOP('',(#403,#404,#405,#406));
#1241=EDGE_LOOP('',(#407,#408,#409,#410));
#1242=EDGE_LOOP('',(#411,#412,#413,#414));
#1243=EDGE_LOOP('',(#415,#416,#417,#418));
#1244=EDGE_LOOP('',(#419,#420,#421,#422,#423,#424,#425,#426));
#1245=EDGE_LOOP('',(#427,#428,#429,#430));
#1246=EDGE_LOOP('',(#431,#432,#433,#434));
#1247=EDGE_LOOP('',(#435,#436,#437,#438));
#1248=EDGE_LOOP('',(#439,#440,#441,#442));
#1249=EDGE_LOOP('',(#443,#444));
#1250=EDGE_LOOP('',(#445,#446,#447,#448,#449,#450,#451,#452));
#1251=EDGE_LOOP('',(#453,#454,#455,#456));
#1252=EDGE_LOOP('',(#457,#458,#459,#460));
#1253=EDGE_LOOP('',(#461,#462,#463,#464));
#1254=EDGE_LOOP('',(#465,#466,#467,#468));
#1255=EDGE_LOOP('',(#469,#470,#471,#472,#473,#474,#475,#476));
#1256=EDGE_LOOP('',(#477,#478,#479,#480));
#1257=EDGE_LOOP('',(#481,#482,#483,#484));
#1258=EDGE_LOOP('',(#485,#486,#487,#488));
#1259=EDGE_LOOP('',(#489,#490,#491,#492));
#1260=EDGE_LOOP('',(#493,#494));
#1261=EDGE_LOOP('',(#495,#496,#497,#498,#499,#500,#501,#502));
#1262=EDGE_LOOP('',(#503,#504,#505,#506,#507,#508,#509,#510,#511));
#1263=EDGE_LOOP('',(#512,#513,#514,#515));
#1264=EDGE_LOOP('',(#516,#517,#518,#519));
#1265=EDGE_LOOP('',(#520,#521,#522,#523));
#1266=EDGE_LOOP('',(#524,#525,#526,#527));
#1267=EDGE_LOOP('',(#528,#529,#530,#531,#532,#533,#534,#535));
#1268=EDGE_LOOP('',(#536,#537,#538,#539));
#1269=EDGE_LOOP('',(#540,#541,#542,#543));
#1270=EDGE_LOOP('',(#544,#545,#546,#547));
#1271=EDGE_LOOP('',(#548,#549,#550,#551));
#1272=EDGE_LOOP('',(#552,#553));
#1273=EDGE_LOOP('',(#554,#555,#556,#557,#558,#559,#560,#561));
#1274=EDGE_LOOP('',(#562,#563,#564,#565));
#1275=EDGE_LOOP('',(#566,#567,#568,#569));
#1276=EDGE_LOOP('',(#570,#571,#572,#573));
#1277=EDGE_LOOP('',(#574,#575,#576,#577));
#1278=EDGE_LOOP('',(#578,#579,#580,#581,#582,#583,#584,#585));
#1279=EDGE_LOOP('',(#586,#587,#588,#589));
#1280=EDGE_LOOP('',(#590,#591,#592,#593));
#1281=EDGE_LOOP('',(#594,#595,#596,#597));
#1282=EDGE_LOOP('',(#598,#599,#600,#601));
#1283=EDGE_LOOP('',(#602,#603));
#1284=EDGE_LOOP('',(#604,#605,#606,#607,#608,#609,#610,#611));
#1285=EDGE_LOOP('',(#612,#613,#614,#615,#616,#617,#618,#619,#620,#621,#622,
#623,#624,#625));
#1286=EDGE_LOOP('',(#626,#627,#628,#629));
#1287=EDGE_LOOP('',(#630,#631,#632,#633,#634,#635,#636,#637,#638));
#1288=EDGE_LOOP('',(#639,#640,#641,#642,#643,#644));
#1289=EDGE_LOOP('',(#645,#646,#647,#648,#649));
#1290=EDGE_LOOP('',(#650,#651,#652,#653,#654));
#1291=EDGE_LOOP('',(#655,#656,#657,#658));
#1292=EDGE_LOOP('',(#659,#660,#661,#662));
#1293=EDGE_LOOP('',(#663,#664,#665,#666,#667));
#1294=EDGE_LOOP('',(#668,#669,#670,#671,#672));
#1295=EDGE_LOOP('',(#673,#674,#675,#676));
#1296=EDGE_LOOP('',(#677,#678,#679,#680));
#1297=EDGE_LOOP('',(#681,#682,#683,#684,#685,#686,#687,#688,#689));
#1298=FACE_BOUND('',#1207,.T.);
#1299=FACE_BOUND('',#1208,.T.);
#1300=FACE_BOUND('',#1209,.T.);
#1301=FACE_BOUND('',#1210,.T.);
#1302=FACE_BOUND('',#1211,.T.);
#1303=FACE_BOUND('',#1212,.T.);
#1304=FACE_BOUND('',#1213,.T.);
#1305=FACE_BOUND('',#1214,.T.);
#1306=FACE_BOUND('',#1215,.T.);
#1307=FACE_BOUND('',#1216,.T.);
#1308=FACE_BOUND('',#1217,.T.);
#1309=FACE_BOUND('',#1218,.T.);
#1310=FACE_BOUND('',#1219,.T.);
#1311=FACE_BOUND('',#1220,.T.);
#1312=FACE_BOUND('',#1221,.T.);
#1313=FACE_BOUND('',#1222,.T.);
#1314=FACE_BOUND('',#1223,.T.);
#1315=FACE_BOUND('',#1224,.T.);
#1316=FACE_BOUND('',#1225,.T.);
#1317=FACE_BOUND('',#1226,.T.);
#1318=FACE_BOUND('',#1227,.T.);
#1319=FACE_BOUND('',#1228,.T.);
#1320=FACE_BOUND('',#1229,.T.);
#1321=FACE_BOUND('',#1230,.T.);
#1322=FACE_BOUND('',#1231,.T.);
#1323=FACE_BOUND('',#1232,.T.);
#1324=FACE_BOUND('',#1233,.T.);
#1325=FACE_BOUND('',#1234,.T.);
#1326=FACE_BOUND('',#1235,.T.);
#1327=FACE_BOUND('',#1236,.T.);
#1328=FACE_BOUND('',#1237,.T.);
#1329=FACE_BOUND('',#1238,.T.);
#1330=FACE_BOUND('',#1239,.T.);
#1331=FACE_BOUND('',#1240,.T.);
#1332=FACE_BOUND('',#1241,.T.);
#1333=FACE_BOUND('',#1242,.T.);
#1334=FACE_BOUND('',#1243,.T.);
#1335=FACE_BOUND('',#1244,.T.);
#1336=FACE_BOUND('',#1245,.T.);
#1337=FACE_BOUND('',#1246,.T.);
#1338=FACE_BOUND('',#1247,.T.);
#1339=FACE_BOUND('',#1248,.T.);
#1340=FACE_BOUND('',#1249,.T.);
#1341=FACE_BOUND('',#1250,.T.);
#1342=FACE_BOUND('',#1251,.T.);
#1343=FACE_BOUND('',#1252,.T.);
#1344=FACE_BOUND('',#1253,.T.);
#1345=FACE_BOUND('',#1254,.T.);
#1346=FACE_BOUND('',#1255,.T.);
#1347=FACE_BOUND('',#1256,.T.);
#1348=FACE_BOUND('',#1257,.T.);
#1349=FACE_BOUND('',#1258,.T.);
#1350=FACE_BOUND('',#1259,.T.);
#1351=FACE_BOUND('',#1260,.T.);
#1352=FACE_BOUND('',#1261,.T.);
#1353=FACE_BOUND('',#1262,.T.);
#1354=FACE_BOUND('',#1263,.T.);
#1355=FACE_BOUND('',#1264,.T.);
#1356=FACE_BOUND('',#1265,.T.);
#1357=FACE_BOUND('',#1266,.T.);
#1358=FACE_BOUND('',#1267,.T.);
#1359=FACE_BOUND('',#1268,.T.);
#1360=FACE_BOUND('',#1269,.T.);
#1361=FACE_BOUND('',#1270,.T.);
#1362=FACE_BOUND('',#1271,.T.);
#1363=FACE_BOUND('',#1272,.T.);
#1364=FACE_BOUND('',#1273,.T.);
#1365=FACE_BOUND('',#1274,.T.);
#1366=FACE_BOUND('',#1275,.T.);
#1367=FACE_BOUND('',#1276,.T.);
#1368=FACE_BOUND('',#1277,.T.);
#1369=FACE_BOUND('',#1278,.T.);
#1370=FACE_BOUND('',#1279,.T.);
#1371=FACE_BOUND('',#1280,.T.);
#1372=FACE_BOUND('',#1281,.T.);
#1373=FACE_BOUND('',#1282,.T.);
#1374=FACE_BOUND('',#1283,.T.);
#1375=FACE_BOUND('',#1284,.T.);
#1376=FACE_BOUND('',#1285,.T.);
#1377=FACE_BOUND('',#1286,.T.);
#1378=FACE_BOUND('',#1287,.T.);
#1379=FACE_BOUND('',#1288,.T.);
#1380=FACE_BOUND('',#1289,.T.);
#1381=FACE_BOUND('',#1290,.T.);
#1382=FACE_BOUND('',#1291,.T.);
#1383=FACE_BOUND('',#1292,.T.);
#1384=FACE_BOUND('',#1293,.T.);
#1385=FACE_BOUND('',#1294,.T.);
#1386=FACE_BOUND('',#1295,.T.);
#1387=FACE_BOUND('',#1296,.T.);
#1388=FACE_BOUND('',#1297,.T.);
#1389=B_SPLINE_SURFACE_WITH_KNOTS('',3,1,((#1797,#1798),(#1799,#1800),(#1801,
#1802),(#1803,#1804),(#1805,#1806),(#1807,#1808),(#1809,#1810),(#1811,#1812),
(#1813,#1814),(#1815,#1816),(#1817,#1818),(#1819,#1820),(#1821,#1822),(#1823,
#1824),(#1825,#1826),(#1827,#1828),(#1829,#1830),(#1831,#1832),(#1833,#1834),
(#1835,#1836),(#1837,#1838)),.SURF_OF_LINEAR_EXTRUSION.,.F.,.F.,.F.,(4,
1,1,1,1,1,1,1,1,1,1,1,1,1,1,1,1,1,4),(2,2),(0.,0.0478714829553695,0.095742965910739,
0.143614448866109,0.191485931821478,0.215421673299163,0.239357414776848,
0.25132528551569,0.263293156254532,0.275261026993375,0.281244962362796,
0.287228897732217,0.293212833101638,0.299196768471059,0.311164639209902,
0.323132509948744,0.335100380687587,0.359036122165271,0.382971863642956),
(0.,1.),.UNSPECIFIED.);
#1390=B_SPLINE_SURFACE_WITH_KNOTS('',3,3,((#1886,#1887,#1888,#1889),(#1890,
#1891,#1892,#1893),(#1894,#1895,#1896,#1897),(#1898,#1899,#1900,#1901)),
 .UNSPECIFIED.,.F.,.F.,.F.,(4,4),(4,4),(0.,0.943991378782577),(0.,0.944222314906605),
 .UNSPECIFIED.);
#1391=B_SPLINE_SURFACE_WITH_KNOTS('',3,3,((#1940,#1941,#1942,#1943),(#1944,
#1945,#1946,#1947),(#1948,#1949,#1950,#1951),(#1952,#1953,#1954,#1955)),
 .UNSPECIFIED.,.F.,.F.,.F.,(4,4),(4,4),(0.,0.943991378782577),(0.,0.944222314906605),
 .UNSPECIFIED.);
#1392=B_SPLINE_SURFACE_WITH_KNOTS('',3,1,((#1994,#1995),(#1996,#1997),(#1998,
#1999),(#2000,#2001),(#2002,#2003),(#2004,#2005),(#2006,#2007),(#2008,#2009),
(#2010,#2011),(#2012,#2013),(#2014,#2015),(#2016,#2017),(#2018,#2019),(#2020,
#2021),(#2022,#2023),(#2024,#2025),(#2026,#2027),(#2028,#2029),(#2030,#2031),
(#2032,#2033)),.SURF_OF_LINEAR_EXTRUSION.,.F.,.F.,.F.,(4,1,1,1,1,1,1,1,
1,1,1,1,1,1,1,1,1,4),(2,2),(0.642965096784627,0.665279778235588,0.687594459686549,
0.698751800412029,0.709909141137509,0.71548781150025,0.72106648186299,0.72664515222573,
0.73222382258847,0.743381163313951,0.754538504039431,0.776853185490392,
0.799167866941353,0.821482548392313,0.866111911294235,0.910741274196157,
0.955370637098078,1.),(0.,1.),.UNSPECIFIED.);
#1393=B_SPLINE_SURFACE_WITH_KNOTS('',3,3,((#2247,#2248,#2249,#2250,#2251,
#2252,#2253,#2254,#2255,#2256,#2257,#2258),(#2259,#2260,#2261,#2262,#2263,
#2264,#2265,#2266,#2267,#2268,#2269,#2270),(#2271,#2272,#2273,#2274,#2275,
#2276,#2277,#2278,#2279,#2280,#2281,#2282),(#2283,#2284,#2285,#2286,#2287,
#2288,#2289,#2290,#2291,#2292,#2293,#2294),(#2295,#2296,#2297,#2298,#2299,
#2300,#2301,#2302,#2303,#2304,#2305,#2306),(#2307,#2308,#2309,#2310,#2311,
#2312,#2313,#2314,#2315,#2316,#2317,#2318),(#2319,#2320,#2321,#2322,#2323,
#2324,#2325,#2326,#2327,#2328,#2329,#2330)),.UNSPECIFIED.,.F.,.F.,.F.,(4,
1,1,1,4),(4,1,1,1,1,1,1,1,1,4),(0.,0.285714285714286,0.571428571428571,
0.857142857142857,1.),(0.,0.00928985941920158,0.0377332702233983,0.0542159087851563,
0.0706985473469143,0.076842560855945,0.0829865743649757,0.0984195349454,
0.113852495525824,0.140823713137643),.UNSPECIFIED.);
#1394=B_SPLINE_SURFACE_WITH_KNOTS('',3,3,((#2348,#2349,#2350,#2351,#2352,
#2353,#2354),(#2355,#2356,#2357,#2358,#2359,#2360,#2361),(#2362,#2363,#2364,
#2365,#2366,#2367,#2368),(#2369,#2370,#2371,#2372,#2373,#2374,#2375),(#2376,
#2377,#2378,#2379,#2380,#2381,#2382),(#2383,#2384,#2385,#2386,#2387,#2388,
#2389),(#2390,#2391,#2392,#2393,#2394,#2395,#2396)),.UNSPECIFIED.,.F.,.F.,
 .F.,(4,1,1,1,4),(4,1,2,4),(0.,0.285714285714286,0.571428571428571,0.785714285714286,
1.),(0.554907437043483,0.649723636563041,0.814933835617594,0.8516731614087),
 .UNSPECIFIED.);
#1395=B_SPLINE_SURFACE_WITH_KNOTS('',3,1,((#2421,#2422),(#2423,#2424),(#2425,
#2426),(#2427,#2428),(#2429,#2430)),.SURF_OF_LINEAR_EXTRUSION.,.F.,.F.,
 .F.,(4,1,4),(2,2),(-6.08002583766587E-17,0.00402624213321047,0.008052484266421),
(0.,1.),.UNSPECIFIED.);
#1396=B_SPLINE_SURFACE_WITH_KNOTS('',3,3,((#2471,#2472,#2473,#2474,#2475),
(#2476,#2477,#2478,#2479,#2480),(#2481,#2482,#2483,#2484,#2485),(#2486,
#2487,#2488,#2489,#2490),(#2491,#2492,#2493,#2494,#2495),(#2496,#2497,#2498,
#2499,#2500),(#2501,#2502,#2503,#2504,#2505)),.UNSPECIFIED.,.F.,.F.,.F.,
(4,1,1,1,4),(4,1,4),(0.,0.285714285714286,0.571428571428571,0.785714285714286,
1.),(0.294807089074832,0.407466917808797,0.552425848826711),
 .UNSPECIFIED.);
#1397=B_SPLINE_SURFACE_WITH_KNOTS('',3,3,((#2528,#2529,#2530,#2531,#2532),
(#2533,#2534,#2535,#2536,#2537),(#2538,#2539,#2540,#2541,#2542),(#2543,
#2544,#2545,#2546,#2547),(#2548,#2549,#2550,#2551,#2552),(#2553,#2554,#2555,
#2556,#2557),(#2558,#2559,#2560,#2561,#2562)),.UNSPECIFIED.,.F.,.F.,.F.,
(4,1,1,1,4),(4,1,4),(0.,0.285714285714286,0.571428571428571,0.785714285714286,
1.),(0.00288457772075523,0.203733458904399,0.293384541397847),
 .UNSPECIFIED.);
#1398=B_SPLINE_SURFACE_WITH_KNOTS('',3,3,((#2573,#2574,#2575,#2576,#2577,
#2578,#2579),(#2580,#2581,#2582,#2583,#2584,#2585,#2586),(#2587,#2588,#2589,
#2590,#2591,#2592,#2593),(#2594,#2595,#2596,#2597,#2598,#2599,#2600),(#2601,
#2602,#2603,#2604,#2605,#2606,#2607),(#2608,#2609,#2610,#2611,#2612,#2613,
#2614),(#2615,#2616,#2617,#2618,#2619,#2620,#2621)),.UNSPECIFIED.,.F.,.F.,
 .F.,(4,1,1,1,4),(4,3,4),(0.,0.285714285714286,0.571428571428571,0.785714285714286,
1.),(0.00144463445962,0.00147548853080184,0.00288457772075523),
 .UNSPECIFIED.);
#1399=B_SPLINE_SURFACE_WITH_KNOTS('',3,3,((#2627,#2628,#2629,#2630,#2631,
#2632,#2633,#2634),(#2635,#2636,#2637,#2638,#2639,#2640,#2641,#2642),(#2643,
#2644,#2645,#2646,#2647,#2648,#2649,#2650),(#2651,#2652,#2653,#2654,#2655,
#2656,#2657,#2658)),.UNSPECIFIED.,.F.,.F.,.F.,(4,4),(4,2,2,4),(0.033185290307721,
1.),(0.,0.32144453925033,0.622319880789324,0.956901585049026),
 .UNSPECIFIED.);
#1400=B_SPLINE_SURFACE_WITH_KNOTS('',3,3,((#2675,#2676,#2677,#2678,#2679,
#2680,#2681,#2682,#2683,#2684,#2685,#2686),(#2687,#2688,#2689,#2690,#2691,
#2692,#2693,#2694,#2695,#2696,#2697,#2698),(#2699,#2700,#2701,#2702,#2703,
#2704,#2705,#2706,#2707,#2708,#2709,#2710),(#2711,#2712,#2713,#2714,#2715,
#2716,#2717,#2718,#2719,#2720,#2721,#2722),(#2723,#2724,#2725,#2726,#2727,
#2728,#2729,#2730,#2731,#2732,#2733,#2734),(#2735,#2736,#2737,#2738,#2739,
#2740,#2741,#2742,#2743,#2744,#2745,#2746),(#2747,#2748,#2749,#2750,#2751,
#2752,#2753,#2754,#2755,#2756,#2757,#2758)),.UNSPECIFIED.,.F.,.F.,.F.,(4,
1,1,1,4),(4,1,1,1,1,1,1,1,1,4),(0.,0.285714285714286,0.571428571428571,
0.857142857142857,1.),(0.,0.00928985941920158,0.0377332702233983,0.0542159087851563,
0.0706985473469143,0.076842560855945,0.0829865743649757,0.0984195349454,
0.113852495525824,0.140823713137643),.UNSPECIFIED.);
#1401=B_SPLINE_SURFACE_WITH_KNOTS('',3,3,((#2788,#2789,#2790,#2791,#2792,
#2793,#2794),(#2795,#2796,#2797,#2798,#2799,#2800,#2801),(#2802,#2803,#2804,
#2805,#2806,#2807,#2808),(#2809,#2810,#2811,#2812,#2813,#2814,#2815),(#2816,
#2817,#2818,#2819,#2820,#2821,#2822),(#2823,#2824,#2825,#2826,#2827,#2828,
#2829),(#2830,#2831,#2832,#2833,#2834,#2835,#2836)),.UNSPECIFIED.,.F.,.F.,
 .F.,(4,1,1,1,4),(4,1,2,4),(0.,0.285714285714286,0.571428571428571,0.785714285714286,
1.),(0.554907437043483,0.649723636563041,0.814933835617594,0.8516731614087),
 .UNSPECIFIED.);
#1402=B_SPLINE_SURFACE_WITH_KNOTS('',3,1,((#2862,#2863),(#2864,#2865),(#2866,
#2867),(#2868,#2869),(#2870,#2871)),.SURF_OF_LINEAR_EXTRUSION.,.F.,.F.,
 .F.,(4,1,4),(2,2),(0.,0.00402306249548348,0.00804612499096695),(0.,1.),
 .UNSPECIFIED.);
#1403=B_SPLINE_SURFACE_WITH_KNOTS('',3,3,((#2906,#2907,#2908,#2909,#2910),
(#2911,#2912,#2913,#2914,#2915),(#2916,#2917,#2918,#2919,#2920),(#2921,
#2922,#2923,#2924,#2925),(#2926,#2927,#2928,#2929,#2930),(#2931,#2932,#2933,
#2934,#2935),(#2936,#2937,#2938,#2939,#2940)),.UNSPECIFIED.,.F.,.F.,.F.,
(4,1,1,1,4),(4,1,4),(0.,0.285714285714286,0.571428571428571,0.785714285714286,
1.),(0.294807089074832,0.407466917808797,0.552425848826711),
 .UNSPECIFIED.);
#1404=B_SPLINE_SURFACE_WITH_KNOTS('',3,3,((#2960,#2961,#2962,#2963,#2964),
(#2965,#2966,#2967,#2968,#2969),(#2970,#2971,#2972,#2973,#2974),(#2975,
#2976,#2977,#2978,#2979),(#2980,#2981,#2982,#2983,#2984),(#2985,#2986,#2987,
#2988,#2989),(#2990,#2991,#2992,#2993,#2994)),.UNSPECIFIED.,.F.,.F.,.F.,
(4,1,1,1,4),(4,1,4),(0.,0.285714285714286,0.571428571428571,0.785714285714286,
1.),(0.00288457772075523,0.203733458904399,0.293384541397847),
 .UNSPECIFIED.);
#1405=B_SPLINE_SURFACE_WITH_KNOTS('',3,3,((#3005,#3006,#3007,#3008,#3009,
#3010,#3011),(#3012,#3013,#3014,#3015,#3016,#3017,#3018),(#3019,#3020,#3021,
#3022,#3023,#3024,#3025),(#3026,#3027,#3028,#3029,#3030,#3031,#3032),(#3033,
#3034,#3035,#3036,#3037,#3038,#3039),(#3040,#3041,#3042,#3043,#3044,#3045,
#3046),(#3047,#3048,#3049,#3050,#3051,#3052,#3053)),.UNSPECIFIED.,.F.,.F.,
 .F.,(4,1,1,1,4),(4,3,4),(0.,0.285714285714286,0.571428571428571,0.785714285714286,
1.),(0.00144463445962,0.00147548853080184,0.00288457772075523),
 .UNSPECIFIED.);
#1406=B_SPLINE_SURFACE_WITH_KNOTS('',3,3,((#3059,#3060,#3061,#3062,#3063,
#3064,#3065,#3066),(#3067,#3068,#3069,#3070,#3071,#3072,#3073,#3074),(#3075,
#3076,#3077,#3078,#3079,#3080,#3081,#3082),(#3083,#3084,#3085,#3086,#3087,
#3088,#3089,#3090)),.UNSPECIFIED.,.F.,.F.,.F.,(4,4),(4,2,2,4),(0.033185290307721,
1.),(0.,0.32144453925033,0.622319880789324,0.956901585049026),
 .UNSPECIFIED.);
#1407=B_SPLINE_SURFACE_WITH_KNOTS('',3,3,((#3092,#3093,#3094,#3095),(#3096,
#3097,#3098,#3099),(#3100,#3101,#3102,#3103),(#3104,#3105,#3106,#3107),
(#3108,#3109,#3110,#3111),(#3112,#3113,#3114,#3115),(#3116,#3117,#3118,
#3119)),.UNSPECIFIED.,.F.,.F.,.F.,(4,3,4),(4,4),(-0.0056637622708529,0.,
0.943991378782577),(0.,0.944222314906605),.PIECEWISE_BEZIER_KNOTS.);
#1408=B_SPLINE_SURFACE_WITH_KNOTS('',3,3,((#3154,#3155,#3156,#3157,#3158,
#3159,#3160,#3161,#3162,#3163,#3164,#3165),(#3166,#3167,#3168,#3169,#3170,
#3171,#3172,#3173,#3174,#3175,#3176,#3177),(#3178,#3179,#3180,#3181,#3182,
#3183,#3184,#3185,#3186,#3187,#3188,#3189),(#3190,#3191,#3192,#3193,#3194,
#3195,#3196,#3197,#3198,#3199,#3200,#3201),(#3202,#3203,#3204,#3205,#3206,
#3207,#3208,#3209,#3210,#3211,#3212,#3213),(#3214,#3215,#3216,#3217,#3218,
#3219,#3220,#3221,#3222,#3223,#3224,#3225),(#3226,#3227,#3228,#3229,#3230,
#3231,#3232,#3233,#3234,#3235,#3236,#3237)),.UNSPECIFIED.,.F.,.F.,.F.,(4,
1,1,1,4),(4,1,1,1,1,1,1,1,1,4),(0.,0.285714285714286,0.571428571428571,
0.857142857142857,1.),(0.,0.00928985941920158,0.0377332702233983,0.0542159087851563,
0.0706985473469143,0.076842560855945,0.0829865743649757,0.0984195349454,
0.113852495525824,0.140823713137643),.UNSPECIFIED.);
#1409=B_SPLINE_SURFACE_WITH_KNOTS('',3,3,((#3255,#3256,#3257,#3258,#3259,
#3260,#3261),(#3262,#3263,#3264,#3265,#3266,#3267,#3268),(#3269,#3270,#3271,
#3272,#3273,#3274,#3275),(#3276,#3277,#3278,#3279,#3280,#3281,#3282),(#3283,
#3284,#3285,#3286,#3287,#3288,#3289),(#3290,#3291,#3292,#3293,#3294,#3295,
#3296),(#3297,#3298,#3299,#3300,#3301,#3302,#3303)),.UNSPECIFIED.,.F.,.F.,
 .F.,(4,1,1,1,4),(4,1,2,4),(0.,0.285714285714286,0.571428571428571,0.785714285714286,
1.),(0.554907437043483,0.649723636563041,0.814933835617594,0.8516731614087),
 .UNSPECIFIED.);
#1410=B_SPLINE_SURFACE_WITH_KNOTS('',3,1,((#3328,#3329),(#3330,#3331),(#3332,
#3333),(#3334,#3335),(#3336,#3337)),.SURF_OF_LINEAR_EXTRUSION.,.F.,.F.,
 .F.,(4,1,4),(2,2),(-5.95927177490044E-17,0.00402624213321047,0.008052484266421),
(0.,1.),.UNSPECIFIED.);
#1411=B_SPLINE_SURFACE_WITH_KNOTS('',3,3,((#3378,#3379,#3380,#3381,#3382),
(#3383,#3384,#3385,#3386,#3387),(#3388,#3389,#3390,#3391,#3392),(#3393,
#3394,#3395,#3396,#3397),(#3398,#3399,#3400,#3401,#3402),(#3403,#3404,#3405,
#3406,#3407),(#3408,#3409,#3410,#3411,#3412)),.UNSPECIFIED.,.F.,.F.,.F.,
(4,1,1,1,4),(4,1,4),(0.,0.285714285714286,0.571428571428571,0.785714285714286,
1.),(0.294807089074832,0.407466917808797,0.552425848826711),
 .UNSPECIFIED.);
#1412=B_SPLINE_SURFACE_WITH_KNOTS('',3,3,((#3425,#3426,#3427,#3428),(#3429,
#3430,#3431,#3432),(#3433,#3434,#3435,#3436),(#3437,#3438,#3439,#3440),
(#3441,#3442,#3443,#3444),(#3445,#3446,#3447,#3448),(#3449,#3450,#3451,
#3452)),.UNSPECIFIED.,.F.,.F.,.F.,(4,1,1,1,4),(4,4),(0.,0.285714285714286,
0.571428571428571,0.785714285714286,1.),(0.293384556896938,0.294807089074832),
 .UNSPECIFIED.);
#1413=B_SPLINE_SURFACE_WITH_KNOTS('',3,3,((#3465,#3466,#3467,#3468,#3469),
(#3470,#3471,#3472,#3473,#3474),(#3475,#3476,#3477,#3478,#3479),(#3480,
#3481,#3482,#3483,#3484),(#3485,#3486,#3487,#3488,#3489),(#3490,#3491,#3492,
#3493,#3494),(#3495,#3496,#3497,#3498,#3499)),.UNSPECIFIED.,.F.,.F.,.F.,
(4,1,1,1,4),(4,1,4),(0.,0.285714285714286,0.571428571428571,0.785714285714286,
1.),(0.00288457772075523,0.203733458904399,0.293384541397847),
 .UNSPECIFIED.);
#1414=B_SPLINE_SURFACE_WITH_KNOTS('',3,3,((#3510,#3511,#3512,#3513,#3514,
#3515,#3516),(#3517,#3518,#3519,#3520,#3521,#3522,#3523),(#3524,#3525,#3526,
#3527,#3528,#3529,#3530),(#3531,#3532,#3533,#3534,#3535,#3536,#3537),(#3538,
#3539,#3540,#3541,#3542,#3543,#3544),(#3545,#3546,#3547,#3548,#3549,#3550,
#3551),(#3552,#3553,#3554,#3555,#3556,#3557,#3558)),.UNSPECIFIED.,.F.,.F.,
 .F.,(4,1,1,1,4),(4,3,4),(0.,0.285714285714286,0.571428571428571,0.785714285714286,
1.),(0.00144463445962,0.00147548853080184,0.00288457772075523),
 .UNSPECIFIED.);
#1415=B_SPLINE_SURFACE_WITH_KNOTS('',3,3,((#3564,#3565,#3566,#3567,#3568,
#3569,#3570,#3571),(#3572,#3573,#3574,#3575,#3576,#3577,#3578,#3579),(#3580,
#3581,#3582,#3583,#3584,#3585,#3586,#3587),(#3588,#3589,#3590,#3591,#3592,
#3593,#3594,#3595)),.UNSPECIFIED.,.F.,.F.,.F.,(4,4),(4,2,2,4),(0.033185290307721,
1.),(0.,0.32144453925033,0.622319880789324,0.956901585049026),
 .UNSPECIFIED.);
#1416=B_SPLINE_SURFACE_WITH_KNOTS('',3,3,((#3612,#3613,#3614,#3615,#3616,
#3617,#3618,#3619,#3620,#3621,#3622,#3623),(#3624,#3625,#3626,#3627,#3628,
#3629,#3630,#3631,#3632,#3633,#3634,#3635),(#3636,#3637,#3638,#3639,#3640,
#3641,#3642,#3643,#3644,#3645,#3646,#3647),(#3648,#3649,#3650,#3651,#3652,
#3653,#3654,#3655,#3656,#3657,#3658,#3659),(#3660,#3661,#3662,#3663,#3664,
#3665,#3666,#3667,#3668,#3669,#3670,#3671),(#3672,#3673,#3674,#3675,#3676,
#3677,#3678,#3679,#3680,#3681,#3682,#3683),(#3684,#3685,#3686,#3687,#3688,
#3689,#3690,#3691,#3692,#3693,#3694,#3695)),.UNSPECIFIED.,.F.,.F.,.F.,(4,
1,1,1,4),(4,1,1,1,1,1,1,1,1,4),(0.,0.285714285714286,0.571428571428571,
0.857142857142857,1.),(0.,0.00928985941920158,0.0377332702233983,0.0542159087851563,
0.0706985473469143,0.076842560855945,0.0829865743649757,0.0984195349454,
0.113852495525824,0.140823713137643),.UNSPECIFIED.);
#1417=B_SPLINE_SURFACE_WITH_KNOTS('',3,3,((#3725,#3726,#3727,#3728,#3729,
#3730,#3731),(#3732,#3733,#3734,#3735,#3736,#3737,#3738),(#3739,#3740,#3741,
#3742,#3743,#3744,#3745),(#3746,#3747,#3748,#3749,#3750,#3751,#3752),(#3753,
#3754,#3755,#3756,#3757,#3758,#3759),(#3760,#3761,#3762,#3763,#3764,#3765,
#3766),(#3767,#3768,#3769,#3770,#3771,#3772,#3773)),.UNSPECIFIED.,.F.,.F.,
 .F.,(4,1,1,1,4),(4,1,2,4),(0.,0.285714285714286,0.571428571428571,0.785714285714286,
1.),(0.554907437043483,0.649723636563041,0.814933835617594,0.8516731614087),
 .UNSPECIFIED.);
#1418=B_SPLINE_SURFACE_WITH_KNOTS('',3,1,((#3799,#3800),(#3801,#3802),(#3803,
#3804),(#3805,#3806),(#3807,#3808)),.SURF_OF_LINEAR_EXTRUSION.,.F.,.F.,
 .F.,(4,1,4),(2,2),(0.,0.00402306249548347,0.00804612499096695),(0.,1.),
 .UNSPECIFIED.);
#1419=B_SPLINE_SURFACE_WITH_KNOTS('',3,3,((#3843,#3844,#3845,#3846,#3847),
(#3848,#3849,#3850,#3851,#3852),(#3853,#3854,#3855,#3856,#3857),(#3858,
#3859,#3860,#3861,#3862),(#3863,#3864,#3865,#3866,#3867),(#3868,#3869,#3870,
#3871,#3872),(#3873,#3874,#3875,#3876,#3877)),.UNSPECIFIED.,.F.,.F.,.F.,
(4,1,1,1,4),(4,1,4),(0.,0.285714285714286,0.571428571428571,0.785714285714286,
1.),(0.294807089074832,0.407466917808797,0.552425848826711),
 .UNSPECIFIED.);
#1420=B_SPLINE_SURFACE_WITH_KNOTS('',3,3,((#3897,#3898,#3899,#3900,#3901),
(#3902,#3903,#3904,#3905,#3906),(#3907,#3908,#3909,#3910,#3911),(#3912,
#3913,#3914,#3915,#3916),(#3917,#3918,#3919,#3920,#3921),(#3922,#3923,#3924,
#3925,#3926),(#3927,#3928,#3929,#3930,#3931)),.UNSPECIFIED.,.F.,.F.,.F.,
(4,1,1,1,4),(4,1,4),(0.,0.285714285714286,0.571428571428571,0.785714285714286,
1.),(0.00288457772075523,0.203733458904399,0.293384541397847),
 .UNSPECIFIED.);
#1421=B_SPLINE_SURFACE_WITH_KNOTS('',3,3,((#3942,#3943,#3944,#3945,#3946,
#3947,#3948),(#3949,#3950,#3951,#3952,#3953,#3954,#3955),(#3956,#3957,#3958,
#3959,#3960,#3961,#3962),(#3963,#3964,#3965,#3966,#3967,#3968,#3969),(#3970,
#3971,#3972,#3973,#3974,#3975,#3976),(#3977,#3978,#3979,#3980,#3981,#3982,
#3983),(#3984,#3985,#3986,#3987,#3988,#3989,#3990)),.UNSPECIFIED.,.F.,.F.,
 .F.,(4,1,1,1,4),(4,3,4),(0.,0.285714285714286,0.571428571428571,0.785714285714286,
1.),(0.00144463445962,0.00147548853080184,0.00288457772075523),
 .UNSPECIFIED.);
#1422=B_SPLINE_SURFACE_WITH_KNOTS('',3,3,((#3996,#3997,#3998,#3999,#4000,
#4001,#4002,#4003),(#4004,#4005,#4006,#4007,#4008,#4009,#4010,#4011),(#4012,
#4013,#4014,#4015,#4016,#4017,#4018,#4019),(#4020,#4021,#4022,#4023,#4024,
#4025,#4026,#4027)),.UNSPECIFIED.,.F.,.F.,.F.,(4,4),(4,2,2,4),(0.033185290307721,
1.),(0.,0.32144453925033,0.622319880789324,0.956901585049026),
 .UNSPECIFIED.);
#1423=B_SPLINE_SURFACE_WITH_KNOTS('',3,3,((#4030,#4031,#4032,#4033),(#4034,
#4035,#4036,#4037),(#4038,#4039,#4040,#4041),(#4042,#4043,#4044,#4045)),
 .UNSPECIFIED.,.F.,.F.,.F.,(4,4),(4,4),(0.,0.943991378782577),(0.,0.944222314906605),
 .PIECEWISE_BEZIER_KNOTS.);
#1424=ADVANCED_FACE('',(#1298),#1389,.F.);
#1425=ADVANCED_FACE('',(#1299),#1390,.F.);
#1426=ADVANCED_FACE('',(#1300),#1391,.T.);
#1427=ADVANCED_FACE('',(#1301),#1392,.F.);
#1428=ADVANCED_FACE('',(#1302),#40,.T.);
#1429=ADVANCED_FACE('',(#1303),#41,.T.);
#1430=ADVANCED_FACE('',(#1304),#42,.T.);
#1431=ADVANCED_FACE('',(#1305),#43,.T.);
#1432=ADVANCED_FACE('',(#1306),#44,.T.);
#1433=ADVANCED_FACE('',(#1307),#45,.T.);
#1434=ADVANCED_FACE('',(#1308),#46,.T.);
#1435=ADVANCED_FACE('',(#1309,#1310),#47,.F.);
#1436=ADVANCED_FACE('',(#1311),#48,.T.);
#1437=ADVANCED_FACE('',(#1312),#49,.T.);
#1438=ADVANCED_FACE('',(#1313),#28,.T.);
#1439=ADVANCED_FACE('',(#1314),#50,.T.);
#1440=ADVANCED_FACE('',(#1315),#29,.T.);
#1441=ADVANCED_FACE('',(#1316),#51,.T.);
#1442=ADVANCED_FACE('',(#1317),#52,.F.);
#1443=ADVANCED_FACE('',(#1318),#53,.F.);
#1444=ADVANCED_FACE('',(#1319),#30,.T.);
#1445=ADVANCED_FACE('',(#1320,#1321),#54,.T.);
#1446=ADVANCED_FACE('',(#1322),#55,.T.);
#1447=ADVANCED_FACE('',(#1323),#31,.T.);
#1448=ADVANCED_FACE('',(#1324),#56,.T.);
#1449=ADVANCED_FACE('',(#1325),#57,.T.);
#1450=ADVANCED_FACE('',(#1326),#58,.T.);
#1451=ADVANCED_FACE('',(#1327),#59,.T.);
#1452=ADVANCED_FACE('',(#1328),#60,.T.);
#1453=ADVANCED_FACE('',(#1329),#61,.F.);
#1454=ADVANCED_FACE('',(#1330),#62,.F.);
#1455=ADVANCED_FACE('',(#1331),#13,.T.);
#1456=ADVANCED_FACE('',(#1332),#1393,.T.);
#1457=ADVANCED_FACE('',(#1333),#14,.T.);
#1458=ADVANCED_FACE('',(#1334),#1394,.F.);
#1459=ADVANCED_FACE('',(#1335),#1395,.F.);
#1460=ADVANCED_FACE('',(#1336),#15,.T.);
#1461=ADVANCED_FACE('',(#1337),#1396,.F.);
#1462=ADVANCED_FACE('',(#1338),#16,.T.);
#1463=ADVANCED_FACE('',(#1339),#1397,.F.);
#1464=ADVANCED_FACE('',(#1340),#1398,.F.);
#1465=ADVANCED_FACE('',(#1341),#1399,.F.);
#1466=ADVANCED_FACE('',(#1342),#17,.T.);
#1467=ADVANCED_FACE('',(#1343),#1400,.F.);
#1468=ADVANCED_FACE('',(#1344),#18,.T.);
#1469=ADVANCED_FACE('',(#1345),#1401,.T.);
#1470=ADVANCED_FACE('',(#1346),#1402,.T.);
#1471=ADVANCED_FACE('',(#1347),#19,.T.);
#1472=ADVANCED_FACE('',(#1348),#1403,.T.);
#1473=ADVANCED_FACE('',(#1349),#20,.T.);
#1474=ADVANCED_FACE('',(#1350),#1404,.T.);
#1475=ADVANCED_FACE('',(#1351),#1405,.T.);
#1476=ADVANCED_FACE('',(#1352),#1406,.T.);
#1477=ADVANCED_FACE('',(#1353),#1407,.F.);
#1478=ADVANCED_FACE('',(#1354),#21,.T.);
#1479=ADVANCED_FACE('',(#1355),#1408,.F.);
#1480=ADVANCED_FACE('',(#1356),#22,.T.);
#1481=ADVANCED_FACE('',(#1357),#1409,.T.);
#1482=ADVANCED_FACE('',(#1358),#1410,.T.);
#1483=ADVANCED_FACE('',(#1359),#23,.T.);
#1484=ADVANCED_FACE('',(#1360),#1411,.T.);
#1485=ADVANCED_FACE('',(#1361),#1412,.T.);
#1486=ADVANCED_FACE('',(#1362),#1413,.T.);
#1487=ADVANCED_FACE('',(#1363),#1414,.T.);
#1488=ADVANCED_FACE('',(#1364),#1415,.T.);
#1489=ADVANCED_FACE('',(#1365),#24,.T.);
#1490=ADVANCED_FACE('',(#1366),#1416,.T.);
#1491=ADVANCED_FACE('',(#1367),#25,.T.);
#1492=ADVANCED_FACE('',(#1368),#1417,.F.);
#1493=ADVANCED_FACE('',(#1369),#1418,.F.);
#1494=ADVANCED_FACE('',(#1370),#26,.T.);
#1495=ADVANCED_FACE('',(#1371),#1419,.F.);
#1496=ADVANCED_FACE('',(#1372),#27,.T.);
#1497=ADVANCED_FACE('',(#1373),#1420,.F.);
#1498=ADVANCED_FACE('',(#1374),#1421,.F.);
#1499=ADVANCED_FACE('',(#1375),#1422,.F.);
#1500=ADVANCED_FACE('',(#1376,#1377),#63,.T.);
#1501=ADVANCED_FACE('',(#1378),#1423,.T.);
#1502=ADVANCED_FACE('',(#1379),#64,.T.);
#1503=ADVANCED_FACE('',(#1380),#65,.F.);
#1504=ADVANCED_FACE('',(#1381),#66,.T.);
#1505=ADVANCED_FACE('',(#1382),#67,.T.);
#1506=ADVANCED_FACE('',(#1383),#68,.T.);
#1507=ADVANCED_FACE('',(#1384),#69,.F.);
#1508=ADVANCED_FACE('',(#1385),#70,.F.);
#1509=ADVANCED_FACE('',(#1386),#71,.F.);
#1510=ADVANCED_FACE('',(#1387),#72,.F.);
#1511=ADVANCED_FACE('Face appearance 2',(#1388),#73,.T.);
#1512=CLOSED_SHELL('',(#1424,#1425,#1426,#1427,#1428,#1429,#1430,#1431,
#1432,#1433,#1434,#1435,#1436,#1437,#1438,#1439,#1440,#1441,#1442,#1443,
#1444,#1445,#1446,#1447,#1448,#1449,#1450,#1451,#1452,#1453,#1454,#1455,
#1456,#1457,#1458,#1459,#1460,#1461,#1462,#1463,#1464,#1465,#1466,#1467,
#1468,#1469,#1470,#1471,#1472,#1473,#1474,#1475,#1476,#1477,#1478,#1479,
#1480,#1481,#1482,#1483,#1484,#1485,#1486,#1487,#1488,#1489,#1490,#1491,
#1492,#1493,#1494,#1495,#1496,#1497,#1498,#1499,#1500,#1501,#1502,#1503,
#1504,#1505,#1506,#1507,#1508,#1509,#1510,#1511));
#1513=STYLED_ITEM('',(#1514),#1528);
#1514=PRESENTATION_STYLE_ASSIGNMENT((#1516));
#1515=PRESENTATION_STYLE_ASSIGNMENT((#1517));
#1516=SURFACE_STYLE_USAGE(.BOTH.,#1518);
#1517=SURFACE_STYLE_USAGE(.BOTH.,#1519);
#1518=SURFACE_SIDE_STYLE('',(#1520));
#1519=SURFACE_SIDE_STYLE('',(#1521));
#1520=SURFACE_STYLE_FILL_AREA(#1522);
#1521=SURFACE_STYLE_FILL_AREA(#1523);
#1522=FILL_AREA_STYLE('',(#1524));
#1523=FILL_AREA_STYLE('',(#1525));
#1524=FILL_AREA_STYLE_COLOUR('',#1526);
#1525=FILL_AREA_STYLE_COLOUR('',#1527);
#1526=COLOUR_RGB('',0.262745098039216,0.282352941176471,0.301960784313725);
#1527=COLOUR_RGB('',0.901960784313726,0.901960784313726,0.901960784313726);
#1528=MANIFOLD_SOLID_BREP('Body11',#1512);
#1529=SHAPE_DEFINITION_REPRESENTATION(#4108,#1530);
#1530=SHAPE_REPRESENTATION('Body11',(#1531),#4103);
#1531=AXIS2_PLACEMENT_3D('',#1796,#1593,#1594);
#1532=AXIS2_PLACEMENT_3D('',#2061,#1596,#1597);
#1533=AXIS2_PLACEMENT_3D('',#2086,#1610,#1611);
#1534=AXIS2_PLACEMENT_3D('',#2092,#1615,#1616);
#1535=AXIS2_PLACEMENT_3D('',#2096,#1619,#1620);
#1536=AXIS2_PLACEMENT_3D('',#2100,#1623,#1624);
#1537=AXIS2_PLACEMENT_3D('',#2104,#1627,#1628);
#1538=AXIS2_PLACEMENT_3D('',#2108,#1631,#1632);
#1539=AXIS2_PLACEMENT_3D('',#2112,#1635,#1636);
#1540=AXIS2_PLACEMENT_3D('',#2121,#1641,#1642);
#1541=AXIS2_PLACEMENT_3D('',#2126,#1644,#1645);
#1542=AXIS2_PLACEMENT_3D('',#2130,#1647,#1648);
#1543=AXIS2_PLACEMENT_3D('',#2134,#1650,#1651);
#1544=AXIS2_PLACEMENT_3D('',#2137,#1653,#1654);
#1545=AXIS2_PLACEMENT_3D('',#2143,#1658,#1659);
#1546=AXIS2_PLACEMENT_3D('',#2147,#1662,#1663);
#1547=AXIS2_PLACEMENT_3D('',#2153,#1664,#1665);
#1548=AXIS2_PLACEMENT_3D('',#2159,#1666,#1667);
#1549=AXIS2_PLACEMENT_3D('',#2166,#1669,#1670);
#1550=AXIS2_PLACEMENT_3D('',#2172,#1671,#1672);
#1551=AXIS2_PLACEMENT_3D('',#2173,#1673,#1674);
#1552=AXIS2_PLACEMENT_3D('',#2180,#1676,#1677);
#1553=AXIS2_PLACEMENT_3D('',#2186,#1681,#1682);
#1554=AXIS2_PLACEMENT_3D('',#2190,#1685,#1686);
#1555=AXIS2_PLACEMENT_3D('',#2196,#1687,#1688);
#1556=AXIS2_PLACEMENT_3D('',#2202,#1689,#1690);
#1557=AXIS2_PLACEMENT_3D('',#2204,#1692,#1693);
#1558=AXIS2_PLACEMENT_3D('',#2213,#1699,#1700);
#1559=AXIS2_PLACEMENT_3D('',#2214,#1701,#1702);
#1560=AXIS2_PLACEMENT_3D('',#2219,#1703,#1704);
#1561=AXIS2_PLACEMENT_3D('',#2221,#1706,#1707);
#1562=AXIS2_PLACEMENT_3D('',#2222,#1708,#1709);
#1563=AXIS2_PLACEMENT_3D('',#2223,#1710,#1711);
#1564=AXIS2_PLACEMENT_3D('',#2225,#1713,#1714);
#1565=AXIS2_PLACEMENT_3D('',#2226,#1715,#1716);
#1566=AXIS2_PLACEMENT_3D('',#2230,#1719,#1720);
#1567=AXIS2_PLACEMENT_3D('',#2232,#1722,#1723);
#1568=AXIS2_PLACEMENT_3D('',#2343,#1724,#1725);
#1569=AXIS2_PLACEMENT_3D('',#2461,#1726,#1727);
#1570=AXIS2_PLACEMENT_3D('',#2517,#1728,#1729);
#1571=AXIS2_PLACEMENT_3D('',#2660,#1731,#1732);
#1572=AXIS2_PLACEMENT_3D('',#2779,#1733,#1734);
#1573=AXIS2_PLACEMENT_3D('',#2896,#1735,#1736);
#1574=AXIS2_PLACEMENT_3D('',#2950,#1737,#1738);
#1575=AXIS2_PLACEMENT_3D('',#3139,#1740,#1741);
#1576=AXIS2_PLACEMENT_3D('',#3250,#1742,#1743);
#1577=AXIS2_PLACEMENT_3D('',#3368,#1744,#1745);
#1578=AXIS2_PLACEMENT_3D('',#3597,#1747,#1748);
#1579=AXIS2_PLACEMENT_3D('',#3716,#1749,#1750);
#1580=AXIS2_PLACEMENT_3D('',#3833,#1751,#1752);
#1581=AXIS2_PLACEMENT_3D('',#3887,#1753,#1754);
#1582=AXIS2_PLACEMENT_3D('',#4029,#1756,#1757);
#1583=AXIS2_PLACEMENT_3D('',#4065,#1758,#1759);
#1584=AXIS2_PLACEMENT_3D('',#4071,#1763,#1764);
#1585=AXIS2_PLACEMENT_3D('',#4075,#1767,#1768);
#1586=AXIS2_PLACEMENT_3D('',#4079,#1771,#1772);
#1587=AXIS2_PLACEMENT_3D('',#4083,#1775,#1776);
#1588=AXIS2_PLACEMENT_3D('',#4087,#1779,#1780);
#1589=AXIS2_PLACEMENT_3D('',#4091,#1783,#1784);
#1590=AXIS2_PLACEMENT_3D('',#4095,#1787,#1788);
#1591=AXIS2_PLACEMENT_3D('',#4099,#1791,#1792);
#1592=AXIS2_PLACEMENT_3D('',#4101,#1794,#1795);
#1593=DIRECTION('',(0.,0.,1.));
#1594=DIRECTION('',(1.,0.,0.));
#1595=DIRECTION('',(-1.,-2.52462692079227E-13,-1.65123703464257E-13));
#1596=DIRECTION('',(2.26097218534749E-13,-6.12323399573677E-17,-1.));
#1597=DIRECTION('',(-2.26097218534749E-13,1.,-6.12323400084876E-17));
#1598=DIRECTION('',(-2.25844895120061E-13,1.,-6.12323400084306E-17));
#1599=DIRECTION('',(1.,2.26097218534749E-13,2.26097218534749E-13));
#1600=DIRECTION('',(-2.26947792626195E-13,1.,-6.12323400086799E-17));
#1601=DIRECTION('',(1.,2.26097218534749E-13,2.26097218534749E-13));
#1602=DIRECTION('',(2.25783849132637E-13,-1.,6.12323400084168E-17));
#1603=DIRECTION('',(1.,2.26097218534749E-13,2.26097218534749E-13));
#1604=DIRECTION('',(2.26097218534749E-13,-1.,6.12323400084876E-17));
#1605=DIRECTION('',(-1.,-2.26097218534749E-13,-2.26097218534749E-13));
#1606=DIRECTION('',(2.2591815030497E-13,-1.,6.12323400084471E-17));
#1607=DIRECTION('',(-1.,-2.26097218534749E-13,-2.26097218534749E-13));
#1608=DIRECTION('',(-2.2591815030497E-13,1.,-6.12323400084471E-17));
#1609=DIRECTION('',(-1.,-2.26007684419859E-13,-2.26097218534749E-13));
#1610=DIRECTION('',(1.,2.26097218534749E-13,2.26097218534749E-13));
#1611=DIRECTION('',(2.26097218534749E-13,-1.,6.12323400084876E-17));
#1612=DIRECTION('',(2.26097218534749E-13,-6.12323399573677E-17,-1.));
#1613=DIRECTION('',(2.26097218534749E-13,-1.,6.12323400084876E-17));
#1614=DIRECTION('',(2.26097218534749E-13,-6.12323399573677E-17,-1.));
#1615=DIRECTION('',(-2.26097218534749E-13,1.,-6.12323400084876E-17));
#1616=DIRECTION('',(1.,2.26097218534749E-13,2.26097218534749E-13));
#1617=DIRECTION('',(2.26097218534749E-13,-6.12323399573677E-17,-1.));
#1618=DIRECTION('',(1.,2.26097218534749E-13,2.26097218534749E-13));
#1619=DIRECTION('',(1.,2.25783849132637E-13,2.26097218534749E-13));
#1620=DIRECTION('',(2.25783849132637E-13,-1.,6.12323400084168E-17));
#1621=DIRECTION('',(2.26097218534749E-13,-6.12323399573677E-17,-1.));
#1622=DIRECTION('',(2.25783849132637E-13,-1.,6.12323400084168E-17));
#1623=DIRECTION('',(-2.26097218534749E-13,1.,-6.12323400084876E-17));
#1624=DIRECTION('',(1.,2.26097218534749E-13,2.26097218534749E-13));
#1625=DIRECTION('',(2.26097218534749E-13,-6.12323399573677E-17,-1.));
#1626=DIRECTION('',(1.,2.26097218534749E-13,2.26097218534749E-13));
#1627=DIRECTION('',(-1.,-2.26947792626195E-13,-2.26097218534749E-13));
#1628=DIRECTION('',(-2.26947792626195E-13,1.,-6.12323400086799E-17));
#1629=DIRECTION('',(2.26097218534749E-13,-6.12323399573677E-17,-1.));
#1630=DIRECTION('',(-2.26947792626195E-13,1.,-6.12323400086799E-17));
#1631=DIRECTION('',(-2.26097218534749E-13,1.,-6.12323400084876E-17));
#1632=DIRECTION('',(1.,2.26097218534749E-13,2.26097218534749E-13));
#1633=DIRECTION('',(2.26097218534749E-13,-6.12323399573677E-17,-1.));
#1634=DIRECTION('',(1.,2.26097218534749E-13,2.26097218534749E-13));
#1635=DIRECTION('',(-2.26097218534749E-13,6.12323399573677E-17,1.));
#1636=DIRECTION('',(2.26097218534749E-13,-1.,6.12323400084876E-17));
#1637=DIRECTION('',(-1.,-2.26097218534749E-13,-2.26097218534749E-13));
#1638=DIRECTION('',(-2.25959302631083E-13,1.,-6.12323400084567E-17));
#1639=DIRECTION('',(1.,2.26234963326887E-13,2.26097218534749E-13));
#1640=DIRECTION('',(2.26097218534749E-13,-1.,6.12323400084876E-17));
#1641=DIRECTION('',(-2.26106791575553E-13,4.12445630657385E-17,1.));
#1642=DIRECTION('',(2.26097218534749E-13,-1.,4.12445631168606E-17));
#1643=DIRECTION('',(1.,2.26097218534749E-13,2.26097218534749E-13));
#1644=DIRECTION('',(-2.26139717804023E-13,1.67657404427106E-16,1.));
#1645=DIRECTION('',(2.26097218534749E-13,-1.,1.67657404478235E-16));
#1646=DIRECTION('',(-2.26097218534749E-13,1.,-6.12323400084876E-17));
#1647=DIRECTION('',(-2.26090911193349E-13,1.04104871753435E-16,1.));
#1648=DIRECTION('',(2.26097218534749E-13,-1.,1.04104871804554E-16));
#1649=DIRECTION('',(-1.,-2.26097218534749E-13,-2.26097218534749E-13));
#1650=DIRECTION('',(-2.26117206311641E-13,3.46993894616036E-17,1.));
#1651=DIRECTION('',(2.26097218534749E-13,-1.,3.4699389512728E-17));
#1652=DIRECTION('',(2.26097218534749E-13,-1.,6.12323400084876E-17));
#1653=DIRECTION('',(2.26097218534749E-13,-1.,6.12323400084876E-17));
#1654=DIRECTION('',(-1.,-2.26097218534749E-13,-2.26097218534749E-13));
#1655=DIRECTION('',(2.26097218534749E-13,-6.12323399573677E-17,-1.));
#1656=DIRECTION('',(-1.,-2.26097218534749E-13,-2.26097218534749E-13));
#1657=DIRECTION('',(2.26097218534749E-13,-6.12323399573677E-17,-1.));
#1658=DIRECTION('',(1.,2.2591815030497E-13,2.26097218534749E-13));
#1659=DIRECTION('',(2.2591815030497E-13,-1.,6.12323400084471E-17));
#1660=DIRECTION('',(2.26097218534749E-13,-6.12323399573677E-17,-1.));
#1661=DIRECTION('',(2.2591815030497E-13,-1.,6.12323400084471E-17));
#1662=DIRECTION('',(-2.26090911193349E-13,1.04104871753435E-16,1.));
#1663=DIRECTION('',(2.26097218534749E-13,-1.,1.04104871804554E-16));
#1664=DIRECTION('',(-2.26090911193349E-13,1.04104871753435E-16,1.));
#1665=DIRECTION('',(2.26097218534749E-13,-1.,1.04104871804554E-16));
#1666=DIRECTION('',(-1.,-2.26097218534749E-13,-2.26097218534749E-13));
#1667=DIRECTION('',(-2.26097218534749E-13,1.,-6.12323400084876E-17));
#1668=DIRECTION('',(-2.26097218534749E-13,1.,-6.12323400084876E-17));
#1669=DIRECTION('',(-2.26139717804023E-13,1.67657404427106E-16,1.));
#1670=DIRECTION('',(2.26097218534749E-13,-1.,1.67657404478235E-16));
#1671=DIRECTION('',(-2.26139717804023E-13,1.67657404427106E-16,1.));
#1672=DIRECTION('',(2.26097218534749E-13,-1.,1.67657404478235E-16));
#1673=DIRECTION('',(-2.26097218534749E-13,1.,-6.12323400084876E-17));
#1674=DIRECTION('',(1.,2.26097218534749E-13,2.26097218534749E-13));
#1675=DIRECTION('',(1.,2.26097218534749E-13,2.26097218534749E-13));
#1676=DIRECTION('',(1.35261522513256E-13,-0.939692620785908,0.342020143325669));
#1677=DIRECTION('',(1.,2.26234963326887E-13,2.26097218534749E-13));
#1678=DIRECTION('',(-0.323615577118459,0.323615577118111,0.889126490715916));
#1679=DIRECTION('',(-1.,-2.26097218534749E-13,-2.26097218534749E-13));
#1680=DIRECTION('',(0.323615577117913,0.323615577118258,0.889126490716061));
#1681=DIRECTION('',(0.939692620785831,2.12353231974048E-13,0.342020143325881));
#1682=DIRECTION('',(-2.25959302631083E-13,1.,-6.12323400084567E-17));
#1683=DIRECTION('',(-0.323615577118313,-0.323615577118258,0.889126490715915));
#1684=DIRECTION('',(2.26097218534749E-13,-1.,6.12323400084876E-17));
#1685=DIRECTION('',(-2.26117206311641E-13,3.46993894616036E-17,1.));
#1686=DIRECTION('',(2.26097218534749E-13,-1.,3.4699389512728E-17));
#1687=DIRECTION('',(-2.26117206311641E-13,3.46993894616036E-17,1.));
#1688=DIRECTION('',(2.26097218534749E-13,-1.,3.4699389512728E-17));
#1689=DIRECTION('',(2.26097218534749E-13,-6.12323399573677E-17,-1.));
#1690=DIRECTION('',(-2.26097218534749E-13,1.,-6.12323400084876E-17));
#1691=DIRECTION('',(-1.,-2.26097218534749E-13,-2.26097218534749E-13));
#1692=DIRECTION('',(-2.26106791575553E-13,4.12445630657385E-17,1.));
#1693=DIRECTION('',(2.26097218534749E-13,-1.,4.12445631168606E-17));
#1694=DIRECTION('',(2.26097218534749E-13,-1.,6.12323400084876E-17));
#1695=DIRECTION('',(-2.25844895120061E-13,1.,-6.12323400084306E-17));
#1696=DIRECTION('',(-1.,-2.26007684419859E-13,-2.26097218534749E-13));
#1697=DIRECTION('',(-2.2591815030497E-13,1.,-6.12323400084471E-17));
#1698=DIRECTION('',(-1.,-2.26097218534749E-13,-2.26097218534749E-13));
#1699=DIRECTION('',(2.26097218534749E-13,-1.,6.12323400084876E-17));
#1700=DIRECTION('',(-1.,-2.26097218534749E-13,-2.26097218534749E-13));
#1701=DIRECTION('',(-2.26106791575553E-13,4.12445630657385E-17,1.));
#1702=DIRECTION('',(2.26097218534749E-13,-1.,4.12445631168606E-17));
#1703=DIRECTION('',(-1.,-2.25844895120061E-13,-2.26097218534749E-13));
#1704=DIRECTION('',(-2.25844895120061E-13,1.,-6.12323400084306E-17));
#1705=DIRECTION('',(2.26097218534749E-13,-6.12323399573677E-17,-1.));
#1706=DIRECTION('',(1.,2.26097218534749E-13,2.26097218534749E-13));
#1707=DIRECTION('',(2.26097218534749E-13,-1.,6.12323400084876E-17));
#1708=DIRECTION('',(2.26097218534749E-13,-1.,6.12323400084876E-17));
#1709=DIRECTION('',(-1.,-2.26097218534749E-13,-2.26097218534749E-13));
#1710=DIRECTION('',(-1.,-2.2591815030497E-13,-2.26097218534749E-13));
#1711=DIRECTION('',(-2.2591815030497E-13,1.,-6.12323400084471E-17));
#1712=DIRECTION('',(2.26097218534749E-13,-6.12323399573677E-17,-1.));
#1713=DIRECTION('',(2.26007684419859E-13,-1.,6.12323400084674E-17));
#1714=DIRECTION('',(-1.,-2.26007684419859E-13,-2.26097218534749E-13));
#1715=DIRECTION('',(-2.89791690926112E-13,0.939692620785908,0.342020143325669));
#1716=DIRECTION('',(-1.,-2.26097218534749E-13,-2.26097218534749E-13));
#1717=DIRECTION('',(0.323615577118057,-0.323615577118111,0.889126490716062));
#1718=DIRECTION('',(-1.,-2.26097218534749E-13,-2.26097218534749E-13));
#1719=DIRECTION('',(-0.939692620785985,-2.12440945143633E-13,0.342020143325456));
#1720=DIRECTION('',(2.26097218534749E-13,-1.,6.12323400084876E-17));
#1721=DIRECTION('',(2.26097218534749E-13,-1.,6.12323400084876E-17));
#1722=DIRECTION('',(0.00533999789082896,0.999931295679725,-0.0104349577283379));
#1723=DIRECTION('',(-2.28444256730109E-13,0.0104351065109439,0.999945552793803));
#1724=DIRECTION('',(-0.999931346076541,-0.00530466158996965,-0.0104481433265469));
#1725=DIRECTION('',(0.0104482903320722,2.30110038487618E-15,-0.999945415124814));
#1726=DIRECTION('',(-0.681695389677744,0.680900327560569,0.267705322360278));
#1727=DIRECTION('',(-0.706694070557058,-0.707519251073422,-1.59738240648642E-13));
#1728=DIRECTION('',(-0.562162924602242,0.56481328734923,0.60411819757098));
#1729=DIRECTION('',(1.0745400276404E-14,-0.730470173769818,0.682944598948328));
#1730=DIRECTION('',(-1.,-2.26097218534749E-13,-2.26097218534749E-13));
#1731=DIRECTION('',(0.00533999789128287,-0.999931295679723,-0.0104349577283339));
#1732=DIRECTION('',(2.23725559615633E-13,0.0104351065109399,-0.999945552793804));
#1733=DIRECTION('',(-0.99993134607756,0.00530466163952062,-0.0104481432039746));
#1734=DIRECTION('',(0.010448290209501,2.30110035716309E-15,-0.999945415126095));
#1735=DIRECTION('',(-0.681695389677437,-0.680900327560878,0.267705322360271));
#1736=DIRECTION('',(0.706694070557378,-0.707519251073103,1.5982488676733E-13));
#1737=DIRECTION('',(-0.562162924516492,-0.564813287264921,0.604118197729598));
#1738=DIRECTION('',(3.19569148745286E-13,-0.730470173910281,-0.682944598798089));
#1739=DIRECTION('',(-1.,-2.26097218534749E-13,-2.26097218534749E-13));
#1740=DIRECTION('',(-0.00533999789127974,0.999931295679723,-0.0104349577283317));
#1741=DIRECTION('',(-2.28444256730107E-13,0.0104351065109353,0.999945552793804));
#1742=DIRECTION('',(0.999931346077565,-0.00530466163952092,-0.0104481432035213));
#1743=DIRECTION('',(0.0104482902090477,2.42355835235846E-15,0.999945415126099));
#1744=DIRECTION('',(0.681695389677315,0.680900327560877,0.267705322360586));
#1745=DIRECTION('',(-0.706694070557378,0.707519251073102,-1.5982488676733E-13));
#1746=DIRECTION('',(-1.,-2.26097218534749E-13,-2.26097218534749E-13));
#1747=DIRECTION('',(-0.00533999795640444,-0.999931295680784,-0.0104349575932318));
#1748=DIRECTION('',(2.23725559646498E-13,0.0104351063758371,-0.999945552795213));
#1749=DIRECTION('',(0.999931346077561,0.00530466163997167,-0.0104481432035244));
#1750=DIRECTION('',(0.0104482902090508,2.42355835235916E-15,0.999945415126099));
#1751=DIRECTION('',(0.681695389677624,-0.68090032756057,0.26770532236058));
#1752=DIRECTION('',(0.706694070557058,0.707519251073423,1.59738240648642E-13));
#1753=DIRECTION('',(0.562162926403451,-0.564813289140123,0.604118194220489));
#1754=DIRECTION('',(3.19569148794227E-13,-0.730470170799833,-0.682944602124992));
#1755=DIRECTION('',(-1.,-2.26097218534749E-13,-2.26097218534749E-13));
#1756=DIRECTION('',(2.26097218534749E-13,-6.12323399573677E-17,-1.));
#1757=DIRECTION('',(2.26097218534749E-13,-1.,6.12323400084876E-17));
#1758=DIRECTION('',(0.,1.,0.));
#1759=DIRECTION('',(0.,0.,1.));
#1760=DIRECTION('',(0.,0.,-1.));
#1761=DIRECTION('',(-1.,0.,0.));
#1762=DIRECTION('',(0.,0.,-1.));
#1763=DIRECTION('',(-1.,0.,0.));
#1764=DIRECTION('',(0.,0.,1.));
#1765=DIRECTION('',(0.,1.,0.));
#1766=DIRECTION('',(0.,0.,1.));
#1767=DIRECTION('',(-1.,0.,0.));
#1768=DIRECTION('',(0.,0.,1.));
#1769=DIRECTION('',(0.,0.,1.));
#1770=DIRECTION('',(0.,1.,0.));
#1771=DIRECTION('',(-0.00815437810400627,0.999966752506171,0.));
#1772=DIRECTION('',(-0.999966752506171,-0.00815437810400627,0.));
#1773=DIRECTION('',(0.,0.,1.));
#1774=DIRECTION('',(-0.999966752506171,-0.00815437810400627,0.));
#1775=DIRECTION('',(-0.753709561634639,-0.657207651127496,0.));
#1776=DIRECTION('',(0.657207651127496,-0.753709561634639,0.));
#1777=DIRECTION('',(0.,0.,1.));
#1778=DIRECTION('',(0.657207651127496,-0.753709561634639,0.));
#1779=DIRECTION('',(0.734140656805798,0.678997419748229,0.));
#1780=DIRECTION('',(-0.678997419748229,0.734140656805798,0.));
#1781=DIRECTION('',(0.,0.,1.));
#1782=DIRECTION('',(-0.678997419748229,0.734140656805798,0.));
#1783=DIRECTION('',(-0.734140656805797,0.678997419748229,0.));
#1784=DIRECTION('',(-0.678997419748229,-0.734140656805797,0.));
#1785=DIRECTION('',(0.,0.,1.));
#1786=DIRECTION('',(-0.678997419748229,-0.734140656805797,0.));
#1787=DIRECTION('',(-0.708345416737162,0.705865972113301,0.));
#1788=DIRECTION('',(-0.705865972113301,-0.708345416737162,0.));
#1789=DIRECTION('',(0.,0.,1.));
#1790=DIRECTION('',(-0.705865972113301,-0.708345416737162,0.));
#1791=DIRECTION('',(0.0125184237299117,-0.999921641463629,0.));
#1792=DIRECTION('',(0.999921641463629,0.0125184237299117,0.));
#1793=DIRECTION('',(0.999921641463629,0.0125184237299117,0.));
#1794=DIRECTION('',(0.,0.,1.));
#1795=DIRECTION('',(1.,0.,0.));
#1796=CARTESIAN_POINT('',(0.,0.,0.));
#1797=CARTESIAN_POINT('',(1.01701568407916E-5,0.018300000000001,0.009150000000001));
#1798=CARTESIAN_POINT('',(-1.00000163808545E-5,0.018300000000001,0.009150000000001));
#1799=CARTESIAN_POINT('',(1.01701568406833E-5,0.0182508684521528,0.00967833433623127));
#1800=CARTESIAN_POINT('',(-1.00000163809628E-5,0.0182508684521528,0.00967833433623126));
#1801=CARTESIAN_POINT('',(1.01701568404796E-5,0.0181211591780965,0.0107089134531696));
#1802=CARTESIAN_POINT('',(-1.00000163811665E-5,0.0181211591780965,0.0107089134531696));
#1803=CARTESIAN_POINT('',(1.01701568402194E-5,0.0178172601448254,0.0121638241774004));
#1804=CARTESIAN_POINT('',(-1.00000163814268E-5,0.0178172601448254,0.0121638241774004));
#1805=CARTESIAN_POINT('',(1.01701568400112E-5,0.0173879023967929,0.0135140149060994));
#1806=CARTESIAN_POINT('',(-1.00000163816349E-5,0.0173879023967929,0.0135140149060994));
#1807=CARTESIAN_POINT('',(1.01701568398852E-5,0.0169155451314534,0.0145436896436744));
#1808=CARTESIAN_POINT('',(-1.00000163817609E-5,0.0169155451314534,0.0145436896436744));
#1809=CARTESIAN_POINT('',(1.01701568398101E-5,0.0164756820411921,0.0153158588349161));
#1810=CARTESIAN_POINT('',(-1.0000016381836E-5,0.0164756820411921,0.0153158588349161));
#1811=CARTESIAN_POINT('',(1.01701568397741E-5,0.0161738079824901,0.0157769425510876));
#1812=CARTESIAN_POINT('',(-1.0000016381872E-5,0.0161738079824901,0.0157769425510876));
#1813=CARTESIAN_POINT('',(1.01701568397501E-5,0.0159215416532395,0.0161354317239687));
#1814=CARTESIAN_POINT('',(-1.0000016381896E-5,0.0159215416532395,0.0161354317239687));
#1815=CARTESIAN_POINT('',(1.01701568397383E-5,0.0157148026350302,0.0163941931697722));
#1816=CARTESIAN_POINT('',(-1.00000163819078E-5,0.0157148026350302,0.0163941931697722));
#1817=CARTESIAN_POINT('',(1.01701568397204E-5,0.0155697758496288,0.0166186589590551));
#1818=CARTESIAN_POINT('',(-1.00000163819257E-5,0.0155697758496288,0.0166186589590551));
#1819=CARTESIAN_POINT('',(1.01701568397395E-5,0.0153254609832554,0.0167784503291119));
#1820=CARTESIAN_POINT('',(-1.00000163819066E-5,0.0153254609832554,0.0167784503291119));
#1821=CARTESIAN_POINT('',(1.01701568397825E-5,0.0151070521445676,0.0168065374637296));
#1822=CARTESIAN_POINT('',(-1.00000163818636E-5,0.0151070521445676,0.0168065374637296));
#1823=CARTESIAN_POINT('',(1.01701568398293E-5,0.0149357622765673,0.0167708717639192));
#1824=CARTESIAN_POINT('',(-1.00000163818168E-5,0.0149357622765673,0.0167708717639192));
#1825=CARTESIAN_POINT('',(1.01701568398874E-5,0.0147165122026695,0.0167332481153158));
#1826=CARTESIAN_POINT('',(-1.00000163817587E-5,0.0147165122026695,0.0167332481153158));
#1827=CARTESIAN_POINT('',(1.0170156839961E-5,0.0144389463104301,0.0166851837432112));
#1828=CARTESIAN_POINT('',(-1.00000163816851E-5,0.0144389463104301,0.0166851837432112));
#1829=CARTESIAN_POINT('',(1.01701568400481E-5,0.0141067365410474,0.0166321044395597));
#1830=CARTESIAN_POINT('',(-1.0000016381598E-5,0.0141067365410474,0.0166321044395597));
#1831=CARTESIAN_POINT('',(1.01701568401636E-5,0.0136626571749896,0.0165653665951246));
#1832=CARTESIAN_POINT('',(-1.00000163814825E-5,0.0136626571749896,0.0165653665951246));
#1833=CARTESIAN_POINT('',(1.01701568403062E-5,0.0131064718538617,0.0164907740938477));
#1834=CARTESIAN_POINT('',(-1.00000163813399E-5,0.0131064718538617,0.0164907740938477));
#1835=CARTESIAN_POINT('',(1.01701568404184E-5,0.0126602855814916,0.0164404395732158));
#1836=CARTESIAN_POINT('',(-1.00000163812277E-5,0.0126602855814916,0.0164404395732158));
#1837=CARTESIAN_POINT('',(1.01701568404741E-5,0.0124369613893539,0.0164176111396138));
#1838=CARTESIAN_POINT('',(-1.0000016381172E-5,0.0124369613893539,0.0164176111396138));
#1839=CARTESIAN_POINT('',(-1.00000000044667E-5,0.0125008901761951,0.0164242105114712));
#1840=CARTESIAN_POINT('',(-6.66663487556763E-6,0.0125044942530206,0.0164245861982191));
#1841=CARTESIAN_POINT('',(-3.33330153954976E-6,0.0125080982954713,0.0164249624968334));
#1842=CARTESIAN_POINT('',(1.82942717484729E-18,0.0125117023035432,0.0164253394073833));
#1843=CARTESIAN_POINT('',(-1.00000028740421E-5,0.0125008901673359,0.0164241950145377));
#1844=CARTESIAN_POINT('',(8.67361737988404E-19,0.0125117023035432,0.0164253394073833));
#1845=CARTESIAN_POINT('',(0.,0.0125117023035432,0.0164253394073833));
#1846=CARTESIAN_POINT('',(3.33330153745173E-6,0.0125080982954736,0.0164249624968337));
#1847=CARTESIAN_POINT('',(6.66663487049756E-6,0.0125044942530261,0.0164245861982197));
#1848=CARTESIAN_POINT('',(9.99999999553468E-6,0.0125008901762048,0.0164242105114722));
#1849=CARTESIAN_POINT('',(1.00000028830512E-5,0.0125008901673261,0.0164241950145371));
#1850=CARTESIAN_POINT('',(9.99999999552903E-6,0.0125008885783024,0.0164242103449079));
#1851=CARTESIAN_POINT('',(9.99999999532433E-6,0.0133207412920738,0.0165096712453183));
#1852=CARTESIAN_POINT('',(9.99999999511322E-6,0.0141368770000411,0.0166273735288154));
#1853=CARTESIAN_POINT('',(9.99999999489655E-6,0.0149483859923426,0.0167741880902593));
#1854=CARTESIAN_POINT('',(1.0025175995954E-5,0.0149488728827333,0.0167715168271558));
#1855=CARTESIAN_POINT('',(9.99634809889111E-6,0.0156186663067518,0.0165203149775252));
#1856=CARTESIAN_POINT('',(9.08423116804878E-6,0.0154814823514097,0.0167357510461567));
#1857=CARTESIAN_POINT('',(8.51182078597981E-6,0.0151942269330634,0.0168424824830273));
#1858=CARTESIAN_POINT('',(1.00498575959532E-5,0.014949657952905,0.0167689077015009));
#1859=CARTESIAN_POINT('',(9.99887947331088E-6,0.0156201990138137,0.0165212909753113));
#1860=CARTESIAN_POINT('',(9.99999999480149E-6,0.0156208982773776,0.0165218484626949));
#1861=CARTESIAN_POINT('',(9.99999999484422E-6,0.0163903375112076,0.015560101481596));
#1862=CARTESIAN_POINT('',(9.99999999504924E-6,0.0176374154837627,0.0133995839639731));
#1863=CARTESIAN_POINT('',(9.99999999555427E-6,0.018161891042604,0.0106351497160076));
#1864=CARTESIAN_POINT('',(9.99999999585811E-6,0.018300000000001,0.009150000000001));
#1865=CARTESIAN_POINT('',(1.00000007583613E-5,0.0182999999996714,0.00915000000354552));
#1866=CARTESIAN_POINT('',(-1.00000000041343E-5,0.018300000000001,0.00915000000000103));
#1867=CARTESIAN_POINT('',(-3.33333333746762E-6,0.018300000000001,0.00915000000000104));
#1868=CARTESIAN_POINT('',(3.33333332919906E-6,0.018300000000001,0.00915000000000104));
#1869=CARTESIAN_POINT('',(9.99999999586575E-6,0.018300000000001,0.00915000000000104));
#1870=CARTESIAN_POINT('',(-1.00000007666344E-5,0.0182999999996714,0.00915000000354551));
#1871=CARTESIAN_POINT('',(-1.0000000004133E-5,0.018300000000001,0.009150000000001));
#1872=CARTESIAN_POINT('',(-1.00000000044383E-5,0.0181618933205764,0.0106351252199135));
#1873=CARTESIAN_POINT('',(-1.00000000049463E-5,0.017637456077675,0.0133994651057793));
#1874=CARTESIAN_POINT('',(-1.00000000051542E-5,0.0163903417074757,0.0155601199916034));
#1875=CARTESIAN_POINT('',(-1.00000000051984E-5,0.0156209744209444,0.0165217532899059));
#1876=CARTESIAN_POINT('',(-1.00000123562301E-5,0.0156209830706698,0.0165217602102318));
#1877=CARTESIAN_POINT('',(-1.00496408562434E-5,0.014949699742294,0.0167689202719441));
#1878=CARTESIAN_POINT('',(-8.51182972003735E-6,0.0151942682740309,0.0168424752324854));
#1879=CARTESIAN_POINT('',(-9.08431933150586E-6,0.0154815083845106,0.0167357304456284));
#1880=CARTESIAN_POINT('',(-9.99639798476267E-6,0.015618679852124,0.0165202937047349));
#1881=CARTESIAN_POINT('',(-1.00000081934618E-5,0.0149481310981396,0.0167741305174274));
#1882=CARTESIAN_POINT('',(-1.00000000051034E-5,0.0149481290901427,0.0167741416183438));
#1883=CARTESIAN_POINT('',(-1.00000000048868E-5,0.0141367646701736,0.0166273774105596));
#1884=CARTESIAN_POINT('',(-1.00000000046757E-5,0.013320654772024,0.0165096622265141));
#1885=CARTESIAN_POINT('',(-1.0000000004471E-5,0.0125008885778413,0.0164242103448598));
#1886=CARTESIAN_POINT('',(-1.00000000036739E-5,0.009150000000001,0.016250000000001));
#1887=CARTESIAN_POINT('',(-0.00197355356868726,0.00915000000000055,0.0162500000000006));
#1888=CARTESIAN_POINT('',(-0.00393707110081984,0.00915000000000011,0.0164293588387798));
#1889=CARTESIAN_POINT('',(-0.00586812808579414,0.00914999999999967,0.0167851135755906));
#1890=CARTESIAN_POINT('',(-1.00000000032301E-5,0.00718692667356896,0.016250000000001));
#1891=CARTESIAN_POINT('',(-0.00196972701009748,0.00719075323215788,0.0163094225149956));
#1892=CARTESIAN_POINT('',(-0.00392943143603572,0.007194578982547,0.016491736950069));
#1893=CARTESIAN_POINT('',(-0.00586688543233917,0.00719840634843406,0.0167949986235371));
#1894=CARTESIAN_POINT('',(-1.00000000028268E-5,0.00522388948283048,0.0164292721779684));
#1895=CARTESIAN_POINT('',(-0.00196590045150772,0.00523152915090388,0.0164916745961732));
#1896=CARTESIAN_POINT('',(-0.00392178578729822,0.00523917358783522,0.0166206174205728));
#1897=CARTESIAN_POINT('',(-0.00586564225602098,0.00524681502158826,0.0168148903801333));
#1898=CARTESIAN_POINT('',(-1.00000000024707E-5,0.00329328880333444,0.0167848525814534));
#1899=CARTESIAN_POINT('',(-0.00196207389291798,0.00329453645381157,0.0167947785825006));
#1900=CARTESIAN_POINT('',(-0.00391414545220818,0.00329578462541075,0.0168147575762898));
#1901=CARTESIAN_POINT('',(-0.00586439954399631,0.00329703234028784,0.0168446069310159));
#1902=CARTESIAN_POINT('',(-0.0025,0.00513763120397925,0.01658980607344));
#1903=CARTESIAN_POINT('',(-0.0025,0.00647151200887076,0.0164587093387371));
#1904=CARTESIAN_POINT('',(-0.0025,0.00781005311831242,0.0163772385774931));
#1905=CARTESIAN_POINT('',(-0.0025,0.00914999999998696,0.0163461091626532));
#1906=CARTESIAN_POINT('',(-0.0025,0.00513763120397925,0.01658980607344));
#1907=CARTESIAN_POINT('',(-0.00250000000170137,0.00915000000000043,0.0163461091629159));
#1908=CARTESIAN_POINT('',(-0.0025,0.00915000000000043,0.016346109162653));
#1909=CARTESIAN_POINT('',(-0.00360914444430643,0.00915000000000018,0.0164318005509486));
#1910=CARTESIAN_POINT('',(-0.00471387363625681,0.00914999999999993,0.0165746598633765));
#1911=CARTESIAN_POINT('',(-0.00580829117026667,0.00914999999999968,0.0167741482884003));
#1912=CARTESIAN_POINT('',(-0.00580870173701847,0.00914998693223294,0.0167728495978485));
#1913=CARTESIAN_POINT('',(-0.00586215477545772,0.00410185784494519,0.0168270797652289));
#1914=CARTESIAN_POINT('',(-0.00583376587250393,0.00577175927698265,0.0168078618186174));
#1915=CARTESIAN_POINT('',(-0.00581635888653474,0.00745444062848082,0.0167869645169663));
#1916=CARTESIAN_POINT('',(-0.00580985861604,0.00914994980617562,0.0167689400462868));
#1917=CARTESIAN_POINT('',(-0.00586125544636828,0.00410190748921403,0.0168327220269954));
#1918=CARTESIAN_POINT('',(-0.005861255440561,0.00410190748236157,0.0168327221496266));
#1919=CARTESIAN_POINT('',(-0.00586318678641631,0.00398466024992336,0.0168344602288563));
#1920=CARTESIAN_POINT('',(-0.00587645536258602,0.00375062194623078,0.0168380424692596));
#1921=CARTESIAN_POINT('',(-0.0057564122288907,0.00340348412864846,0.0168399444923349));
#1922=CARTESIAN_POINT('',(-0.00540838504494086,0.00328339462011037,0.0168380334287676));
#1923=CARTESIAN_POINT('',(-0.00517522403452649,0.00329684139317694,0.0168344573599152));
#1924=CARTESIAN_POINT('',(-0.00505797666849561,0.00329877668368702,0.0168327189534735));
#1925=CARTESIAN_POINT('',(-0.00505797667010701,0.00329877667810772,0.0168327188385814));
#1926=CARTESIAN_POINT('',(-1.00492152671346E-5,0.00335036947107559,0.0167688994429792));
#1927=CARTESIAN_POINT('',(-0.00170065384472597,0.00334387722999788,0.0167868690530929));
#1928=CARTESIAN_POINT('',(-0.00338329674794659,0.00332640384202908,0.0168077933753784));
#1929=CARTESIAN_POINT('',(-0.00505802631046167,0.00329787766256116,0.0168270780853245));
#1930=CARTESIAN_POINT('',(-9.99988350313835E-6,0.00335189201962505,0.0167740749720653));
#1931=CARTESIAN_POINT('',(-1.00000000028233E-5,0.00513779631304563,0.0165000280044003));
#1932=CARTESIAN_POINT('',(-1.00000000027051E-5,0.00454016124388535,0.0165748662592744));
#1933=CARTESIAN_POINT('',(-1.00000000025913E-5,0.00394482081197899,0.0166667913984085));
#1934=CARTESIAN_POINT('',(-1.00000000024815E-5,0.00335188494865573,0.0167740363521457));
#1935=CARTESIAN_POINT('',(-1.01834468075537E-5,0.00513763120397925,0.0165));
#1936=CARTESIAN_POINT('',(-0.0025,0.00513763120397926,0.01658980607344));
#1937=CARTESIAN_POINT('',(-0.00167053186538335,0.00513763120397926,0.0165485165521543));
#1938=CARTESIAN_POINT('',(-0.000840655841440516,0.00513763120397925,0.016518534671113));
#1939=CARTESIAN_POINT('',(-1.03668936122839E-5,0.00513763120397925,0.0165));
#1940=CARTESIAN_POINT('',(9.99999999632605E-6,0.009150000000001,0.016250000000001));
#1941=CARTESIAN_POINT('',(0.00197355356867991,0.00915000000000144,0.0162500000000015));
#1942=CARTESIAN_POINT('',(0.00393707110081241,0.00915000000000189,0.0164293588387815));
#1943=CARTESIAN_POINT('',(0.00586812808578655,0.00915000000000232,0.0167851135755933));
#1944=CARTESIAN_POINT('',(9.9999999967699E-6,0.00718692667356897,0.016250000000001));
#1945=CARTESIAN_POINT('',(0.00196972701009099,0.00719075323215877,0.0163094225149965));
#1946=CARTESIAN_POINT('',(0.00392943143602914,0.00719457898254878,0.0164917369500708));
#1947=CARTESIAN_POINT('',(0.00586688543233245,0.00719840634843671,0.0167949986235397));
#1948=CARTESIAN_POINT('',(9.9999999971732E-6,0.00522388948283049,0.0164292721779684));
#1949=CARTESIAN_POINT('',(0.00196590045150203,0.00523152915090477,0.0164916745961741));
#1950=CARTESIAN_POINT('',(0.00392178578729247,0.00523917358783699,0.0166206174205746));
#1951=CARTESIAN_POINT('',(0.00586564225601514,0.00524681502159091,0.0168148903801359));
#1952=CARTESIAN_POINT('',(9.99999999752931E-6,0.00329328880333444,0.0167848525814534));
#1953=CARTESIAN_POINT('',(0.00196207389291303,0.00329453645381245,0.0167947785825015));
#1954=CARTESIAN_POINT('',(0.00391414545220322,0.00329578462541252,0.0168147575762916));
#1955=CARTESIAN_POINT('',(0.00586439954399134,0.0032970323402905,0.0168446069310186));
#1956=CARTESIAN_POINT('',(0.00580829117025908,0.00915000000000231,0.0167741482884029));
#1957=CARTESIAN_POINT('',(0.00471387363837086,0.00915000000000206,0.0165746598637653));
#1958=CARTESIAN_POINT('',(0.00360914444858207,0.00915000000000181,0.0164318005515041));
#1959=CARTESIAN_POINT('',(0.00250000000644289,0.00915000000000156,0.0163461091631524));
#1960=CARTESIAN_POINT('',(0.00580870173701089,0.00914998693223556,0.0167728495978511));
#1961=CARTESIAN_POINT('',(0.0025,0.00915000361104067,0.0163461092465458));
#1962=CARTESIAN_POINT('',(0.0025,0.00914999999998809,0.0163461091626549));
#1963=CARTESIAN_POINT('',(0.0025,0.00781005311929862,0.0163772385774719));
#1964=CARTESIAN_POINT('',(0.0025,0.00647151200828226,0.0164587093387966));
#1965=CARTESIAN_POINT('',(0.0025,0.00513763120397925,0.0165898060734415));
#1966=CARTESIAN_POINT('',(0.0025,0.00513763120397925,0.0165898060734415));
#1967=CARTESIAN_POINT('',(0.0025,0.00513763120397925,0.0165898060734415));
#1968=CARTESIAN_POINT('',(0.00167053186538148,0.00513763120397925,0.0165485165521552));
#1969=CARTESIAN_POINT('',(0.000840655841436756,0.00513763120397926,0.0165185346711135));
#1970=CARTESIAN_POINT('',(1.03668936066332E-5,0.00513763120397926,0.0165));
#1971=CARTESIAN_POINT('',(1.01605482857977E-5,0.00513765137687958,0.0165000000029945));
#1972=CARTESIAN_POINT('',(9.99999999751854E-6,0.00335163390421192,0.0167740817643403));
#1973=CARTESIAN_POINT('',(9.9999999974087E-6,0.00394474631617647,0.0166667724498779));
#1974=CARTESIAN_POINT('',(9.99999999729487E-6,0.00454007690427621,0.0165748768206177));
#1975=CARTESIAN_POINT('',(9.99999999717665E-6,0.0051377963130451,0.0165000280044004));
#1976=CARTESIAN_POINT('',(1.00174194074746E-5,0.0033513205847113,0.0167723634462222));
#1977=CARTESIAN_POINT('',(0.00505802629899361,0.00329787766274946,0.0168270780851645));
#1978=CARTESIAN_POINT('',(0.00336603836857955,0.00332669780921494,0.0168075946430564));
#1979=CARTESIAN_POINT('',(0.00168339638075896,0.00334415792161295,0.0167866198723076));
#1980=CARTESIAN_POINT('',(1.00502558573145E-5,0.00335032382806585,0.0167689131869983));
#1981=CARTESIAN_POINT('',(0.00505797665863905,0.00329877667829921,0.0168327188384137));
#1982=CARTESIAN_POINT('',(0.00505797666849064,0.00329877668368931,0.0168327189534758));
#1983=CARTESIAN_POINT('',(0.00517522403452152,0.00329684139317928,0.0168344573599176));
#1984=CARTESIAN_POINT('',(0.0054083850449359,0.00328339462011282,0.01683803342877));
#1985=CARTESIAN_POINT('',(0.00575641222888568,0.00340348412865106,0.0168399444923376));
#1986=CARTESIAN_POINT('',(0.00587645536258085,0.00375062194623343,0.0168380424692622));
#1987=CARTESIAN_POINT('',(0.00586318678641103,0.00398466024992601,0.0168344602288589));
#1988=CARTESIAN_POINT('',(0.00586125544055567,0.00410190748236422,0.0168327221496293));
#1989=CARTESIAN_POINT('',(0.00586125544650473,0.00410190748061016,0.0168327220271257));
#1990=CARTESIAN_POINT('',(0.00580985861603242,0.00914994980617824,0.0167689400462895));
#1991=CARTESIAN_POINT('',(0.00581635888653893,0.00745444062560905,0.0167869645169995));
#1992=CARTESIAN_POINT('',(0.00583376587255689,0.00577175927125406,0.0168078618186922));
#1993=CARTESIAN_POINT('',(0.00586215477559625,0.00410185783637712,0.0168270797653299));
#1994=CARTESIAN_POINT('',(1.01686926986424E-5,0.00513801997038548,0.0164999999979318));
#1995=CARTESIAN_POINT('',(-1.00000000028784E-5,0.00513801997038547,0.0164999999979318));
#1996=CARTESIAN_POINT('',(1.01686926986835E-5,0.00493036850305561,0.0165260014628783));
#1997=CARTESIAN_POINT('',(-1.00000000028373E-5,0.0049303685030556,0.0165260014628783));
#1998=CARTESIAN_POINT('',(1.01686926987649E-5,0.00451486216904706,0.016581609691437));
#1999=CARTESIAN_POINT('',(-1.0000000002756E-5,0.00451486216904705,0.016581609691437));
#2000=CARTESIAN_POINT('',(1.01686926988626E-5,0.00400061355056949,0.0166635507357999));
#2001=CARTESIAN_POINT('',(-1.00000000026582E-5,0.00400061355056948,0.0166635507357999));
#2002=CARTESIAN_POINT('',(1.01686926989422E-5,0.00358232165763398,0.0167297619132591));
#2003=CARTESIAN_POINT('',(-1.00000000025786E-5,0.00358232165763398,0.0167297619132591));
#2004=CARTESIAN_POINT('',(1.01686926989848E-5,0.0033387738679091,0.0167849753829834));
#2005=CARTESIAN_POINT('',(-1.0000000002536E-5,0.00333877386790909,0.0167849753829834));
#2006=CARTESIAN_POINT('',(1.01686926990354E-5,0.00309623189944649,0.016803672340523));
#2007=CARTESIAN_POINT('',(-1.00000000024854E-5,0.00309623189944649,0.016803672340523));
#2008=CARTESIAN_POINT('',(1.01686926990952E-5,0.00289679360211588,0.0167387051942877));
#2009=CARTESIAN_POINT('',(-1.00000000024256E-5,0.00289679360211588,0.0167387051942877));
#2010=CARTESIAN_POINT('',(1.01686926991566E-5,0.00274935440114839,0.0166149010342045));
#2011=CARTESIAN_POINT('',(-1.00000000023643E-5,0.00274935440114839,0.0166149010342045));
#2012=CARTESIAN_POINT('',(1.01686926992216E-5,0.00262519014473149,0.0164513078149318));
#2013=CARTESIAN_POINT('',(-1.00000000022992E-5,0.00262519014473149,0.0164513078149318));
#2014=CARTESIAN_POINT('',(1.01686926993025E-5,0.00246705820707122,0.0162515031660901));
#2015=CARTESIAN_POINT('',(-1.00000000022183E-5,0.00246705820707122,0.0162515031660901));
#2016=CARTESIAN_POINT('',(1.01686926994318E-5,0.00222574274504171,0.0159211524347798));
#2017=CARTESIAN_POINT('',(-1.00000000020891E-5,0.0022257427450417,0.0159211524347797));
#2018=CARTESIAN_POINT('',(1.01686926995926E-5,0.001938280096429,0.0154971615440717));
#2019=CARTESIAN_POINT('',(-1.00000000019282E-5,0.001938280096429,0.0154971615440717));
#2020=CARTESIAN_POINT('',(1.01686926997846E-5,0.00161990155009,0.0149662535329124));
#2021=CARTESIAN_POINT('',(-1.00000000017362E-5,0.00161990155008999,0.0149662535329124));
#2022=CARTESIAN_POINT('',(1.01686927000393E-5,0.00123165573729349,0.0142280053260058));
#2023=CARTESIAN_POINT('',(-1.00000000014815E-5,0.00123165573729349,0.0142280053260058));
#2024=CARTESIAN_POINT('',(1.01686927003551E-5,0.000816752622600831,0.0132463368130605));
#2025=CARTESIAN_POINT('',(-1.00000000011658E-5,0.000816752622600826,0.0132463368130605));
#2026=CARTESIAN_POINT('',(1.01686927007295E-5,0.000437566349571293,0.0119698049793365));
#2027=CARTESIAN_POINT('',(-1.00000000007914E-5,0.000437566349571288,0.0119698049793365));
#2028=CARTESIAN_POINT('',(1.01686927010997E-5,0.000164790235672544,0.0106048389156351));
#2029=CARTESIAN_POINT('',(-1.00000000004211E-5,0.000164790235672539,0.0106048389156351));
#2030=CARTESIAN_POINT('',(1.01686927013442E-5,4.58040892726158E-5,0.0096425526298652));
#2031=CARTESIAN_POINT('',(-1.00000000001766E-5,4.58040892726107E-5,0.00964255262986519));
#2032=CARTESIAN_POINT('',(1.01686927014659E-5,1.00003321422106E-15,0.009150000000001));
#2033=CARTESIAN_POINT('',(-1.00000000000549E-5,9.94941371765918E-16,0.009150000000001));
#2034=CARTESIAN_POINT('',(-3.06334633971475E-15,0.00513801995386822,0.0165));
#2035=CARTESIAN_POINT('',(-9.99663733686057E-6,0.00268130979779378,0.0165202774482463));
#2036=CARTESIAN_POINT('',(-9.08390576903301E-6,0.00281848468132977,0.0167357350593971));
#2037=CARTESIAN_POINT('',(-8.51077570564533E-6,0.00310575536858964,0.01684248573386));
#2038=CARTESIAN_POINT('',(-1.00483245605614E-5,0.00335033765834498,0.016768909007509));
#2039=CARTESIAN_POINT('',(-1.00000016258281E-5,0.00267909943755222,0.0165216847272827));
#2040=CARTESIAN_POINT('',(-1.00000000022723E-5,0.00267919304578053,0.0165216094860696));
#2041=CARTESIAN_POINT('',(-1.00000000018802E-5,0.00191062230173379,0.015559006529832));
#2042=CARTESIAN_POINT('',(-1.00000000011082E-5,0.0006620372068794,0.0133999737759146));
#2043=CARTESIAN_POINT('',(-1.00000000003632E-5,0.000138107080323168,0.0106351295309511));
#2044=CARTESIAN_POINT('',(-9.99999999999544E-6,9.94941371765933E-16,0.009150000000001));
#2045=CARTESIAN_POINT('',(-1.00000007624969E-5,3.30615743115991E-13,0.00915000000354551));
#2046=CARTESIAN_POINT('',(1.00000000000039E-5,1.03891671916717E-15,0.00915000000000104));
#2047=CARTESIAN_POINT('',(3.33333333333725E-6,1.03740940437694E-15,0.00915000000000104));
#2048=CARTESIAN_POINT('',(-3.33333333332944E-6,1.03590208958671E-15,0.00915000000000104));
#2049=CARTESIAN_POINT('',(-9.99999999999612E-6,1.03439477479647E-15,0.00915000000000103));
#2050=CARTESIAN_POINT('',(1.00000007608322E-5,3.30619212562944E-13,0.00915000000354552));
#2051=CARTESIAN_POINT('',(9.99999999999569E-6,9.99990625607516E-16,0.009150000000001));
#2052=CARTESIAN_POINT('',(9.9999999996294E-6,0.000138109169349757,0.0106351519952235));
#2053=CARTESIAN_POINT('',(9.99999999888725E-6,0.000662079418483565,0.01340009120351));
#2054=CARTESIAN_POINT('',(9.9999999981183E-6,0.00191061611533289,0.0155589728334537));
#2055=CARTESIAN_POINT('',(9.99999999772758E-6,0.00267926280173451,0.0165216968536873));
#2056=CARTESIAN_POINT('',(9.9989275364059E-6,0.0026798477224996,0.0165212306986987));
#2057=CARTESIAN_POINT('',(1.00484022852651E-5,0.00335028620258653,0.0167689244880386));
#2058=CARTESIAN_POINT('',(8.51113085691311E-6,0.00310572038651235,0.0168424720178088));
#2059=CARTESIAN_POINT('',(9.08406354878264E-6,0.00281848866385201,0.0167357261699245));
#2060=CARTESIAN_POINT('',(9.99656356952206E-6,0.00268131990904633,0.0165202933292986));
#2061=CARTESIAN_POINT('',(-2.94932667436324E-15,0.009150000000001,0.013050000000001));
#2062=CARTESIAN_POINT('',(0.00209999999999717,0.00860000000000147,0.0130500000000015));
#2063=CARTESIAN_POINT('',(0.00209999999999717,0.00860000000000147,0.0130500000000015));
#2064=CARTESIAN_POINT('',(0.00209999999999693,0.00970000000000147,0.0130500000000015));
#2065=CARTESIAN_POINT('',(0.000549999999997174,0.00860000000000112,0.0130500000000011));
#2066=CARTESIAN_POINT('',(0.000549999999997174,0.00860000000000112,0.0130500000000011));
#2067=CARTESIAN_POINT('',(0.000549999999997524,0.00705000000000112,0.0130500000000011));
#2068=CARTESIAN_POINT('',(0.000549999999997524,0.00705000000000112,0.0130500000000011));
#2069=CARTESIAN_POINT('',(-0.000550000000002476,0.00705000000000087,0.0130500000000009));
#2070=CARTESIAN_POINT('',(-0.000550000000002476,0.00705000000000087,0.0130500000000009));
#2071=CARTESIAN_POINT('',(-0.000550000000002826,0.00860000000000087,0.0130500000000009));
#2072=CARTESIAN_POINT('',(-0.000550000000002826,0.00860000000000087,0.0130500000000009));
#2073=CARTESIAN_POINT('',(-0.00210000000000282,0.00860000000000052,0.0130500000000005));
#2074=CARTESIAN_POINT('',(-0.00210000000000282,0.00860000000000052,0.0130500000000005));
#2075=CARTESIAN_POINT('',(-0.00210000000000307,0.00970000000000052,0.0130500000000005));
#2076=CARTESIAN_POINT('',(-0.00210000000000307,0.00970000000000052,0.0130500000000005));
#2077=CARTESIAN_POINT('',(-0.000550000000003075,0.00970000000000087,0.0130500000000009));
#2078=CARTESIAN_POINT('',(-0.000550000000003075,0.00970000000000087,0.0130500000000009));
#2079=CARTESIAN_POINT('',(-0.000550000000003425,0.0112500000000009,0.0130500000000009));
#2080=CARTESIAN_POINT('',(-0.000550000000003425,0.0112500000000009,0.0130500000000009));
#2081=CARTESIAN_POINT('',(0.000549999999996575,0.0112500000000011,0.0130500000000011));
#2082=CARTESIAN_POINT('',(0.000549999999996575,0.0112500000000011,0.0130500000000011));
#2083=CARTESIAN_POINT('',(0.000549999999996925,0.00970000000000112,0.0130500000000011));
#2084=CARTESIAN_POINT('',(0.000549999999996925,0.00970000000000112,0.0130500000000011));
#2085=CARTESIAN_POINT('',(0.00209999999999693,0.00970000000000147,0.0130500000000015));
#2086=CARTESIAN_POINT('',(-0.00210000000000364,0.00970000000000052,0.0155500000000005));
#2087=CARTESIAN_POINT('',(-0.00210000000000339,0.00860000000000052,0.0155500000000005));
#2088=CARTESIAN_POINT('',(-0.00210000000000199,0.00860000000000052,0.00935000000000052));
#2089=CARTESIAN_POINT('',(-0.00210000000000224,0.00970000000000052,0.00935000000000052));
#2090=CARTESIAN_POINT('',(-0.00210000000000224,0.00970000000000052,0.00935000000000052));
#2091=CARTESIAN_POINT('',(-0.00210000000000364,0.00970000000000052,0.0155500000000005));
#2092=CARTESIAN_POINT('',(-0.00210000000000339,0.00860000000000052,0.0155500000000005));
#2093=CARTESIAN_POINT('',(-0.000550000000003391,0.00860000000000087,0.0155500000000009));
#2094=CARTESIAN_POINT('',(-0.00055000000000199,0.00860000000000087,0.00935000000000087));
#2095=CARTESIAN_POINT('',(-0.00210000000000199,0.00860000000000052,0.00935000000000052));
#2096=CARTESIAN_POINT('',(-0.000550000000003391,0.00860000000000087,0.0155500000000009));
#2097=CARTESIAN_POINT('',(-0.000550000000003041,0.00705000000000087,0.0155500000000009));
#2098=CARTESIAN_POINT('',(-0.000550000000001639,0.00705000000000087,0.00935000000000087));
#2099=CARTESIAN_POINT('',(-0.00055000000000199,0.00860000000000087,0.00935000000000087));
#2100=CARTESIAN_POINT('',(-0.000550000000003041,0.00705000000000087,0.0155500000000009));
#2101=CARTESIAN_POINT('',(0.000549999999996959,0.00705000000000112,0.0155500000000011));
#2102=CARTESIAN_POINT('',(0.000549999999998361,0.00705000000000112,0.00935000000000112));
#2103=CARTESIAN_POINT('',(-0.000550000000001639,0.00705000000000087,0.00935000000000087));
#2104=CARTESIAN_POINT('',(0.000549999999996959,0.00705000000000112,0.0155500000000011));
#2105=CARTESIAN_POINT('',(0.000549999999996609,0.00860000000000112,0.0155500000000011));
#2106=CARTESIAN_POINT('',(0.000549999999998011,0.00860000000000112,0.00935000000000112));
#2107=CARTESIAN_POINT('',(0.000549999999998361,0.00705000000000112,0.00935000000000112));
#2108=CARTESIAN_POINT('',(0.000549999999996609,0.00860000000000112,0.0155500000000011));
#2109=CARTESIAN_POINT('',(0.00209999999999661,0.00860000000000147,0.0155500000000014));
#2110=CARTESIAN_POINT('',(0.00209999999999801,0.00860000000000147,0.00935000000000147));
#2111=CARTESIAN_POINT('',(0.000549999999998011,0.00860000000000112,0.00935000000000112));
#2112=CARTESIAN_POINT('',(-3.13075956070335E-15,0.009150000000001,0.013850000000001));
#2113=CARTESIAN_POINT('',(-0.00805999999993367,0.0154893398998358,0.0138499999999992));
#2114=CARTESIAN_POINT('',(0.00634933989887339,0.0154893398998391,0.0138500000000024));
#2115=CARTESIAN_POINT('',(-0.00634933989888251,0.0154893398998362,0.0138499999999996));
#2116=CARTESIAN_POINT('',(0.006349339898873,0.0172000000008902,0.0138500000000024));
#2117=CARTESIAN_POINT('',(0.00634933989887624,0.00281066010016579,0.0138500000000024));
#2118=CARTESIAN_POINT('',(0.0080599999999274,0.00281066010016618,0.0138500000000028));
#2119=CARTESIAN_POINT('',(-0.00634933989887964,0.00281066010016292,0.0138499999999996));
#2120=CARTESIAN_POINT('',(-0.00634933989887926,0.00109999999911177,0.0138499999999996));
#2121=CARTESIAN_POINT('',(0.0021657800117575,0.0103157772921248,0.0138500000000015));
#2122=CARTESIAN_POINT('',(0.00199999990280681,0.0116500000000014,0.0138499999026403));
#2123=CARTESIAN_POINT('',(0.00349999999999665,0.0101499999028123,0.0138499999026407));
#2124=CARTESIAN_POINT('',(-0.0035000000000037,0.0116500000000002,0.0138500000000002));
#2125=CARTESIAN_POINT('',(-0.0019999999028142,0.0116500000000005,0.0138499999026394));
#2126=CARTESIAN_POINT('',(-0.00216577729212672,0.0103157800117614,0.0138500000000005));
#2127=CARTESIAN_POINT('',(-0.00350000000000336,0.0101499999028107,0.0138499999026391));
#2128=CARTESIAN_POINT('',(-0.00350000000000256,0.00665000000000021,0.0138500000000002));
#2129=CARTESIAN_POINT('',(-0.0035000000000029,0.0081500000971897,0.0138499999026391));
#2130=CARTESIAN_POINT('',(-0.00216578001176376,0.00798422270787718,0.0138500000000005));
#2131=CARTESIAN_POINT('',(-0.00199999990281307,0.00665000000000055,0.0138499999026394));
#2132=CARTESIAN_POINT('',(0.00349999999999744,0.00665000000000179,0.0138500000000018));
#2133=CARTESIAN_POINT('',(0.00199999990280794,0.00665000000000145,0.0138499999026403));
#2134=CARTESIAN_POINT('',(0.0021657772926485,0.00798421998771189,0.0138500000000015));
#2135=CARTESIAN_POINT('',(0.0034999999999971,0.00815000009719129,0.0138499999026407));
#2136=CARTESIAN_POINT('',(0.00349999999999631,0.0116500000000018,0.0138500000000018));
#2137=CARTESIAN_POINT('',(0.00054999999999601,0.0112500000000011,0.0155500000000011));
#2138=CARTESIAN_POINT('',(-0.00055000000000399,0.0112500000000009,0.0155500000000009));
#2139=CARTESIAN_POINT('',(-0.000550000000002589,0.0112500000000009,0.00935000000000087));
#2140=CARTESIAN_POINT('',(0.000549999999997411,0.0112500000000011,0.00935000000000112));
#2141=CARTESIAN_POINT('',(0.000549999999997411,0.0112500000000011,0.00935000000000112));
#2142=CARTESIAN_POINT('',(0.00054999999999601,0.0112500000000011,0.0155500000000011));
#2143=CARTESIAN_POINT('',(-0.00055000000000399,0.0112500000000009,0.0155500000000009));
#2144=CARTESIAN_POINT('',(-0.00055000000000364,0.00970000000000087,0.0155500000000009));
#2145=CARTESIAN_POINT('',(-0.000550000000002238,0.00970000000000087,0.00935000000000087));
#2146=CARTESIAN_POINT('',(-0.000550000000002589,0.0112500000000009,0.00935000000000087));
#2147=CARTESIAN_POINT('',(-0.00216578001176325,0.00798422270787718,0.0116000000000005));
#2148=CARTESIAN_POINT('',(-0.00350000000000189,0.00815000000000021,0.00935));
#2149=CARTESIAN_POINT('',(-0.00350000000000223,0.00815000000000021,0.01085));
#2150=CARTESIAN_POINT('',(-0.00350000000000257,0.00815000000000021,0.01235));
#2151=CARTESIAN_POINT('',(-0.0035000000000029,0.00815000000000021,0.01385));
#2152=CARTESIAN_POINT('',(-0.00350000000000189,0.0081500000971897,0.00935000009736132));
#2153=CARTESIAN_POINT('',(-0.00216578001176274,0.00798422270787718,0.00935000000000051));
#2154=CARTESIAN_POINT('',(-0.00199999990281205,0.00665000000000055,0.00935000009736166));
#2155=CARTESIAN_POINT('',(-0.00200000000000257,0.00665000000000055,0.0138500000000006));
#2156=CARTESIAN_POINT('',(-0.00200000000000223,0.00665000000000055,0.0123500000000006));
#2157=CARTESIAN_POINT('',(-0.00200000000000189,0.00665000000000055,0.0108500000000006));
#2158=CARTESIAN_POINT('',(-0.00200000000000155,0.00665000000000055,0.00935000000000056));
#2159=CARTESIAN_POINT('',(-0.00350000000000295,0.00665000000000021,0.01555));
#2160=CARTESIAN_POINT('',(-0.00350000000000336,0.0101500000000002,0.01385));
#2161=CARTESIAN_POINT('',(-0.00350000000000302,0.0101500000000002,0.01235));
#2162=CARTESIAN_POINT('',(-0.00350000000000268,0.0101500000000002,0.01085));
#2163=CARTESIAN_POINT('',(-0.00350000000000234,0.0101500000000002,0.00935));
#2164=CARTESIAN_POINT('',(-0.00350000000000234,0.0101499999028107,0.00935000009736132));
#2165=CARTESIAN_POINT('',(-0.00350000000000155,0.00665000000000021,0.00935000000000021));
#2166=CARTESIAN_POINT('',(-0.00216577729212621,0.0103157800117614,0.0116000000000005));
#2167=CARTESIAN_POINT('',(-0.00200000000000268,0.0116500000000005,0.00935000000000034));
#2168=CARTESIAN_POINT('',(-0.00200000000000302,0.0116500000000005,0.0108500000000003));
#2169=CARTESIAN_POINT('',(-0.00200000000000336,0.0116500000000005,0.0123500000000003));
#2170=CARTESIAN_POINT('',(-0.0020000000000037,0.0116500000000005,0.0138500000000003));
#2171=CARTESIAN_POINT('',(-0.00199999990281319,0.0116500000000005,0.00935000009736166));
#2172=CARTESIAN_POINT('',(-0.0021657772921257,0.0103157800117614,0.00935000000000051));
#2173=CARTESIAN_POINT('',(-0.00350000000000408,0.0116500000000002,0.01555));
#2174=CARTESIAN_POINT('',(0.0019999999999963,0.0116500000000014,0.0138500000000012));
#2175=CARTESIAN_POINT('',(0.00199999999999664,0.0116500000000014,0.0123500000000012));
#2176=CARTESIAN_POINT('',(0.00199999999999698,0.0116500000000014,0.0108500000000012));
#2177=CARTESIAN_POINT('',(0.00199999999999732,0.0116500000000014,0.00935000000000124));
#2178=CARTESIAN_POINT('',(0.00199999990280782,0.0116500000000014,0.00935000009736256));
#2179=CARTESIAN_POINT('',(-0.00350000000000268,0.0116500000000002,0.00935000000000021));
#2180=CARTESIAN_POINT('',(0.00805999999992885,0.00109999999911503,0.00915000000000282));
#2181=CARTESIAN_POINT('',(0.00805999999992885,0.00109999999911503,0.00915000000000282));
#2182=CARTESIAN_POINT('',(0.00805999999992885,0.00109999999911503,0.00915000000000282));
#2183=CARTESIAN_POINT('',(-0.00458500000000025,0.00109999999911217,0.00915));
#2184=CARTESIAN_POINT('',(-0.00805999999992935,0.00109999999911138,0.00914999999999918));
#2185=CARTESIAN_POINT('',(-0.00805999999992935,0.00109999999911138,0.00914999999999918));
#2186=CARTESIAN_POINT('',(0.00805999999992521,0.0172000000008906,0.00915000000000282));
#2187=CARTESIAN_POINT('',(0.00805999999992521,0.0172000000008906,0.00915000000000282));
#2188=CARTESIAN_POINT('',(0.00805999999992521,0.0172000000008906,0.00915000000000282));
#2189=CARTESIAN_POINT('',(0.008059999999926,0.0137250000000028,0.00915000000000282));
#2190=CARTESIAN_POINT('',(0.002165777292649,0.00798421998771189,0.0116000000000015));
#2191=CARTESIAN_POINT('',(0.00199999999999845,0.00665000000000145,0.00935000000000146));
#2192=CARTESIAN_POINT('',(0.00199999999999811,0.00665000000000145,0.0108500000000015));
#2193=CARTESIAN_POINT('',(0.00199999999999777,0.00665000000000145,0.0123500000000015));
#2194=CARTESIAN_POINT('',(0.00199999999999743,0.00665000000000145,0.0138500000000015));
#2195=CARTESIAN_POINT('',(0.00199999990280895,0.00665000000000145,0.00935000009736256));
#2196=CARTESIAN_POINT('',(0.00216577729264951,0.00798421998771189,0.00935000000000149));
#2197=CARTESIAN_POINT('',(0.00349999999999812,0.00815000009719129,0.0093500000973629));
#2198=CARTESIAN_POINT('',(0.0034999999999971,0.0081500000000018,0.0138500000000018));
#2199=CARTESIAN_POINT('',(0.00349999999999743,0.0081500000000018,0.0123500000000018));
#2200=CARTESIAN_POINT('',(0.00349999999999777,0.0081500000000018,0.0108500000000018));
#2201=CARTESIAN_POINT('',(0.00349999999999811,0.0081500000000018,0.0093500000000018));
#2202=CARTESIAN_POINT('',(-2.11387718880929E-15,0.009150000000001,0.009350000000001));
#2203=CARTESIAN_POINT('',(0.00349999999999845,0.00665000000000179,0.00935000000000179));
#2204=CARTESIAN_POINT('',(0.00216578001175852,0.0103157772921248,0.00935000000000149));
#2205=CARTESIAN_POINT('',(0.00349999999999766,0.0101499999028123,0.0093500000973629));
#2206=CARTESIAN_POINT('',(0.00349999999999732,0.0116500000000018,0.00935000000000179));
#2207=CARTESIAN_POINT('',(0.00209999999999801,0.00860000000000147,0.00935000000000147));
#2208=CARTESIAN_POINT('',(0.00209999999999776,0.00970000000000147,0.00935000000000147));
#2209=CARTESIAN_POINT('',(0.00209999999999776,0.00970000000000147,0.00935000000000147));
#2210=CARTESIAN_POINT('',(0.000549999999997762,0.00970000000000112,0.00935000000000112));
#2211=CARTESIAN_POINT('',(0.000549999999997762,0.00970000000000112,0.00935000000000112));
#2212=CARTESIAN_POINT('',(-0.000550000000002238,0.00970000000000087,0.00935000000000087));
#2213=CARTESIAN_POINT('',(0.00349999999999705,0.00665000000000179,0.0155500000000018));
#2214=CARTESIAN_POINT('',(0.00216578001175801,0.0103157772921248,0.0116000000000015));
#2215=CARTESIAN_POINT('',(0.00349999999999766,0.0101500000000018,0.0093500000000018));
#2216=CARTESIAN_POINT('',(0.00349999999999732,0.0101500000000018,0.0108500000000018));
#2217=CARTESIAN_POINT('',(0.00349999999999698,0.0101500000000018,0.0123500000000018));
#2218=CARTESIAN_POINT('',(0.00349999999999664,0.0101500000000018,0.0138500000000018));
#2219=CARTESIAN_POINT('',(0.00209999999999661,0.00860000000000147,0.0155500000000014));
#2220=CARTESIAN_POINT('',(0.00209999999999636,0.00970000000000147,0.0155500000000014));
#2221=CARTESIAN_POINT('',(0.00349999999999592,0.0116500000000018,0.0155500000000018));
#2222=CARTESIAN_POINT('',(-0.00055000000000364,0.00970000000000087,0.0155500000000009));
#2223=CARTESIAN_POINT('',(0.00054999999999636,0.00970000000000112,0.0155500000000011));
#2224=CARTESIAN_POINT('',(0.00054999999999636,0.00970000000000112,0.0155500000000011));
#2225=CARTESIAN_POINT('',(0.00209999999999636,0.00970000000000147,0.0155500000000014));
#2226=CARTESIAN_POINT('',(-0.00805999999993299,0.017200000000887,0.00914999999999917));
#2227=CARTESIAN_POINT('',(-0.00805999999993299,0.017200000000887,0.00914999999999917));
#2228=CARTESIAN_POINT('',(-0.00805999999993299,0.017200000000887,0.00914999999999917));
#2229=CARTESIAN_POINT('',(-0.00458500000000389,0.0172000000008878,0.00915));
#2230=CARTESIAN_POINT('',(-0.00805999999992935,0.00109999999911138,0.00914999999999918));
#2231=CARTESIAN_POINT('',(-0.0080599999999322,0.0137249999999992,0.00914999999999917));
#2232=CARTESIAN_POINT('',(0.00595320874563447,0.00409138815530626,0.0162556860506854));
#2233=CARTESIAN_POINT('',(0.00647855118498865,0.00915000375937716,0.0165208126466289));
#2234=CARTESIAN_POINT('',(0.00634128582393815,0.00915091096337475,0.0167359679872314));
#2235=CARTESIAN_POINT('',(0.00605425906731959,0.00915148407998749,0.0168424702793431));
#2236=CARTESIAN_POINT('',(0.00580987656777198,0.0091499507561252,0.0167689454396194));
#2237=CARTESIAN_POINT('',(0.00647969807849876,0.00915000192730679,0.0165215443524437));
#2238=CARTESIAN_POINT('',(0.00586215475592762,0.0041018578353849,0.0168270797622037));
#2239=CARTESIAN_POINT('',(0.00608135669493773,0.00409971387034068,0.0168620370528014));
#2240=CARTESIAN_POINT('',(0.00631657756071612,0.00409603140784329,0.0167577651529783));
#2241=CARTESIAN_POINT('',(0.00643785374812291,0.00409210582373795,0.0165718859032469));
#2242=CARTESIAN_POINT('',(0.00643889177954052,0.00409210455173392,0.0165725631880393));
#2243=CARTESIAN_POINT('',(0.00643785375027776,0.00409210607256028,0.016571885900503));
#2244=CARTESIAN_POINT('',(0.0064514098162823,0.00577807236210495,0.0165548952863047));
#2245=CARTESIAN_POINT('',(0.0064649806116166,0.00746403814294376,0.016537863462901));
#2246=CARTESIAN_POINT('',(0.00647856552771296,0.00915000341554268,0.0165207901635141));
#2247=CARTESIAN_POINT('',(0.00505797667090782,0.00329877667532034,0.0168327187811375));
#2248=CARTESIAN_POINT('',(0.00508891497008811,0.00329826600707456,0.0168331775095203));
#2249=CARTESIAN_POINT('',(0.00521406570086812,0.00329658893240196,0.0168350331295525));
#2250=CARTESIAN_POINT('',(0.00539506383920629,0.00329588029854517,0.016837542968385));
#2251=CARTESIAN_POINT('',(0.00559293758105083,0.00334443222441261,0.0168390972505711));
#2252=CARTESIAN_POINT('',(0.00569966614747386,0.00341678356499704,0.0168393507978152));
#2253=CARTESIAN_POINT('',(0.00576020304780123,0.00348770541333479,0.0168392699886298));
#2254=CARTESIAN_POINT('',(0.00580858479717558,0.00356377767587536,0.0168390339499658));
#2255=CARTESIAN_POINT('',(0.00584718377163358,0.00367969828473437,0.0168382794255211));
#2256=CARTESIAN_POINT('',(0.00586597958039394,0.00387082021499385,0.0168361571671058));
#2257=CARTESIAN_POINT('',(0.0058627350488356,0.0040120845221626,0.0168340535399389));
#2258=CARTESIAN_POINT('',(0.00586125544947663,0.00410190747989211,0.0168327219658715));
#2259=CARTESIAN_POINT('',(0.00505861543160398,0.00323615382929795,0.0168357687536273));
#2260=CARTESIAN_POINT('',(0.00508953668964517,0.00323567050783766,0.0168361460032257));
#2261=CARTESIAN_POINT('',(0.0052152795256232,0.00323485280651868,0.0168376760312725));
#2262=CARTESIAN_POINT('',(0.00540069417271189,0.00323695174626676,0.0168396502632473));
#2263=CARTESIAN_POINT('',(0.0056144757384671,0.0032974917966165,0.016840672945756));
#2264=CARTESIAN_POINT('',(0.00573204515851422,0.0033797612511201,0.0168407934892787));
#2265=CARTESIAN_POINT('',(0.00579960410113022,0.00345799845805925,0.0168407536112732));
#2266=CARTESIAN_POINT('',(0.00585481620707583,0.00354159723320306,0.0168406197214319));
#2267=CARTESIAN_POINT('',(0.00590145581698807,0.00366774032847967,0.0168401494714732));
#2268=CARTESIAN_POINT('',(0.00592715545389978,0.00386871154454138,0.0168385795103774));
#2269=CARTESIAN_POINT('',(0.00592506378768236,0.00401137522613731,0.0168368713153201));
#2270=CARTESIAN_POINT('',(0.00592386847583825,0.00410126666291552,0.0168357712157177));
#2271=CARTESIAN_POINT('',(0.00505992298415117,0.00311053196045894,0.0168399464865032));
#2272=CARTESIAN_POINT('',(0.00509088919441542,0.00311030245069707,0.0168400980469834));
#2273=CARTESIAN_POINT('',(0.00521762441182801,0.00311070403085808,0.0168411746533755));
#2274=CARTESIAN_POINT('',(0.00541178803912409,0.00311863482013799,0.0168420983936357));
#2275=CARTESIAN_POINT('',(0.00565760798766785,0.00320325074656497,0.0168424513003985));
#2276=CARTESIAN_POINT('',(0.00579684006070074,0.00330536262722973,0.0168423642255817));
#2277=CARTESIAN_POINT('',(0.00587878682359329,0.00339850850227719,0.0168424143745713));
#2278=CARTESIAN_POINT('',(0.00594754002091285,0.00349713625763888,0.0168423782507199));
#2279=CARTESIAN_POINT('',(0.00601037163411921,0.0036438162697219,0.0168423052967359));
#2280=CARTESIAN_POINT('',(0.00604982126277633,0.00386451091916438,0.0168415248302698));
#2281=CARTESIAN_POINT('',(0.00605022936345011,0.00401012784130792,0.016840559007284));
#2282=CARTESIAN_POINT('',(0.00604947086244109,0.00409995499994466,0.0168399483611937));
#2283=CARTESIAN_POINT('',(0.00506283992884272,0.00292141570813852,0.016775968099298));
#2284=CARTESIAN_POINT('',(0.00509380139896197,0.00292158730585191,0.0167760246864109));
#2285=CARTESIAN_POINT('',(0.00522219067864563,0.00292506675711849,0.0167770783553777));
#2286=CARTESIAN_POINT('',(0.00542912494898059,0.0029422119692833,0.0167848801269123));
#2287=CARTESIAN_POINT('',(0.00572244694406149,0.00306208271331066,0.0168006273468015));
#2288=CARTESIAN_POINT('',(0.00589428898937861,0.00319383921945423,0.0168039901771995));
#2289=CARTESIAN_POINT('',(0.00599745003860403,0.00330909480140334,0.0168029974598931));
#2290=CARTESIAN_POINT('',(0.00608652452633571,0.00343030502812546,0.0168002389565172));
#2291=CARTESIAN_POINT('',(0.00617310358049889,0.00360759511536062,0.0167917570366742));
#2292=CARTESIAN_POINT('',(0.00623308313566399,0.00385733027295326,0.0167789501559409));
#2293=CARTESIAN_POINT('',(0.00623797385355032,0.00400711409407501,0.0167762412521316));
#2294=CARTESIAN_POINT('',(0.00623856046444715,0.00409703236758418,0.0167759943558537));
#2295=CARTESIAN_POINT('',(0.00506560276296557,0.00279839806561766,0.0166702397312144));
#2296=CARTESIAN_POINT('',(0.00509658660185755,0.00279875181679153,0.0166704867188108));
#2297=CARTESIAN_POINT('',(0.00522604297209785,0.00280316208956207,0.0166730273737957));
#2298=CARTESIAN_POINT('',(0.00544073414366675,0.00282234493844334,0.0166917097494029));
#2299=CARTESIAN_POINT('',(0.00576824977307683,0.0029616605214041,0.016729278558653));
#2300=CARTESIAN_POINT('',(0.00596412842036735,0.00311385151366807,0.0167376570277452));
#2301=CARTESIAN_POINT('',(0.00608233396244519,0.00324521220161003,0.0167351503983251));
#2302=CARTESIAN_POINT('',(0.00618509127761028,0.00338291246020019,0.0167284397262507));
#2303=CARTESIAN_POINT('',(0.00628577733050718,0.00358249533761663,0.0167080363425875));
#2304=CARTESIAN_POINT('',(0.00635464437014371,0.00385206436963344,0.0166777185881249));
#2305=CARTESIAN_POINT('',(0.0063606429410166,0.00400439372403506,0.0166710488624542));
#2306=CARTESIAN_POINT('',(0.0063615675661255,0.00409426611856257,0.0166702956934935));
#2307=CARTESIAN_POINT('',(0.0050672210078494,0.00273971885900189,0.0165975546504767));
#2308=CARTESIAN_POINT('',(0.00509821014455893,0.00274010154760724,0.0165979337784126));
#2309=CARTESIAN_POINT('',(0.00522823125244301,0.00274467502326928,0.0166016326262865));
#2310=CARTESIAN_POINT('',(0.00544635587330721,0.00276268209902452,0.0166272378337649));
#2311=CARTESIAN_POINT('',(0.00579210506272363,0.00290894275783258,0.0166791090254799));
#2312=CARTESIAN_POINT('',(0.00600116494236751,0.00307150591179868,0.0166908584212917));
#2313=CARTESIAN_POINT('',(0.00612715060696061,0.00321147945880107,0.0166873436662628));
#2314=CARTESIAN_POINT('',(0.00623670696749167,0.0033581372283868,0.0166779909717883));
#2315=CARTESIAN_POINT('',(0.00634315233588322,0.00356977159819097,0.0166497362429604));
#2316=CARTESIAN_POINT('',(0.00641361964523126,0.00384936432973221,0.0166080919503611));
#2317=CARTESIAN_POINT('',(0.00641930121228131,0.0040027917719162,0.0165988026468879));
#2318=CARTESIAN_POINT('',(0.0064202467720598,0.00409264630884022,0.0165976291626575));
#2319=CARTESIAN_POINT('',(0.00506776401093947,0.00272003622457851,0.0165731593261779));
#2320=CARTESIAN_POINT('',(0.00509872581976808,0.00272039426355958,0.0165736043672951));
#2321=CARTESIAN_POINT('',(0.00522901574183677,0.00272526497697157,0.0165775158631962));
#2322=CARTESIAN_POINT('',(0.00544825895613136,0.0027428743510969,0.01660548994212));
#2323=CARTESIAN_POINT('',(0.00580007192598702,0.00289133827750017,0.0166622698627232));
#2324=CARTESIAN_POINT('',(0.00601358492347154,0.00305736439721102,0.0166752039655089));
#2325=CARTESIAN_POINT('',(0.00614209608065322,0.00320017675210461,0.0166713153341607));
#2326=CARTESIAN_POINT('',(0.0062539563885768,0.00334985758646364,0.0166610793583663));
#2327=CARTESIAN_POINT('',(0.00636224326517115,0.00356552353660111,0.0166300915124159));
#2328=CARTESIAN_POINT('',(0.00643324304083073,0.00384845149220539,0.0165846219462813));
#2329=CARTESIAN_POINT('',(0.00643889276289189,0.00400221224361504,0.0165745254494946));
#2330=CARTESIAN_POINT('',(0.0064399298037714,0.00409210278225593,0.0165732404818448));
#2331=CARTESIAN_POINT('',(0.00506776104617203,0.00272211000545696,0.0165718066006758));
#2332=CARTESIAN_POINT('',(0.00506383733814718,0.00284338254641807,0.0167577307286817));
#2333=CARTESIAN_POINT('',(0.00506016173807583,0.00307864009031552,0.0168620381751222));
#2334=CARTESIAN_POINT('',(0.00505802631138418,0.00329787768100053,0.0168270780823648));
#2335=CARTESIAN_POINT('',(0.00506776401141507,0.00272003622396714,0.0165731593254202));
#2336=CARTESIAN_POINT('',(0.00506776401093947,0.00272003622457851,0.0165731593261779));
#2337=CARTESIAN_POINT('',(0.00518510042760607,0.00272139309010591,0.0165748459049641));
#2338=CARTESIAN_POINT('',(0.00544170189008347,0.00271533671341275,0.0166027259265262));
#2339=CARTESIAN_POINT('',(0.00610996823775385,0.00305107504323985,0.0167081216418712));
#2340=CARTESIAN_POINT('',(0.00644256996607897,0.00371509387079622,0.0166029779049397));
#2341=CARTESIAN_POINT('',(0.00643857612050418,0.00397476681555149,0.0165749178019954));
#2342=CARTESIAN_POINT('',(0.00643992979772719,0.00409210225834717,0.016573240489334));
#2343=CARTESIAN_POINT('',(0.00506849922243552,0.00320682492034204,0.0162556473803401));
#2344=CARTESIAN_POINT('',(9.99670665750804E-6,0.00268131605850675,0.0165202872813939));
#2345=CARTESIAN_POINT('',(0.00169591760567333,0.00269492875606854,0.016537505311797));
#2346=CARTESIAN_POINT('',(0.00338183905195359,0.00270852697391076,0.0165546783182337));
#2347=CARTESIAN_POINT('',(0.00506776104611093,0.00272211000552268,0.0165718066007767));
#2348=CARTESIAN_POINT('',(0.00789626246245459,0.00239729496015892,0.0142640056715032));
#2349=CARTESIAN_POINT('',(0.00776832447746684,0.00255985405798481,0.014534658402037));
#2350=CARTESIAN_POINT('',(0.00738997147601158,0.00302472855101214,0.0152572841321709));
#2351=CARTESIAN_POINT('',(0.00694524398289446,0.00353286377356528,0.0159190357221809));
#2352=CARTESIAN_POINT('',(0.00657670123609649,0.00394170325329909,0.0164014751066658));
#2353=CARTESIAN_POINT('',(0.00650870134533941,0.00401668484956944,0.0164880300444101));
#2354=CARTESIAN_POINT('',(0.00643982118782928,0.00409222189668319,0.0165733750628459));
#2355=CARTESIAN_POINT('',(0.00786846284611171,0.00224499981895229,0.0143228157432089));
#2356=CARTESIAN_POINT('',(0.00773682716579202,0.00240462282930734,0.0145972021454565));
#2357=CARTESIAN_POINT('',(0.00734754481779195,0.00286313855094832,0.0153291134408279));
#2358=CARTESIAN_POINT('',(0.00689122715103327,0.00336859359258813,0.0159964946646265));
#2359=CARTESIAN_POINT('',(0.00651432864609825,0.00377627434284093,0.0164816345109301));
#2360=CARTESIAN_POINT('',(0.00644482020277079,0.00385108789774233,0.0165686325254428));
#2361=CARTESIAN_POINT('',(0.00637446656536565,0.00392648632943184,0.0166543518152323));
#2362=CARTESIAN_POINT('',(0.00780355100852155,0.00194140556432587,0.0144355632353595));
#2363=CARTESIAN_POINT('',(0.00766446730106255,0.00209499514658323,0.0147171406863864));
#2364=CARTESIAN_POINT('',(0.00725344365385324,0.0025402798121304,0.0154669930408892));
#2365=CARTESIAN_POINT('',(0.00677430913935149,0.00303994331932276,0.01614519090713));
#2366=CARTESIAN_POINT('',(0.0063810585690563,0.00344506194756559,0.0166356075081684));
#2367=CARTESIAN_POINT('',(0.00630861475634996,0.00351949101942731,0.0167234495789803));
#2368=CARTESIAN_POINT('',(0.00623538479426724,0.00359457380252661,0.0168099041670977));
#2369=CARTESIAN_POINT('',(0.00747990470381143,0.00154155752649175,0.0144714810914356));
#2370=CARTESIAN_POINT('',(0.00733174408782057,0.00168649900920947,0.0147553591609856));
#2371=CARTESIAN_POINT('',(0.00689849694854864,0.00211225590838356,0.015510977936037));
#2372=CARTESIAN_POINT('',(0.00640429619909513,0.00260229429951749,0.0161926076390182));
#2373=CARTESIAN_POINT('',(0.00600186172671484,0.00300258898821932,0.0166847223183625));
#2374=CARTESIAN_POINT('',(0.00592784700943758,0.0030762693778365,0.0167728489374613));
#2375=CARTESIAN_POINT('',(0.00585313416689591,0.00315068401399781,0.0168595484923137));
#2376=CARTESIAN_POINT('',(0.00710325001749216,0.00132905396617315,0.0143938319393226));
#2377=CARTESIAN_POINT('',(0.0069473730425513,0.00146531545030961,0.0146727663942853));
#2378=CARTESIAN_POINT('',(0.00649703726228328,0.00186816785335558,0.0154160475780638));
#2379=CARTESIAN_POINT('',(0.00599514752357581,0.00233874579540454,0.0160901646131534));
#2380=CARTESIAN_POINT('',(0.00558917608269258,0.00272602054180293,0.0165787015540717));
#2381=CARTESIAN_POINT('',(0.00551462786698318,0.00279740153283273,0.016666250278166));
#2382=CARTESIAN_POINT('',(0.00543945604267333,0.00286960730902715,0.0167524632600192));
#2383=CARTESIAN_POINT('',(0.00687713774545199,0.00128488407690761,0.0143078161207546));
#2384=CARTESIAN_POINT('',(0.00671675833142418,0.00141554314981958,0.014581279567038));
#2385=CARTESIAN_POINT('',(0.00625653253562555,0.00180198255112537,0.0153109224870989));
#2386=CARTESIAN_POINT('',(0.00575027453795234,0.00225516000989586,0.0159767800096353));
#2387=CARTESIAN_POINT('',(0.00534232440657091,0.00262991729416093,0.0164613383228402));
#2388=CARTESIAN_POINT('',(0.00526747624862122,0.00269904983887202,0.0165482524639638));
#2389=CARTESIAN_POINT('',(0.00519205154504039,0.00276905428022192,0.0166339191400024));
#2390=CARTESIAN_POINT('',(0.00676292773893503,0.00126405727854065,0.0142636683707831));
#2391=CARTESIAN_POINT('',(0.0066003471043627,0.00139193879648241,0.0145343323166916));
#2392=CARTESIAN_POINT('',(0.00613534957216127,0.00177018094409302,0.015257017974117));
#2393=CARTESIAN_POINT('',(0.00562708952461133,0.00221466190781227,0.0159186375281362));
#2394=CARTESIAN_POINT('',(0.00521827063698936,0.00258313818280669,0.0164011815205871));
#2395=CARTESIAN_POINT('',(0.00514329479090271,0.00265113822107611,0.0164877678373701));
#2396=CARTESIAN_POINT('',(0.00506776401093914,0.00272003622457837,0.0165731593261778));
#2397=CARTESIAN_POINT('',(0.00506776401093914,0.00272003622457837,0.0165731593261778));
#2398=CARTESIAN_POINT('',(0.00567787174005776,0.00216350543702608,0.0158834006960188));
#2399=CARTESIAN_POINT('',(0.00625406575088765,0.00166431431792007,0.0151108208866408));
#2400=CARTESIAN_POINT('',(0.00676292773893503,0.00126405727854065,0.0142636683707831));
#2401=CARTESIAN_POINT('',(0.00676292773781116,0.00126405489311936,0.014263669497537));
#2402=CARTESIAN_POINT('',(0.00789594281987005,0.00239729385583875,0.0142638990968569));
#2403=CARTESIAN_POINT('',(0.0078151716833044,0.00178094591769102,0.014512537410202));
#2404=CARTESIAN_POINT('',(0.00737897460883782,0.00134536071093,0.0145121587227107));
#2405=CARTESIAN_POINT('',(0.00676292917066901,0.00126450597600498,0.0142635192603529));
#2406=CARTESIAN_POINT('',(0.0078962624232564,0.00239729496015892,0.0142640056529733));
#2407=CARTESIAN_POINT('',(0.00643992980376898,0.00409216168311875,0.0165732404818478));
#2408=CARTESIAN_POINT('',(0.00644223995411395,0.0040893642547217,0.0165703780407249));
#2409=CARTESIAN_POINT('',(0.00645889658987111,0.00407094077559694,0.0165498096536759));
#2410=CARTESIAN_POINT('',(0.00651846529685079,0.004005826954555,0.0164751524647381));
#2411=CARTESIAN_POINT('',(0.00657221812967216,0.00394650846379662,0.016406459849175));
#2412=CARTESIAN_POINT('',(0.00660149168596803,0.00391413590684619,0.0163687289198728));
#2413=CARTESIAN_POINT('',(0.00666405473820545,0.003844828306037,0.0162874062700262));
#2414=CARTESIAN_POINT('',(0.00674651748714951,0.00375300458077909,0.0161776918339175));
#2415=CARTESIAN_POINT('',(0.00687906369373511,0.00360448236819326,0.015996357683995));
#2416=CARTESIAN_POINT('',(0.00704206650329641,0.0034198272760375,0.0157628451928052));
#2417=CARTESIAN_POINT('',(0.00728879668074837,0.00313591163112073,0.015386773514574));
#2418=CARTESIAN_POINT('',(0.007588021359984,0.00278203842157531,0.0148827031190189));
#2419=CARTESIAN_POINT('',(0.00779746086116225,0.00252282801614315,0.0144730100039601));
#2420=CARTESIAN_POINT('',(0.00789626226646364,0.00239729496015892,0.0142640055788536));
#2421=CARTESIAN_POINT('',(0.00915999999999994,0.00025056725829952,0.00915000000000307));
#2422=CARTESIAN_POINT('',(0.00915999999999793,0.00915000341461248,0.00915000000000307));
#2423=CARTESIAN_POINT('',(0.00903556528999475,0.000250567258299491,0.0104881041875101));
#2424=CARTESIAN_POINT('',(0.00903556528999274,0.00915000341461245,0.0104881041875101));
#2425=CARTESIAN_POINT('',(0.00858382946381881,0.000250567258299394,0.0131709017548994));
#2426=CARTESIAN_POINT('',(0.0085838294638168,0.00915000341461235,0.0131709017548994));
#2427=CARTESIAN_POINT('',(0.00728421388337193,0.000250567258299103,0.0155271122616414));
#2428=CARTESIAN_POINT('',(0.00728421388336992,0.00915000341461206,0.0155271122616414));
#2429=CARTESIAN_POINT('',(0.00643992980376985,0.0002505672582989,0.0165732404818478));
#2430=CARTESIAN_POINT('',(0.00643992980376784,0.00915000341461186,0.0165732404818478));
#2431=CARTESIAN_POINT('',(0.00790330029412516,0.00238451768702501,0.014241771625844));
#2432=CARTESIAN_POINT('',(0.00790087852408571,0.00238881861107361,0.014249118342407));
#2433=CARTESIAN_POINT('',(0.00789842623662161,0.00239307743339525,0.0142564944326557));
#2434=CARTESIAN_POINT('',(0.00789594281987005,0.00239729385583874,0.0142638990968569));
#2435=CARTESIAN_POINT('',(0.00790628745523248,0.00238454601269699,0.0142427396669826));
#2436=CARTESIAN_POINT('',(0.00790628746914268,0.00238454599516411,0.0142427396373939));
#2437=CARTESIAN_POINT('',(0.00826296670677986,0.00193209907801371,0.0134840387814209));
#2438=CARTESIAN_POINT('',(0.00851212807416756,0.00156891645026305,0.0127397342985001));
#2439=CARTESIAN_POINT('',(0.00871276936968312,0.00123124070973703,0.011915747580514));
#2440=CARTESIAN_POINT('',(0.0087127693521008,0.00123124070973703,0.0119157475762327));
#2441=CARTESIAN_POINT('',(0.00871378584442518,0.00122570906403747,0.0119022136563112));
#2442=CARTESIAN_POINT('',(0.00871314902989883,0.00122755353048708,0.011906678901032));
#2443=CARTESIAN_POINT('',(0.00871250685130467,0.00122938478675327,0.0119111515049203));
#2444=CARTESIAN_POINT('',(0.00871185917814538,0.00123120280875843,0.011915631369053));
#2445=CARTESIAN_POINT('',(0.00871599228272359,0.00122581148420066,0.0119024859191884));
#2446=CARTESIAN_POINT('',(0.00871599229697622,0.00122581146029813,0.0119024858604267));
#2447=CARTESIAN_POINT('',(0.0089261256944981,0.000871625423087721,0.0110361336096535));
#2448=CARTESIAN_POINT('',(0.0090702919095785,0.000564236738439789,0.0101146727303135));
#2449=CARTESIAN_POINT('',(0.00915999999999993,0.00030364540635442,0.00915000000000307));
#2450=CARTESIAN_POINT('',(0.00915999999984135,0.000303645394043558,0.00915000000171291));
#2451=CARTESIAN_POINT('',(0.00915999999999794,0.00915000000000311,0.00915000000000311));
#2452=CARTESIAN_POINT('',(0.00915999999999917,0.00620121513545179,0.00915000000000311));
#2453=CARTESIAN_POINT('',(0.0091600000000004,0.00325243027090047,0.00915000000000311));
#2454=CARTESIAN_POINT('',(0.00916000000000164,0.000303645406349146,0.00915000000000311));
#2455=CARTESIAN_POINT('',(0.00915999999991767,0.00915000000091807,0.00915000000086618));
#2456=CARTESIAN_POINT('',(0.00915999999999793,0.00915000000000307,0.00915000000000307));
#2457=CARTESIAN_POINT('',(0.00903657215268422,0.00915000000000304,0.0104772769256982));
#2458=CARTESIAN_POINT('',(0.00859043456891113,0.00915000000000295,0.0131376294386922));
#2459=CARTESIAN_POINT('',(0.00731207186486778,0.00915000000000266,0.0154811443678361));
#2460=CARTESIAN_POINT('',(0.00648076849179865,0.00915000000000246,0.0165223650216939));
#2461=CARTESIAN_POINT('',(0.00738741026775994,0.00177388779223628,0.0136439818062098));
#2462=CARTESIAN_POINT('',(0.00676292907161369,0.00126450626010335,0.0142635201140732));
#2463=CARTESIAN_POINT('',(0.00676714549012111,0.00126202400963484,0.014256090401618));
#2464=CARTESIAN_POINT('',(0.00677140463703017,0.00125957322688926,0.0142486894572556));
#2465=CARTESIAN_POINT('',(0.00677570621089145,0.00125715329112177,0.014241318092209));
#2466=CARTESIAN_POINT('',(0.0067756778486893,0.00125400303423398,0.0142423350044274));
#2467=CARTESIAN_POINT('',(0.00677570629033127,0.00125715297827961,0.0142413171259967));
#2468=CARTESIAN_POINT('',(0.00739222650139666,0.00133217725064143,0.0144907153836612));
#2469=CARTESIAN_POINT('',(0.00782830873941937,0.00176738985799196,0.0144912405332392));
#2470=CARTESIAN_POINT('',(0.0079033003187246,0.00238451764392861,0.0142417715512015));
#2471=CARTESIAN_POINT('',(0.00871276934770521,0.00123124070973703,0.0119157475751623));
#2472=CARTESIAN_POINT('',(0.00862752963121492,0.00137469569597359,0.0122658020626826));
#2473=CARTESIAN_POINT('',(0.00840385606369376,0.00172632070942846,0.0130600169230314));
#2474=CARTESIAN_POINT('',(0.00810175435762089,0.00213659662838632,0.0138269573883704));
#2475=CARTESIAN_POINT('',(0.00790628746916625,0.00238454599516411,0.0142427396373437));
#2476=CARTESIAN_POINT('',(0.00870642633501441,0.00111799918551845,0.0119417964658369));
#2477=CARTESIAN_POINT('',(0.00861951650879136,0.00125380357353938,0.0122959928362946));
#2478=CARTESIAN_POINT('',(0.00839080564490313,0.00158945243599958,0.0131009738572786));
#2479=CARTESIAN_POINT('',(0.00808002454331408,0.00198887098409446,0.0138796898721388));
#2480=CARTESIAN_POINT('',(0.00787878112694033,0.00223247613144704,0.0143012490295093));
#2481=CARTESIAN_POINT('',(0.00868611203621904,0.000893288532824731,0.0119916048532727));
#2482=CARTESIAN_POINT('',(0.00859542475687692,0.00101379435756365,0.0123537576921012));
#2483=CARTESIAN_POINT('',(0.00835582427247419,0.00131738668861237,0.013179370360387));
#2484=CARTESIAN_POINT('',(0.00802728304810054,0.00169477657502295,0.0139807292351483));
#2485=CARTESIAN_POINT('',(0.00781445935909599,0.00192934603697306,0.0144134171287203));
#2486=CARTESIAN_POINT('',(0.00845879743677017,0.000600854187843541,0.0120075099701133));
#2487=CARTESIAN_POINT('',(0.00835153223232335,0.000701108581882588,0.0123721834180202));
#2488=CARTESIAN_POINT('',(0.00807586183079865,0.000961849180296796,0.0132043558904771));
#2489=CARTESIAN_POINT('',(0.00771808592455488,0.00130850411898444,0.0140129190650457));
#2490=CARTESIAN_POINT('',(0.00749152643509332,0.00153016397150803,0.0144491314472967));
#2491=CARTESIAN_POINT('',(0.00818121877011047,0.000463836588588857,0.0119733053471411));
#2492=CARTESIAN_POINT('',(0.00805492863291141,0.00055300417877782,0.012332508778029));
#2493=CARTESIAN_POINT('',(0.00773924177710283,0.000788295674564277,0.0131504143286298));
#2494=CARTESIAN_POINT('',(0.00735348462420199,0.00110998427179884,0.0139433352024869));
#2495=CARTESIAN_POINT('',(0.00711547539158283,0.00131833955529124,0.0143718555444065));
#2496=CARTESIAN_POINT('',(0.00801383223891276,0.000452414487846151,0.0119353292450478));
#2497=CARTESIAN_POINT('',(0.00787615242445582,0.000538973950186048,0.0122884583062579));
#2498=CARTESIAN_POINT('',(0.00753660620653775,0.000766508295806221,0.0130906030446024));
#2499=CARTESIAN_POINT('',(0.00713445066749113,0.00107498055270147,0.0138662428332479));
#2500=CARTESIAN_POINT('',(0.00688971574861025,0.00127461262616656,0.0142862641767522));
#2501=CARTESIAN_POINT('',(0.00792889788410412,0.000447690810505791,0.0119157983915166));
#2502=CARTESIAN_POINT('',(0.00778548013654212,0.000533002506485199,0.0122658173359354));
#2503=CARTESIAN_POINT('',(0.00743395539518616,0.000756760696531697,0.0130598682462377));
#2504=CARTESIAN_POINT('',(0.00702366401093984,0.00105871391722505,0.0138266579505847));
#2505=CARTESIAN_POINT('',(0.00677567784920782,0.00125400561509078,0.0142423337921385));
#2506=CARTESIAN_POINT('',(0.00677567784922679,0.00125400561509421,0.0142423337921458));
#2507=CARTESIAN_POINT('',(0.00721639500250812,0.000906936244198045,0.0135036011455398));
#2508=CARTESIAN_POINT('',(0.00760094511987034,0.000642772709330465,0.0127161852495886));
#2509=CARTESIAN_POINT('',(0.00792889788411902,0.00044769081050662,0.01191579839152));
#2510=CARTESIAN_POINT('',(0.00792890739439843,0.000447684284214562,0.0119157753833223));
#2511=CARTESIAN_POINT('',(0.00871185917814538,0.00123120280875843,0.011915631369053));
#2512=CARTESIAN_POINT('',(0.00871436932158391,0.00100493881077952,0.011969767686259));
#2513=CARTESIAN_POINT('',(0.00861135927960095,0.000714461791244387,0.0120174248597717));
#2514=CARTESIAN_POINT('',(0.00822267250850778,0.000472176330896069,0.0119814224006875));
#2515=CARTESIAN_POINT('',(0.00803079790427072,0.000447190940855353,0.0119400961962734));
#2516=CARTESIAN_POINT('',(0.0079289363336506,0.000448480656772718,0.0119156966644629));
#2517=CARTESIAN_POINT('',(0.00824383496785068,0.000915155595229363,0.0115151188300462));
#2518=CARTESIAN_POINT('',(0.00792894216591386,0.000448477253200089,0.0119156724388574));
#2519=CARTESIAN_POINT('',(0.00793075669601757,0.000447816566781001,0.0119111997606468));
#2520=CARTESIAN_POINT('',(0.00793258438800704,0.000447161289136807,0.0119067342733738));
#2521=CARTESIAN_POINT('',(0.00793442521779637,0.000446511291675323,0.011902276074851));
#2522=CARTESIAN_POINT('',(0.00793432569212696,0.000444463509455581,0.0119025334431355));
#2523=CARTESIAN_POINT('',(0.00793442514291543,0.000446511272984291,0.0119022758972739));
#2524=CARTESIAN_POINT('',(0.00813819733076608,0.000442743029330784,0.0119510315295752));
#2525=CARTESIAN_POINT('',(0.00855348753862792,0.000590227089499819,0.0120136706207944));
#2526=CARTESIAN_POINT('',(0.00871780440250241,0.000988451285859372,0.0119589121171747));
#2527=CARTESIAN_POINT('',(0.0087137858652466,0.0012257090041612,0.0119022135101525));
#2528=CARTESIAN_POINT('',(0.00916000000000748,0.000303645406354419,0.00914999999992186));
#2529=CARTESIAN_POINT('',(0.00910028817814077,0.000477101146293017,0.00979210893305758));
#2530=CARTESIAN_POINT('',(0.00897668890487343,0.000763841320431108,0.0107150714669282));
#2531=CARTESIAN_POINT('',(0.00878359684507836,0.00111186200118272,0.0116237612354907));
#2532=CARTESIAN_POINT('',(0.00871599229697621,0.00122581146029813,0.0119024858604267));
#2533=CARTESIAN_POINT('',(0.00915961265319086,0.00025846643918505,0.00915416532003747));
#2534=CARTESIAN_POINT('',(0.00909950981070902,0.000415168096438944,0.00979904569561592));
#2535=CARTESIAN_POINT('',(0.00897492221566733,0.000678128872287947,0.0107280542029289));
#2536=CARTESIAN_POINT('',(0.00877864339412054,0.00100500389382195,0.0116463463009855));
#2537=CARTESIAN_POINT('',(0.00870971239411337,0.00111285994023921,0.011928377070696));
#2538=CARTESIAN_POINT('',(0.00915562811821067,0.000169010469180466,0.00916211358993279));
#2539=CARTESIAN_POINT('',(0.00909358310888346,0.000292449613886213,0.00981228582520075));
#2540=CARTESIAN_POINT('',(0.00896540167989131,0.000508316334066075,0.0107528388634538));
#2541=CARTESIAN_POINT('',(0.00876147435024409,0.000793058580017369,0.0116895193548657));
#2542=CARTESIAN_POINT('',(0.00868954629395766,0.000888730284740624,0.0119778841703564));
#2543=CARTESIAN_POINT('',(0.00906709792521349,5.32418999814287E-5,0.00916464657613239));
#2544=CARTESIAN_POINT('',(0.00897193028734277,0.000133616158897147,0.00981651171653884));
#2545=CARTESIAN_POINT('',(0.00879636049380075,0.000288212472423206,0.0107607686985339));
#2546=CARTESIAN_POINT('',(0.00854798369997213,0.0005175174862412,0.0117033120675233));
#2547=CARTESIAN_POINT('',(0.00846285623675277,0.00059706202783835,0.0119936912204632));
#2548=CARTESIAN_POINT('',(0.00895688393022438,1.72028113913126E-6,0.00915918857900713));
#2549=CARTESIAN_POINT('',(0.0088207728068515,6.26106002158521E-5,0.00980742674623303));
#2550=CARTESIAN_POINT('',(0.00858696860329043,0.000188963904833528,0.010743785858339));
#2551=CARTESIAN_POINT('',(0.0082862777806134,0.000389745227587071,0.0116736836923564));
#2552=CARTESIAN_POINT('',(0.00818599897715057,0.000460464120114489,0.0119596932004269));
#2553=CARTESIAN_POINT('',(0.00889023881905894,2.90510111137371E-7,0.00915312399000463));
#2554=CARTESIAN_POINT('',(0.00872934872843764,6.02982559898026E-5,0.00979733033198363));
#2555=CARTESIAN_POINT('',(0.00846046138087258,0.000184772680724429,0.0107249006029631));
#2556=CARTESIAN_POINT('',(0.00812839282632366,0.000380490171963857,0.0116407733471395));
#2557=CARTESIAN_POINT('',(0.00801904242812298,0.000449140532067191,0.0119219462966753));
#2558=CARTESIAN_POINT('',(0.008856354593682,-5.08100506113607E-15,0.00914999999991743));
#2559=CARTESIAN_POINT('',(0.00868289885374262,5.97137645425225E-5,0.0097921298236104));
#2560=CARTESIAN_POINT('',(0.00839617520892158,0.000183460901637266,0.0107151753310837));
#2561=CARTESIAN_POINT('',(0.00804824580209057,0.000376805259794997,0.0116238439848485));
#2562=CARTESIAN_POINT('',(0.0079343256923236,0.000444464023615251,0.0119025333184096));
#2563=CARTESIAN_POINT('',(0.0079343256923236,0.000444464023615251,0.0119025333184096));
#2564=CARTESIAN_POINT('',(0.00830346554907499,0.000225226643703479,0.0109994852009239));
#2565=CARTESIAN_POINT('',(0.00860547499776505,8.63676527783574E-5,0.0100787514540381));
#2566=CARTESIAN_POINT('',(0.008856354593682,-5.08100506113607E-15,0.00914999999991743));
#2567=CARTESIAN_POINT('',(0.00885635459367688,-1.01134378649448E-15,0.00914999999996053));
#2568=CARTESIAN_POINT('',(0.008856354593682,-5.08100506113607E-15,0.00914999999991743));
#2569=CARTESIAN_POINT('',(0.00893541778622818,6.77856932752189E-7,0.00915728931012079));
#2570=CARTESIAN_POINT('',(0.00911281277111388,4.63532995261471E-5,0.00916953834364562));
#2571=CARTESIAN_POINT('',(0.00915932214307839,0.000224582213808085,0.00915728931012427));
#2572=CARTESIAN_POINT('',(0.00916000000000748,0.000303645406354419,0.00914999999992186));
#2573=CARTESIAN_POINT('',(0.00916126756629896,0.000299914744235328,0.00913636927130522));
#2574=CARTESIAN_POINT('',(0.00916125851279755,0.000299941390219991,0.00913646662780767));
#2575=CARTESIAN_POINT('',(0.00916124945929614,0.000299968036204653,0.00913656398431011));
#2576=CARTESIAN_POINT('',(0.00916124040579473,0.000299994682189318,0.00913666134081256));
#2577=CARTESIAN_POINT('',(0.00916082693715088,0.000301211590283009,0.00914110756103289));
#2578=CARTESIAN_POINT('',(0.00916041346854748,0.000302428498365458,0.00914555378081819));
#2579=CARTESIAN_POINT('',(0.00916000000000748,0.000303645406354419,0.00914999999992186));
#2580=CARTESIAN_POINT('',(0.00916088335071165,0.000255102254337199,0.00914050080267736));
#2581=CARTESIAN_POINT('',(0.00916087428706604,0.000255126286443021,0.00914059840130966));
#2582=CARTESIAN_POINT('',(0.00916086522342043,0.000255150318548844,0.00914069599994196));
#2583=CARTESIAN_POINT('',(0.00916085615977482,0.000255174350654669,0.00914079359857425));
#2584=CARTESIAN_POINT('',(0.00916044222785081,0.000256271884277709,0.00914525087673734));
#2585=CARTESIAN_POINT('',(0.00916002652536897,0.000257368887798979,0.00914970803910649));
#2586=CARTESIAN_POINT('',(0.00915961265319085,0.00025846643918509,0.00915416532003765));
#2587=CARTESIAN_POINT('',(0.00915701203506292,0.000166375499134639,0.00914839178912802));
#2588=CARTESIAN_POINT('',(0.00915700271433222,0.0001663943432202,0.0091484898463042));
#2589=CARTESIAN_POINT('',(0.00915699339360151,0.000166413187305763,0.00914858790348037));
#2590=CARTESIAN_POINT('',(0.00915698407287081,0.000166432031391328,0.00914868596065655));
#2591=CARTESIAN_POINT('',(0.00915655840000584,0.000167292630859817,0.00915316418027733));
#2592=CARTESIAN_POINT('',(0.009156133830714,0.000168153580751657,0.00915764246949609));
#2593=CARTESIAN_POINT('',(0.00915570868362714,0.000169014129758939,0.00916212074156721));
#2594=CARTESIAN_POINT('',(0.00906916343525158,5.15718663110921E-5,0.00915089842631414));
#2595=CARTESIAN_POINT('',(0.00906914900750224,5.15840232823846E-5,0.00915099663042861));
#2596=CARTESIAN_POINT('',(0.0090691345797529,5.15961802536776E-5,0.00915109483454308));
#2597=CARTESIAN_POINT('',(0.00906912015200357,5.16083372249683E-5,0.00915119303865754));
#2598=CARTESIAN_POINT('',(0.00906846124428594,5.21635397046482E-5,0.0091556779688727));
#2599=CARTESIAN_POINT('',(0.00906780055132718,5.27177669566881E-5,0.00916016282332092));
#2600=CARTESIAN_POINT('',(0.00906714204773254,5.32724746845886E-5,0.00916464783598939));
#2601=CARTESIAN_POINT('',(0.00895980146161447,4.33291088843988E-7,0.00914548404097269));
#2602=CARTESIAN_POINT('',(0.00895978062748919,4.42444421034065E-7,0.00914558192865546));
#2603=CARTESIAN_POINT('',(0.00895975979336391,4.51597753223926E-7,0.00914567981633823));
#2604=CARTESIAN_POINT('',(0.00895973895923862,4.60751085413352E-7,0.00914577770402101));
#2605=CARTESIAN_POINT('',(0.00895878747570365,8.78778948413747E-7,0.00915024818296728));
#2606=CARTESIAN_POINT('',(0.00895783780868151,1.29770239153462E-6,0.00915471874711149));
#2607=CARTESIAN_POINT('',(0.00895688626856122,1.71535573866184E-6,0.00915918925448721));
#2608=CARTESIAN_POINT('',(0.00889369460647375,-9.79418416971337E-7,0.0091394679195624));
#2609=CARTESIAN_POINT('',(0.00889366993987323,-9.70341635021365E-7,0.00913956545796935));
#2610=CARTESIAN_POINT('',(0.00889364527327272,-9.6126485307161E-7,0.0091396629963763));
#2611=CARTESIAN_POINT('',(0.00889362060667219,-9.52188071121421E-7,0.00913976053478326));
#2612=CARTESIAN_POINT('',(0.00889249409601051,-5.37656217321908E-7,0.00914421506248665));
#2613=CARTESIAN_POINT('',(0.00889136525098311,-1.24052936830918E-7,0.00914866945901722));
#2614=CARTESIAN_POINT('',(0.00889023881905902,2.90510111277884E-7,0.00915312399000588));
#2615=CARTESIAN_POINT('',(0.00886008525575918,-1.26756630692854E-6,0.00913636927130355));
#2616=CARTESIAN_POINT('',(0.00886005860977455,-1.25851280551124E-6,0.00913646662780599));
#2617=CARTESIAN_POINT('',(0.00886003196378991,-1.24945930409393E-6,0.00913656398430843));
#2618=CARTESIAN_POINT('',(0.00886000531780528,-1.24040580267923E-6,0.00913666134081088));
#2619=CARTESIAN_POINT('',(0.00885878840971278,-8.26937158538918E-7,0.00914110756103118));
#2620=CARTESIAN_POINT('',(0.00885757150167105,-4.13468544959231E-7,0.00914555378081501));
#2621=CARTESIAN_POINT('',(0.00885635459368209,-4.96130914129367E-15,0.00914999999991868));
#2622=CARTESIAN_POINT('',(0.00916,0.000303645394043558,0.00915000000000307));
#2623=CARTESIAN_POINT('',(0.00915999999950325,0.000221070975929216,0.00915000000000307));
#2624=CARTESIAN_POINT('',(0.00911471037932718,4.48741014399027E-5,0.00915000000004429));
#2625=CARTESIAN_POINT('',(0.00893887072340648,1.09968402848504E-16,0.00914999999992072));
#2626=CARTESIAN_POINT('',(0.00885635459370393,-4.77048955893622E-15,0.0091499999999207));
#2627=CARTESIAN_POINT('',(0.00885635459368435,2.9993368899639E-15,0.009150000000003));
#2628=CARTESIAN_POINT('',(0.00877322746821374,8.62434872671222E-5,0.010077416244625));
#2629=CARTESIAN_POINT('',(0.00863508359220655,0.000229784783294851,0.0110200338991849));
#2630=CARTESIAN_POINT('',(0.00823261029529171,0.000647296656109768,0.0127383263636654));
#2631=CARTESIAN_POINT('',(0.00797979986102463,0.000909470133044682,0.013510991881633));
#2632=CARTESIAN_POINT('',(0.00727177140427781,0.00164181758146143,0.0150670390674791));
#2633=CARTESIAN_POINT('',(0.00680272780307685,0.002126308538953,0.0158368433496945));
#2634=CARTESIAN_POINT('',(0.00623052307273041,0.00271660488100218,0.016568941246485));
#2635=CARTESIAN_POINT('',(0.0059075697291229,2.33320307518881E-15,0.00915000000000233));
#2636=CARTESIAN_POINT('',(0.00585215164547575,8.88199898418512E-5,0.010104871294331));
#2637=CARTESIAN_POINT('',(0.00576040456350737,0.00023805885285042,0.0110616600141742));
#2638=CARTESIAN_POINT('',(0.00549340750983218,0.000665564279580099,0.0127927454221678));
#2639=CARTESIAN_POINT('',(0.00532657611428116,0.000932584591315311,0.01356532698604));
#2640=CARTESIAN_POINT('',(0.00485345904941538,0.00166663564641886,0.0151079068801043));
#2641=CARTESIAN_POINT('',(0.00453896793494477,0.00214702930086623,0.0158634484443118));
#2642=CARTESIAN_POINT('',(0.00415709588917516,0.00272275634046002,0.0165765307320246));
#2643=CARTESIAN_POINT('',(0.00295878486456145,1.66706926041371E-15,0.00915000000000167));
#2644=CARTESIAN_POINT('',(0.00293107582273775,9.13531132354806E-5,0.0101323624240807));
#2645=CARTESIAN_POINT('',(0.00288459894047701,0.000238605066839379,0.0110765632036761));
#2646=CARTESIAN_POINT('',(0.00274881999133171,0.000664533185204048,0.0128057357929201));
#2647=CARTESIAN_POINT('',(0.00266244861201547,0.000939007631758538,0.0135930288926075));
#2648=CARTESIAN_POINT('',(0.00242778932866226,0.0016834745854011,0.0151382710250432));
#2649=CARTESIAN_POINT('',(0.00227364903871775,0.00216646407122215,0.0158875947578376));
#2650=CARTESIAN_POINT('',(0.00208340870007479,0.00272870770369837,0.0165837045693308));
#2651=CARTESIAN_POINT('',(9.9999999999957E-6,9.99200722162641E-16,0.009150000000001));
#2652=CARTESIAN_POINT('',(9.99999999974615E-6,9.3907926219659E-5,0.0101598355138086));
#2653=CARTESIAN_POINT('',(9.99999999949479E-6,0.000247416408107898,0.0111200990764351));
#2654=CARTESIAN_POINT('',(9.99999999900315E-6,0.00068417962920804,0.0128630942290454));
#2655=CARTESIAN_POINT('',(9.99999999876302E-6,0.00096331440364265,0.0136492525436713));
#2656=CARTESIAN_POINT('',(9.9999999982497E-6,0.00170884878303858,0.0151798947576605));
#2657=CARTESIAN_POINT('',(9.99999999797604E-6,0.00218726228858691,0.0159143862586852));
#2658=CARTESIAN_POINT('',(9.99999999769932E-6,0.00273487338775323,0.0165913236027982));
#2659=CARTESIAN_POINT('',(-0.004585,-2.04003480774872E-15,0.00915));
#2660=CARTESIAN_POINT('',(0.00595320874563225,0.0142086118446986,0.0162556860506854));
#2661=CARTESIAN_POINT('',(0.00647856550473862,0.00915000043861894,0.0165207901898764));
#2662=CARTESIAN_POINT('',(0.00646498059630791,0.0108359644264984,0.016537863480529));
#2663=CARTESIAN_POINT('',(0.00645140980863039,0.0125219289226184,0.0165548952951452));
#2664=CARTESIAN_POINT('',(0.00643785375027552,0.0142078939274446,0.0165718859005031));
#2665=CARTESIAN_POINT('',(0.00643889177953825,0.014207895448271,0.0165725631880393));
#2666=CARTESIAN_POINT('',(0.00643785374812067,0.014207894176267,0.0165718859032469));
#2667=CARTESIAN_POINT('',(0.00631657756071386,0.0142039685921616,0.0167577651529783));
#2668=CARTESIAN_POINT('',(0.00608135669493545,0.0142002861296641,0.0168620370528014));
#2669=CARTESIAN_POINT('',(0.00586215475592534,0.0141981421646198,0.0168270797622036));
#2670=CARTESIAN_POINT('',(0.00586125544636067,0.014198092510788,0.0168327220269981));
#2671=CARTESIAN_POINT('',(0.00586215477545011,0.0141981421550569,0.0168270797652315));
#2672=CARTESIAN_POINT('',(0.00583376586482402,0.0125282402717162,0.0168078618134263));
#2673=CARTESIAN_POINT('',(0.00581635885380029,0.0108455519657396,0.0167869644417782));
#2674=CARTESIAN_POINT('',(0.0058098585375923,0.00915002933049196,0.0167689398249626));
#2675=CARTESIAN_POINT('',(0.00505797667090517,0.0150012233246839,0.0168327187811375));
#2676=CARTESIAN_POINT('',(0.00508891497008546,0.0150017339929298,0.0168331775095203));
#2677=CARTESIAN_POINT('',(0.00521406570086547,0.0150034110676024,0.0168350331295525));
#2678=CARTESIAN_POINT('',(0.00539506383920364,0.0150041197014592,0.016837542968385));
#2679=CARTESIAN_POINT('',(0.0055929375810482,0.0149555677755919,0.0168390972505711));
#2680=CARTESIAN_POINT('',(0.00569966614747127,0.0148832164350075,0.0168393507978152));
#2681=CARTESIAN_POINT('',(0.00576020304779867,0.0148122945866698,0.0168392699886298));
#2682=CARTESIAN_POINT('',(0.00580858479717305,0.0147362223241293,0.0168390339499658));
#2683=CARTESIAN_POINT('',(0.00584718377163111,0.0146203017152703,0.0168382794255211));
#2684=CARTESIAN_POINT('',(0.00586597958039155,0.0144291797850108,0.0168361571671058));
#2685=CARTESIAN_POINT('',(0.00586273504883327,0.014287915477842,0.0168340535399389));
#2686=CARTESIAN_POINT('',(0.00586125544947434,0.0141980925201125,0.0168327219658715));
#2687=CARTESIAN_POINT('',(0.00505861543160131,0.0150638461707064,0.0168357687536273));
#2688=CARTESIAN_POINT('',(0.0050895366896425,0.0150643294921667,0.0168361460032257));
#2689=CARTESIAN_POINT('',(0.00521527952562053,0.0150651471934857,0.0168376760312725));
#2690=CARTESIAN_POINT('',(0.00540069417270922,0.0150630482537377,0.0168396502632473));
#2691=CARTESIAN_POINT('',(0.00561447573846445,0.0150025082033881,0.016840672945756));
#2692=CARTESIAN_POINT('',(0.00573204515851161,0.0149202387488845,0.0168407934892787));
#2693=CARTESIAN_POINT('',(0.00579960410112765,0.0148420015419454,0.0168407536112732));
#2694=CARTESIAN_POINT('',(0.00585481620707329,0.0147584027668016,0.0168406197214319));
#2695=CARTESIAN_POINT('',(0.00590145581698559,0.014632259671525,0.0168401494714732));
#2696=CARTESIAN_POINT('',(0.00592715545389739,0.0144312884554633,0.0168385795103774));
#2697=CARTESIAN_POINT('',(0.00592506378768003,0.0142886247738674,0.0168368713153201));
#2698=CARTESIAN_POINT('',(0.00592386847583596,0.0141987333370892,0.0168357712157177));
#2699=CARTESIAN_POINT('',(0.00505992298414844,0.0151894680395454,0.0168399464865032));
#2700=CARTESIAN_POINT('',(0.00509088919441269,0.0151896975493072,0.0168400980469834));
#2701=CARTESIAN_POINT('',(0.00521762441182528,0.0151892959691463,0.0168411746533755));
#2702=CARTESIAN_POINT('',(0.00541178803912136,0.0151813651798665,0.0168420983936357));
#2703=CARTESIAN_POINT('',(0.00565760798766516,0.0150967492534396,0.0168424513003985));
#2704=CARTESIAN_POINT('',(0.0057968400606981,0.0149946373727749,0.0168423642255817));
#2705=CARTESIAN_POINT('',(0.00587878682359069,0.0149014914977275,0.0168424143745713));
#2706=CARTESIAN_POINT('',(0.00594754002091029,0.0148028637423658,0.0168423782507199));
#2707=CARTESIAN_POINT('',(0.00601037163411672,0.0146561837302828,0.0168423052967359));
#2708=CARTESIAN_POINT('',(0.00604982126277394,0.0144354890808404,0.0168415248302698));
#2709=CARTESIAN_POINT('',(0.00605022936344779,0.0142898721586968,0.016840559007284));
#2710=CARTESIAN_POINT('',(0.00604947086243881,0.0142000450000601,0.0168399483611937));
#2711=CARTESIAN_POINT('',(0.0050628399288399,0.0153785842918658,0.016775968099298));
#2712=CARTESIAN_POINT('',(0.00509380139895915,0.0153784126941524,0.0167760246864109));
#2713=CARTESIAN_POINT('',(0.00522219067864282,0.0153749332428858,0.0167770783553777));
#2714=CARTESIAN_POINT('',(0.00542912494897778,0.0153577880307212,0.0167848801269123));
#2715=CARTESIAN_POINT('',(0.00572244694405874,0.0152379172866939,0.0168006273468015));
#2716=CARTESIAN_POINT('',(0.00589428898937591,0.0151061607805505,0.0168039901771995));
#2717=CARTESIAN_POINT('',(0.00599745003860139,0.0149909051986014,0.0168029974598931));
#2718=CARTESIAN_POINT('',(0.00608652452633312,0.0148696949718793,0.0168002389565172));
#2719=CARTESIAN_POINT('',(0.00617310358049638,0.0146924048846442,0.0167917570366742));
#2720=CARTESIAN_POINT('',(0.0062330831356616,0.0144426697270516,0.0167789501559409));
#2721=CARTESIAN_POINT('',(0.00623797385354799,0.0142928859059298,0.0167762412521316));
#2722=CARTESIAN_POINT('',(0.00623856046444486,0.0142029676324206,0.0167759943558537));
#2723=CARTESIAN_POINT('',(0.0050656027629627,0.0155016019343866,0.0166702397312144));
#2724=CARTESIAN_POINT('',(0.00509658660185468,0.0155012481832127,0.0166704867188108));
#2725=CARTESIAN_POINT('',(0.00522604297209498,0.0154968379104423,0.0166730273737957));
#2726=CARTESIAN_POINT('',(0.00544073414366389,0.0154776550615611,0.0166917097494029));
#2727=CARTESIAN_POINT('',(0.00576824977307403,0.0153383394786005,0.016729278558653));
#2728=CARTESIAN_POINT('',(0.00596412842036462,0.0151861484863366,0.0167376570277452));
#2729=CARTESIAN_POINT('',(0.00608233396244252,0.0150547877983947,0.0167351503983251));
#2730=CARTESIAN_POINT('',(0.00618509127760768,0.0149170875398046,0.0167284397262507));
#2731=CARTESIAN_POINT('',(0.00628577733050466,0.0147175046623882,0.0167080363425875));
#2732=CARTESIAN_POINT('',(0.00635464437014131,0.0144479356303714,0.0166777185881249));
#2733=CARTESIAN_POINT('',(0.00636064294101428,0.0142956062759698,0.0166710488624542));
#2734=CARTESIAN_POINT('',(0.00636156756612322,0.0142057338814423,0.0166702956934935));
#2735=CARTESIAN_POINT('',(0.0050672210078465,0.0155602811410024,0.0165975546504767));
#2736=CARTESIAN_POINT('',(0.00509821014455603,0.015559898452397,0.0165979337784126));
#2737=CARTESIAN_POINT('',(0.00522823125244011,0.0155553249767351,0.0166016326262865));
#2738=CARTESIAN_POINT('',(0.00544635587330432,0.01553731790098,0.0166272378337649));
#2739=CARTESIAN_POINT('',(0.00579210506272081,0.0153910572421721,0.0166791090254799));
#2740=CARTESIAN_POINT('',(0.00600116494236476,0.0152284940882061,0.0166908584212917));
#2741=CARTESIAN_POINT('',(0.00612715060695793,0.0150885205412037,0.0166873436662628));
#2742=CARTESIAN_POINT('',(0.00623670696748905,0.014941862771618,0.0166779909717883));
#2743=CARTESIAN_POINT('',(0.00634315233588069,0.0147302284018139,0.0166497362429604));
#2744=CARTESIAN_POINT('',(0.00641361964522887,0.0144506356702727,0.0166080919503611));
#2745=CARTESIAN_POINT('',(0.00641930121227898,0.0142972082280887,0.0165988026468879));
#2746=CARTESIAN_POINT('',(0.00642024677205751,0.0142073536911647,0.0165976291626575));
#2747=CARTESIAN_POINT('',(0.00506776401093656,0.0155799637754258,0.0165731593261779));
#2748=CARTESIAN_POINT('',(0.00509872581976517,0.0155796057364447,0.0165736043672951));
#2749=CARTESIAN_POINT('',(0.00522901574183387,0.0155747350230328,0.0165775158631962));
#2750=CARTESIAN_POINT('',(0.00544825895612847,0.0155571256489076,0.01660548994212));
#2751=CARTESIAN_POINT('',(0.00580007192598419,0.0154086617225044,0.0166622698627232));
#2752=CARTESIAN_POINT('',(0.00601358492346878,0.0152426356027937,0.0166752039655089));
#2753=CARTESIAN_POINT('',(0.00614209608065053,0.0150998232479002,0.0166713153341607));
#2754=CARTESIAN_POINT('',(0.00625395638857418,0.0149501424135412,0.0166610793583663));
#2755=CARTESIAN_POINT('',(0.00636224326516863,0.0147344764634038,0.0166300915124159));
#2756=CARTESIAN_POINT('',(0.00643324304082833,0.0144515485077995,0.0165846219462813));
#2757=CARTESIAN_POINT('',(0.00643889276288956,0.0142977877563899,0.0165745254494946));
#2758=CARTESIAN_POINT('',(0.00643992980376911,0.014207897217749,0.0165732404818448));
#2759=CARTESIAN_POINT('',(0.0064399297977249,0.0142078977416577,0.016573240489334));
#2760=CARTESIAN_POINT('',(0.00643857612050184,0.0143252331844534,0.0165749178019954));
#2761=CARTESIAN_POINT('',(0.00644256996607651,0.0145849061292087,0.0166029779049397));
#2762=CARTESIAN_POINT('',(0.00610996823775109,0.0152489249567649,0.0167081216418712));
#2763=CARTESIAN_POINT('',(0.00544170189008057,0.0155846632865918,0.0166027259265262));
#2764=CARTESIAN_POINT('',(0.00518510042760316,0.0155786069098983,0.0165748459049641));
#2765=CARTESIAN_POINT('',(0.00506776401093656,0.0155799637754258,0.0165731593261779));
#2766=CARTESIAN_POINT('',(0.00506776401140932,0.0155799637760372,0.0165731593254201));
#2767=CARTESIAN_POINT('',(0.00505802631138131,0.015002122318997,0.0168270780823954));
#2768=CARTESIAN_POINT('',(0.00506016173808975,0.0152213599096927,0.0168620381750812));
#2769=CARTESIAN_POINT('',(0.00506383733816041,0.0154566174535544,0.0167577307286599));
#2770=CARTESIAN_POINT('',(0.00506776104616922,0.0155778899945806,0.0165718066006966));
#2771=CARTESIAN_POINT('',(0.0050579766700994,0.0150012233218943,0.0168327188385837));
#2772=CARTESIAN_POINT('',(0.00505797667090517,0.0150012233246839,0.0168327187811375));
#2773=CARTESIAN_POINT('',(0.00517522403633328,0.0150031586122729,0.0168344572313999));
#2774=CARTESIAN_POINT('',(0.00540838498875566,0.0150166052472207,0.0168380378106374));
#2775=CARTESIAN_POINT('',(0.00575641227583829,0.0148965159621353,0.0168399406833281));
#2776=CARTESIAN_POINT('',(0.00587645555758278,0.0145493781503951,0.0168380378663984));
#2777=CARTESIAN_POINT('',(0.00586318679234994,0.014315339752192,0.0168344600891494));
#2778=CARTESIAN_POINT('',(0.00586125544947612,0.014198092520221,0.0168327219658731));
#2779=CARTESIAN_POINT('',(0.00506849922237235,0.0150931750795218,0.0162556473800044));
#2780=CARTESIAN_POINT('',(1.00503294618041E-5,0.0149495896308503,0.0167688871437747));
#2781=CARTESIAN_POINT('',(0.00171646792002011,0.0149563802718957,0.0167870975119038));
#2782=CARTESIAN_POINT('',(0.00339911096967734,0.0149738655264355,0.0168079754780227));
#2783=CARTESIAN_POINT('',(0.00505802631045406,0.0150021223374408,0.0168270780853268));
#2784=CARTESIAN_POINT('',(0.00506776104610812,0.0155778899945149,0.0165718066007975));
#2785=CARTESIAN_POINT('',(0.00338183905355299,0.0155914704241408,0.0165546823071516));
#2786=CARTESIAN_POINT('',(0.00169591760761446,0.0156050660279049,0.0165375134041046));
#2787=CARTESIAN_POINT('',(9.99670768615413E-6,0.0156186761026197,0.0165202995926735));
#2788=CARTESIAN_POINT('',(0.00789626246245154,0.0159027050398466,0.0142640056715032));
#2789=CARTESIAN_POINT('',(0.00776832447746386,0.0157401459420207,0.014534658402037));
#2790=CARTESIAN_POINT('',(0.00738997147600881,0.0152752714489932,0.0152572841321709));
#2791=CARTESIAN_POINT('',(0.00694524398289192,0.0147671362264399,0.0159190357221809));
#2792=CARTESIAN_POINT('',(0.00657670123609413,0.0143582967467059,0.0164014751066658));
#2793=CARTESIAN_POINT('',(0.00650870134533709,0.0142833151504355,0.0164880300444101));
#2794=CARTESIAN_POINT('',(0.00643982118782699,0.0142077781033217,0.0165733750628459));
#2795=CARTESIAN_POINT('',(0.00786846284610858,0.0160550001810533,0.0143228157432089));
#2796=CARTESIAN_POINT('',(0.00773682716578897,0.0158953771706981,0.0145972021454565));
#2797=CARTESIAN_POINT('',(0.0073475448177891,0.015436861449057,0.0153291134408279));
#2798=CARTESIAN_POINT('',(0.00689122715103066,0.014931406407417,0.0159964946646265));
#2799=CARTESIAN_POINT('',(0.00651432864609582,0.014523725657164,0.0164816345109301));
#2800=CARTESIAN_POINT('',(0.0064448202027684,0.0144489121022626,0.0165686325254428));
#2801=CARTESIAN_POINT('',(0.00637446656536328,0.014373513670573,0.0166543518152323));
#2802=CARTESIAN_POINT('',(0.00780355100851829,0.0163585944356797,0.0144355632353595));
#2803=CARTESIAN_POINT('',(0.00766446730105936,0.0162050048534222,0.0147171406863864));
#2804=CARTESIAN_POINT('',(0.00725344365385025,0.0157597201878749,0.0154669930408892));
#2805=CARTESIAN_POINT('',(0.00677430913934873,0.0152600566806823,0.01614519090713));
#2806=CARTESIAN_POINT('',(0.00638105856905372,0.0148549380524393,0.0166356075081684));
#2807=CARTESIAN_POINT('',(0.00630861475634742,0.0147805089805775,0.0167234495789803));
#2808=CARTESIAN_POINT('',(0.00623538479426472,0.0147054261974782,0.0168099041670977));
#2809=CARTESIAN_POINT('',(0.00747990470380799,0.0167584424735137,0.0144714810914356));
#2810=CARTESIAN_POINT('',(0.0073317440878172,0.0166135009907958,0.0147553591609856));
#2811=CARTESIAN_POINT('',(0.00689849694854545,0.0161877440916216,0.015510977936037));
#2812=CARTESIAN_POINT('',(0.00640429619909217,0.0156977057004874,0.0161926076390182));
#2813=CARTESIAN_POINT('',(0.00600186172671206,0.0152974110117854,0.0166847223183625));
#2814=CARTESIAN_POINT('',(0.00592784700943484,0.0152237306221682,0.0167728489374613));
#2815=CARTESIAN_POINT('',(0.0058531341668932,0.0151493159860068,0.0168595484923137));
#2816=CARTESIAN_POINT('',(0.00710325001748863,0.016970946033832,0.0143938319393226));
#2817=CARTESIAN_POINT('',(0.00694737304254782,0.0168346845496955,0.0146727663942853));
#2818=CARTESIAN_POINT('',(0.00649703726227999,0.0164318321466494,0.0154160475780638));
#2819=CARTESIAN_POINT('',(0.00599514752357273,0.0159612542046002,0.0160901646131534));
#2820=CARTESIAN_POINT('',(0.00558917608268967,0.0155739794582016,0.0165787015540717));
#2821=CARTESIAN_POINT('',(0.00551462786698031,0.0155025984671717,0.016666250278166));
#2822=CARTESIAN_POINT('',(0.00543945604267049,0.0154303926909773,0.0167524632600192));
#2823=CARTESIAN_POINT('',(0.00687713774544844,0.0170151159230975,0.0143078161207546));
#2824=CARTESIAN_POINT('',(0.00671675833142069,0.0168844568501854,0.014581279567038));
#2825=CARTESIAN_POINT('',(0.00625653253562223,0.0164980174488794,0.0153109224870989));
#2826=CARTESIAN_POINT('',(0.00575027453794922,0.0160448399901088,0.0159767800096353));
#2827=CARTESIAN_POINT('',(0.00534232440656796,0.0156700827058435,0.0164613383228402));
#2828=CARTESIAN_POINT('',(0.0052674762486183,0.0156009501611323,0.0165482524639638));
#2829=CARTESIAN_POINT('',(0.00519205154503751,0.0155309457197824,0.0166339191400024));
#2830=CARTESIAN_POINT('',(0.00676292773893146,0.0170359427214644,0.0142636683707831));
#2831=CARTESIAN_POINT('',(0.00660034710435919,0.0169080612035226,0.0145343323166916));
#2832=CARTESIAN_POINT('',(0.00613534957215793,0.0165298190559117,0.015257017974117));
#2833=CARTESIAN_POINT('',(0.00562708952460819,0.0160853380921923,0.0159186375281362));
#2834=CARTESIAN_POINT('',(0.00521827063698639,0.0157168618171976,0.0164011815205871));
#2835=CARTESIAN_POINT('',(0.00514329479089977,0.0156488617789282,0.0164877678373701));
#2836=CARTESIAN_POINT('',(0.00506776401093623,0.0155799637754259,0.0165731593261778));
#2837=CARTESIAN_POINT('',(0.00789626204145031,0.0159027050398466,0.0142640054724752));
#2838=CARTESIAN_POINT('',(0.0078024065431432,0.015783461277799,0.0144625366853571));
#2839=CARTESIAN_POINT('',(0.00764801981641303,0.0155920976852633,0.0147655119295578));
#2840=CARTESIAN_POINT('',(0.00741768838002626,0.0153162872016468,0.0151703196045081));
#2841=CARTESIAN_POINT('',(0.00722499281457993,0.0150904260814309,0.0154846654128212));
#2842=CARTESIAN_POINT('',(0.00704230812990668,0.0148802566799212,0.0157627831302942));
#2843=CARTESIAN_POINT('',(0.00687913284370342,0.014695446362994,0.0159965504517113));
#2844=CARTESIAN_POINT('',(0.00674669054623085,0.0145471069119073,0.0161776062495763));
#2845=CARTESIAN_POINT('',(0.00666433982721846,0.0144554323265312,0.0162871426660769));
#2846=CARTESIAN_POINT('',(0.00660115075046646,0.0143854666647229,0.0163692045324926));
#2847=CARTESIAN_POINT('',(0.0065735599623258,0.014354942417193,0.0164047919729736));
#2848=CARTESIAN_POINT('',(0.00651147372691397,0.0142865066365135,0.016484040301204));
#2849=CARTESIAN_POINT('',(0.0064597648883612,0.0142300449220094,0.0165486691543215));
#2850=CARTESIAN_POINT('',(0.00644225414062846,0.0142106529278367,0.0165703604626183));
#2851=CARTESIAN_POINT('',(0.00643992980376669,0.0142078383168862,0.0165732404818478));
#2852=CARTESIAN_POINT('',(0.00789626237825129,0.0159027050398466,0.0142640056316976));
#2853=CARTESIAN_POINT('',(0.00676292912553835,0.0170354940299201,0.0142635192421479));
#2854=CARTESIAN_POINT('',(0.00737883102982103,0.0169546581522451,0.014512100779158));
#2855=CARTESIAN_POINT('',(0.00781515281996848,0.0165191980245276,0.014512595477321));
#2856=CARTESIAN_POINT('',(0.00789594281986701,0.0159027061441668,0.0142638990968569));
#2857=CARTESIAN_POINT('',(0.00676292749880756,0.0170359449184064,0.0142636698964305));
#2858=CARTESIAN_POINT('',(0.00676292749931783,0.0170359425329908,0.0142636687696915));
#2859=CARTESIAN_POINT('',(0.00625406556968762,0.016635685525557,0.015110821130612));
#2860=CARTESIAN_POINT('',(0.00567787164429185,0.0161364944756252,0.0158834008042836));
#2861=CARTESIAN_POINT('',(0.00506776401093623,0.0155799637754259,0.0165731593261778));
#2862=CARTESIAN_POINT('',(0.00643992980376783,0.00915000000000245,0.0165732404818478));
#2863=CARTESIAN_POINT('',(0.00643992980376582,0.0180494327212184,0.0165732404818478));
#2864=CARTESIAN_POINT('',(0.00728586095067091,0.00915000000000262,0.0155250714277256));
#2865=CARTESIAN_POINT('',(0.0072858609506689,0.0180494327212185,0.0155250714277256));
#2866=CARTESIAN_POINT('',(0.00859175872217414,0.00915000000000302,0.0131455202779336));
#2867=CARTESIAN_POINT('',(0.00859175872217213,0.0180494327212189,0.0131455202779336));
#2868=CARTESIAN_POINT('',(0.00903574066500005,0.00915000000000301,0.0104862182986641));
#2869=CARTESIAN_POINT('',(0.00903574066499804,0.0180494327212189,0.0104862182986641));
#2870=CARTESIAN_POINT('',(0.00915999999999793,0.00915000000000307,0.00915000000000307));
#2871=CARTESIAN_POINT('',(0.00915999999999592,0.018049432721219,0.00915000000000307));
#2872=CARTESIAN_POINT('',(0.00915999999999764,0.0179963545936571,0.00915000000000311));
#2873=CARTESIAN_POINT('',(0.00915999999999773,0.0150475697291058,0.00915000000000311));
#2874=CARTESIAN_POINT('',(0.00915999999999783,0.0120987848645544,0.00915000000000311));
#2875=CARTESIAN_POINT('',(0.00915999999999794,0.00915000000000311,0.00915000000000311));
#2876=CARTESIAN_POINT('',(0.00915999999983735,0.0179963546059632,0.00915000000171291));
#2877=CARTESIAN_POINT('',(0.00915999999999593,0.0179963545936517,0.00915000000000307));
#2878=CARTESIAN_POINT('',(0.00907104924284909,0.0177379632246454,0.0101065287741307));
#2879=CARTESIAN_POINT('',(0.00892743090042479,0.0174305745399975,0.0110307524179491));
#2880=CARTESIAN_POINT('',(0.00871599229697265,0.0170741885397078,0.0119024858604267));
#2881=CARTESIAN_POINT('',(0.00871599228272002,0.0170741885158053,0.0119024859191884));
#2882=CARTESIAN_POINT('',(0.00871185917814661,0.0170687971912472,0.0119156313690542));
#2883=CARTESIAN_POINT('',(0.00871250685130256,0.0170706152132524,0.0119111515049215));
#2884=CARTESIAN_POINT('',(0.00871314902989338,0.0170724464695186,0.0119066789010329));
#2885=CARTESIAN_POINT('',(0.0087137858444164,0.0170742909359683,0.0119022136563121));
#2886=CARTESIAN_POINT('',(0.00871276932937795,0.0170687592902689,0.0119157475707002));
#2887=CARTESIAN_POINT('',(0.00871276925608322,0.0170687592902689,0.0119157475528515));
#2888=CARTESIAN_POINT('',(0.00850930543757464,0.0167263572812498,0.0127512637056775));
#2889=CARTESIAN_POINT('',(0.0082424867887874,0.0163419221861074,0.0135276021001372));
#2890=CARTESIAN_POINT('',(0.0079062874691396,0.0159154540048415,0.0142427396373939));
#2891=CARTESIAN_POINT('',(0.00790628745522942,0.0159154539873086,0.0142427396669826));
#2892=CARTESIAN_POINT('',(0.00789594281986701,0.0159027061441668,0.0142638990968569));
#2893=CARTESIAN_POINT('',(0.00789842623661856,0.0159069225666103,0.0142564944326557));
#2894=CARTESIAN_POINT('',(0.00790087852408267,0.0159111813889319,0.014249118342407));
#2895=CARTESIAN_POINT('',(0.00790330029412211,0.0159154823129806,0.014241771625844));
#2896=CARTESIAN_POINT('',(0.00738741026775662,0.0165261122077691,0.0136439818062098));
#2897=CARTESIAN_POINT('',(0.00790330031872155,0.0159154823560769,0.0142417715512015));
#2898=CARTESIAN_POINT('',(0.007828326272858,0.0165324658541573,0.0144911822060249));
#2899=CARTESIAN_POINT('',(0.00739237040105245,0.0169678052382405,0.0144907735947399));
#2900=CARTESIAN_POINT('',(0.00677570629032771,0.0170428470217254,0.0142413171259967));
#2901=CARTESIAN_POINT('',(0.00677567784868573,0.0170459969657711,0.0142423350044274));
#2902=CARTESIAN_POINT('',(0.00677570621088789,0.0170428467088833,0.014241318092209));
#2903=CARTESIAN_POINT('',(0.00677140455576404,0.0170404267280048,0.0142486895946383));
#2904=CARTESIAN_POINT('',(0.00676714532916922,0.0170379758990041,0.0142560906774884));
#2905=CARTESIAN_POINT('',(0.00676292883256959,0.0170354936011018,0.0142635205294913));
#2906=CARTESIAN_POINT('',(0.00871276934770163,0.0170687592902689,0.0119157475751623));
#2907=CARTESIAN_POINT('',(0.0086275296312114,0.0169253043040323,0.0122658020626826));
#2908=CARTESIAN_POINT('',(0.0084038560636904,0.0165736792905774,0.0130600169230314));
#2909=CARTESIAN_POINT('',(0.00810175435761772,0.0161634033716193,0.0138269573883704));
#2910=CARTESIAN_POINT('',(0.00790628746916319,0.0159154540048414,0.0142427396373437));
#2911=CARTESIAN_POINT('',(0.00870642633501077,0.0171820008144875,0.0119417964658369));
#2912=CARTESIAN_POINT('',(0.00861951650878779,0.0170461964264665,0.0122959928362946));
#2913=CARTESIAN_POINT('',(0.00839080564489971,0.0167105475640062,0.0131009738572786));
#2914=CARTESIAN_POINT('',(0.00808002454331084,0.0163111290159112,0.0138796898721388));
#2915=CARTESIAN_POINT('',(0.0078787811269372,0.0160675238685585,0.0143012490295093));
#2916=CARTESIAN_POINT('',(0.00868611203621531,0.0174067114671812,0.0119916048532727));
#2917=CARTESIAN_POINT('',(0.00859542475687324,0.0172862056424423,0.0123537576921012));
#2918=CARTESIAN_POINT('',(0.00835582427247065,0.0169826133113934,0.013179370360387));
#2919=CARTESIAN_POINT('',(0.00802728304809717,0.0166052234249826,0.0139807292351483));
#2920=CARTESIAN_POINT('',(0.00781445935909272,0.0163706539630324,0.0144134171287203));
#2921=CARTESIAN_POINT('',(0.0084587974367663,0.0176991458121623,0.0120075099701133));
#2922=CARTESIAN_POINT('',(0.00835153223231953,0.0175988914181232,0.0123721834180202));
#2923=CARTESIAN_POINT('',(0.00807586183079494,0.0173381508197088,0.0132043558904771));
#2924=CARTESIAN_POINT('',(0.00771808592455133,0.0169914958810211,0.0140129190650457));
#2925=CARTESIAN_POINT('',(0.00749152643508987,0.0167698360284974,0.0144491314472967));
#2926=CARTESIAN_POINT('',(0.00818121877010654,0.0178361634114169,0.0119733053471411));
#2927=CARTESIAN_POINT('',(0.00805492863290753,0.0177469958212278,0.012332508778029));
#2928=CARTESIAN_POINT('',(0.00773924177709905,0.0175117043254412,0.0131504143286298));
#2929=CARTESIAN_POINT('',(0.00735348462419835,0.0171900157282065,0.0139433352024869));
#2930=CARTESIAN_POINT('',(0.00711547539157929,0.016981660444714,0.0143718555444065));
#2931=CARTESIAN_POINT('',(0.00801383223890883,0.0178475855121594,0.0119353292450478));
#2932=CARTESIAN_POINT('',(0.00787615242445193,0.0177610260498195,0.0122884583062579));
#2933=CARTESIAN_POINT('',(0.00753660620653396,0.0175334917041992,0.0130906030446024));
#2934=CARTESIAN_POINT('',(0.00713445066748748,0.0172250194473038,0.0138662428332479));
#2935=CARTESIAN_POINT('',(0.00688971574860669,0.0170253873738385,0.0142862641767522));
#2936=CARTESIAN_POINT('',(0.00792889788410019,0.0178523091894998,0.0119157983915166));
#2937=CARTESIAN_POINT('',(0.00778548013653822,0.0177669974935203,0.0122658173359354));
#2938=CARTESIAN_POINT('',(0.00743395539518236,0.0175432393034736,0.0130598682462377));
#2939=CARTESIAN_POINT('',(0.00702366401093619,0.0172412860827802,0.0138266579505847));
#2940=CARTESIAN_POINT('',(0.00677567784920425,0.0170459943849143,0.0142423337921385));
#2941=CARTESIAN_POINT('',(0.00792893247691464,0.0178515192941832,0.0119156957422864));
#2942=CARTESIAN_POINT('',(0.00838078968741083,0.0178572423631446,0.0120239321133952));
#2943=CARTESIAN_POINT('',(0.00871688063517815,0.0175214306645764,0.0120239292401437));
#2944=CARTESIAN_POINT('',(0.00871185917814661,0.0170687971912472,0.0119156313690542));
#2945=CARTESIAN_POINT('',(0.00792889788388339,0.0178523097677156,0.0119157985323376));
#2946=CARTESIAN_POINT('',(0.00792889788411509,0.017852309189499,0.01191579839152));
#2947=CARTESIAN_POINT('',(0.00760094511986648,0.0176572272906749,0.0127161852495886));
#2948=CARTESIAN_POINT('',(0.00721639500250441,0.0173930637558072,0.0135036011455398));
#2949=CARTESIAN_POINT('',(0.00677567784922322,0.0170459943849109,0.0142423337921458));
#2950=CARTESIAN_POINT('',(0.00824383496786383,0.0173848444047943,0.0115151188302733));
#2951=CARTESIAN_POINT('',(0.00871378586523782,0.0170742909958446,0.0119022135101534));
#2952=CARTESIAN_POINT('',(0.00872143607802948,0.0175259658007743,0.0120101523896311));
#2953=CARTESIAN_POINT('',(0.00838552213484317,0.0178618310175739,0.0120102078364584));
#2954=CARTESIAN_POINT('',(0.00793442431522172,0.0178534887115855,0.0119022757002246));
#2955=CARTESIAN_POINT('',(0.00793432353158745,0.0178555354643763,0.0119025387908023));
#2956=CARTESIAN_POINT('',(0.00793442302891379,0.0178534879298708,0.0119022814201731));
#2957=CARTESIAN_POINT('',(0.00793257970188852,0.0178528370526139,0.0119067456188219));
#2958=CARTESIAN_POINT('',(0.00793074954784411,0.0178521808810648,0.011911217125767));
#2959=CARTESIAN_POINT('',(0.00792893259096241,0.0178515192861154,0.011915695842803));
#2960=CARTESIAN_POINT('',(0.00916000000000348,0.0179963545936517,0.00914999999992186));
#2961=CARTESIAN_POINT('',(0.00910028817813685,0.0178228988537131,0.00979210893305758));
#2962=CARTESIAN_POINT('',(0.00897668890486964,0.0175361586795749,0.0107150714669282));
#2963=CARTESIAN_POINT('',(0.00878359684507472,0.0171881379988233,0.0116237612354907));
#2964=CARTESIAN_POINT('',(0.00871599229697263,0.0170741885397078,0.0119024858604267));
#2965=CARTESIAN_POINT('',(0.00915961265318684,0.0180415335608211,0.00915416532003746));
#2966=CARTESIAN_POINT('',(0.00909950981070507,0.0178848319035671,0.00979904569561592));
#2967=CARTESIAN_POINT('',(0.0089749222156635,0.0176218711277181,0.0107280542029289));
#2968=CARTESIAN_POINT('',(0.00877864339411686,0.017294996106184,0.0116463463009855));
#2969=CARTESIAN_POINT('',(0.00870971239410974,0.0171871400597668,0.011928377070696));
#2970=CARTESIAN_POINT('',(0.00915562811820661,0.0181309895308256,0.00916211358993279));
#2971=CARTESIAN_POINT('',(0.00909358310887946,0.0180075503861199,0.00981228582520075));
#2972=CARTESIAN_POINT('',(0.00896540167988741,0.01779168366594,0.0107528388634538));
#2973=CARTESIAN_POINT('',(0.00876147435024031,0.0175069414199886,0.0116895193548657));
#2974=CARTESIAN_POINT('',(0.00868954629395392,0.0174112697152653,0.0119778841703564));
#2975=CARTESIAN_POINT('',(0.00906709792520937,0.0182467581000247,0.00916464657613239));
#2976=CARTESIAN_POINT('',(0.00897193028733869,0.0181663838411089,0.00981651171653884));
#2977=CARTESIAN_POINT('',(0.00879636049379674,0.0180117875275827,0.0107607686985339));
#2978=CARTESIAN_POINT('',(0.00854798369996823,0.0177824825137646,0.0117033120675233));
#2979=CARTESIAN_POINT('',(0.0084628562367489,0.0177029379721674,0.0119936912204632));
#2980=CARTESIAN_POINT('',(0.00895688393022024,0.0182982797188669,0.00915918857900713));
#2981=CARTESIAN_POINT('',(0.00882077280684739,0.0182373893997902,0.00980742674623303));
#2982=CARTESIAN_POINT('',(0.00858696860328637,0.0181110360951723,0.010743785858339));
#2983=CARTESIAN_POINT('',(0.00828627778060944,0.0179102547724187,0.0116736836923564));
#2984=CARTESIAN_POINT('',(0.00818599897714664,0.0178395358798912,0.0119596932004269));
#2985=CARTESIAN_POINT('',(0.0088902388190548,0.0182997094898949,0.00915312399000463));
#2986=CARTESIAN_POINT('',(0.00872934872843353,0.0182397017440161,0.00979733033198363));
#2987=CARTESIAN_POINT('',(0.00846046138086853,0.0181152273192814,0.0107249006029631));
#2988=CARTESIAN_POINT('',(0.0081283928263197,0.0179195098280418,0.0116407733471395));
#2989=CARTESIAN_POINT('',(0.00801904242811905,0.0178508594679384,0.0119219462966753));
#2990=CARTESIAN_POINT('',(0.00885635459367786,0.0183000000000111,0.00914999999991743));
#2991=CARTESIAN_POINT('',(0.00868289885373851,0.0182402862354634,0.0097921298236104));
#2992=CARTESIAN_POINT('',(0.00839617520891752,0.0181165390983685,0.0107151753310837));
#2993=CARTESIAN_POINT('',(0.00804824580208661,0.0179231947402106,0.0116238439848485));
#2994=CARTESIAN_POINT('',(0.00793432569231966,0.0178555359763903,0.0119025333184096));
#2995=CARTESIAN_POINT('',(0.00916000000000348,0.0179963545936517,0.00914999999992186));
#2996=CARTESIAN_POINT('',(0.00915932214307435,0.0180754177861981,0.00915728931012426));
#2997=CARTESIAN_POINT('',(0.00911281277110976,0.0182536467004799,0.00916953834364563));
#2998=CARTESIAN_POINT('',(0.00893541778622405,0.0182993221430733,0.00915728931012079));
#2999=CARTESIAN_POINT('',(0.00885635459367786,0.0183000000000111,0.00914999999991743));
#3000=CARTESIAN_POINT('',(0.00885635459367274,0.018300000000007,0.00914999999996053));
#3001=CARTESIAN_POINT('',(0.00885635459367786,0.0183000000000111,0.00914999999991743));
#3002=CARTESIAN_POINT('',(0.00860547499776095,0.0182136323472275,0.0100787514540381));
#3003=CARTESIAN_POINT('',(0.00830346554907098,0.0180747733563023,0.0109994852009239));
#3004=CARTESIAN_POINT('',(0.00793432569231966,0.0178555359763903,0.0119025333184096));
#3005=CARTESIAN_POINT('',(0.00916126756629495,0.0180000852557708,0.00913636927130522));
#3006=CARTESIAN_POINT('',(0.00916125851279355,0.0180000586097861,0.00913646662780766));
#3007=CARTESIAN_POINT('',(0.00916124945929214,0.0180000319638015,0.00913656398431011));
#3008=CARTESIAN_POINT('',(0.00916124040579072,0.0180000053178168,0.00913666134081256));
#3009=CARTESIAN_POINT('',(0.00916082693714688,0.0179987884097231,0.00914110756103289));
#3010=CARTESIAN_POINT('',(0.00916041346854348,0.0179975715016407,0.00914555378081819));
#3011=CARTESIAN_POINT('',(0.00916000000000348,0.0179963545936517,0.00914999999992186));
#3012=CARTESIAN_POINT('',(0.00916088335070762,0.0180448977456689,0.00914050080267736));
#3013=CARTESIAN_POINT('',(0.00916087428706202,0.0180448737135631,0.00914059840130966));
#3014=CARTESIAN_POINT('',(0.00916086522341641,0.0180448496814573,0.00914069599994196));
#3015=CARTESIAN_POINT('',(0.0091608561597708,0.0180448256493515,0.00914079359857425));
#3016=CARTESIAN_POINT('',(0.00916044222784678,0.0180437281157284,0.00914525087673734));
#3017=CARTESIAN_POINT('',(0.00916002652536495,0.0180426311122071,0.00914970803910649));
#3018=CARTESIAN_POINT('',(0.00915961265318683,0.0180415335608211,0.00915416532003765));
#3019=CARTESIAN_POINT('',(0.00915701203505886,0.0181336245008715,0.00914839178912802));
#3020=CARTESIAN_POINT('',(0.00915700271432816,0.0181336056567859,0.0091484898463042));
#3021=CARTESIAN_POINT('',(0.00915699339359746,0.0181335868127004,0.00914858790348037));
#3022=CARTESIAN_POINT('',(0.00915698407286675,0.0181335679686148,0.00914868596065655));
#3023=CARTESIAN_POINT('',(0.00915655840000178,0.0181327073691463,0.00915316418027733));
#3024=CARTESIAN_POINT('',(0.00915613383070994,0.0181318464192545,0.00915764246949609));
#3025=CARTESIAN_POINT('',(0.00915570868362308,0.0181309858702472,0.00916212074156721));
#3026=CARTESIAN_POINT('',(0.00906916343524746,0.018248428133695,0.00915089842631414));
#3027=CARTESIAN_POINT('',(0.00906914900749813,0.0182484159767237,0.00915099663042861));
#3028=CARTESIAN_POINT('',(0.00906913457974879,0.0182484038197524,0.00915109483454308));
#3029=CARTESIAN_POINT('',(0.00906912015199945,0.0182483916627811,0.00915119303865754));
#3030=CARTESIAN_POINT('',(0.00906846124428182,0.0182478364603014,0.00915567796887269));
#3031=CARTESIAN_POINT('',(0.00906780055132306,0.0182472822330494,0.00916016282332092));
#3032=CARTESIAN_POINT('',(0.00906714204772842,0.0182467275253215,0.00916464783598938));
#3033=CARTESIAN_POINT('',(0.00895980146161034,0.0182995667089172,0.00914548404097269));
#3034=CARTESIAN_POINT('',(0.00895978062748505,0.018299557555585,0.00914558192865546));
#3035=CARTESIAN_POINT('',(0.00895975979335977,0.0182995484022528,0.00914567981633823));
#3036=CARTESIAN_POINT('',(0.00895973895923449,0.0182995392489206,0.00914577770402101));
#3037=CARTESIAN_POINT('',(0.00895878747569951,0.0182991212210576,0.00915024818296728));
#3038=CARTESIAN_POINT('',(0.00895783780867737,0.0182987022976145,0.00915471874711149));
#3039=CARTESIAN_POINT('',(0.00895688626855708,0.0182982846442674,0.0091591892544872));
#3040=CARTESIAN_POINT('',(0.00889369460646961,0.018300979418423,0.0091394679195624));
#3041=CARTESIAN_POINT('',(0.0088936699398691,0.018300970341641,0.00913956545796935));
#3042=CARTESIAN_POINT('',(0.00889364527326858,0.0183009612648591,0.0091396629963763));
#3043=CARTESIAN_POINT('',(0.00889362060666805,0.0183009521880771,0.00913976053478326));
#3044=CARTESIAN_POINT('',(0.00889249409600637,0.0183005376562234,0.00914421506248665));
#3045=CARTESIAN_POINT('',(0.00889136525097897,0.0183001240529429,0.00914866945901722));
#3046=CARTESIAN_POINT('',(0.00889023881905488,0.0182997094898948,0.00915312399000588));
#3047=CARTESIAN_POINT('',(0.00886008525575505,0.0183012675663129,0.00913636927130355));
#3048=CARTESIAN_POINT('',(0.00886005860977041,0.0183012585128115,0.00913646662780599));
#3049=CARTESIAN_POINT('',(0.00886003196378577,0.0183012494593101,0.00913656398430843));
#3050=CARTESIAN_POINT('',(0.00886000531780114,0.0183012404058087,0.00913666134081088));
#3051=CARTESIAN_POINT('',(0.00885878840970864,0.0183008269371646,0.00914110756103118));
#3052=CARTESIAN_POINT('',(0.00885757150166691,0.018300413468551,0.00914555378081501));
#3053=CARTESIAN_POINT('',(0.00885635459367795,0.0183000000000109,0.00914999999991868));
#3054=CARTESIAN_POINT('',(0.00915999999999593,0.0179963546059632,0.00915000000000307));
#3055=CARTESIAN_POINT('',(0.00915999999949913,0.0180789290240774,0.00915000000000307));
#3056=CARTESIAN_POINT('',(0.00911471037932271,0.0182551258985664,0.00915000000004427));
#3057=CARTESIAN_POINT('',(0.00893887072340225,0.018300000000006,0.00914999999992072));
#3058=CARTESIAN_POINT('',(0.00885635459369979,0.0183000000000107,0.0091499999999207));
#3059=CARTESIAN_POINT('',(0.00885635459368021,0.018300000000003,0.009150000000003));
#3060=CARTESIAN_POINT('',(0.00877322746820964,0.0182137565127389,0.010077416244625));
#3061=CARTESIAN_POINT('',(0.00863508359220251,0.018070215216711,0.0110200338991849));
#3062=CARTESIAN_POINT('',(0.00823261029528787,0.0176527033438959,0.0127383263636654));
#3063=CARTESIAN_POINT('',(0.0079797998610209,0.0173905298669609,0.013510991881633));
#3064=CARTESIAN_POINT('',(0.00727177140427442,0.0166581824185438,0.0150670390674791));
#3065=CARTESIAN_POINT('',(0.00680272780307367,0.0161736914610521,0.0158368433496945));
#3066=CARTESIAN_POINT('',(0.0062305230727275,0.0155833951190026,0.016568941246485));
#3067=CARTESIAN_POINT('',(0.00590756972911876,0.0183000000000023,0.00915000000000233));
#3068=CARTESIAN_POINT('',(0.00585215164547166,0.0182111800101628,0.010104871294331));
#3069=CARTESIAN_POINT('',(0.00576040456350334,0.0180619411471542,0.0110616600141742));
#3070=CARTESIAN_POINT('',(0.00549340750982834,0.0176344357204244,0.0127927454221678));
#3071=CARTESIAN_POINT('',(0.00532657611427745,0.0173674154086891,0.01356532698604));
#3072=CARTESIAN_POINT('',(0.00485345904941199,0.0166333643535853,0.0151079068801043));
#3073=CARTESIAN_POINT('',(0.0045389679349416,0.0161529706991378,0.0158634484443118));
#3074=CARTESIAN_POINT('',(0.00415709588917225,0.0155772436595438,0.0165765307320246));
#3075=CARTESIAN_POINT('',(0.00295878486455731,0.0183000000000017,0.00915000000000167));
#3076=CARTESIAN_POINT('',(0.00293107582273365,0.0182086468867678,0.0101323624240807));
#3077=CARTESIAN_POINT('',(0.00288459894047298,0.0180613949331639,0.0110765632036761));
#3078=CARTESIAN_POINT('',(0.00274881999132786,0.0176354668147992,0.0128057357929201));
#3079=CARTESIAN_POINT('',(0.00266244861201175,0.0173609923682447,0.0135930288926075));
#3080=CARTESIAN_POINT('',(0.00242778932865888,0.016616525414602,0.0151382710250432));
#3081=CARTESIAN_POINT('',(0.0022736490387146,0.0161335359287809,0.0158875947578376));
#3082=CARTESIAN_POINT('',(0.00208340870007189,0.0155712922963046,0.0165837045693308));
#3083=CARTESIAN_POINT('',(9.99999999585812E-6,0.018300000000001,0.009150000000001));
#3084=CARTESIAN_POINT('',(9.99999999565103E-6,0.0182060920737823,0.0101598355138086));
#3085=CARTESIAN_POINT('',(9.99999999546909E-6,0.0180525835918941,0.0111200990764351));
#3086=CARTESIAN_POINT('',(9.99999999517495E-6,0.017615820370794,0.0128630942290454));
#3087=CARTESIAN_POINT('',(9.99999999506105E-6,0.0173366855963594,0.0136492525436713));
#3088=CARTESIAN_POINT('',(9.99999999488486E-6,0.0165911512169634,0.0151798947576605));
#3089=CARTESIAN_POINT('',(9.99999999482753E-6,0.0161127377114151,0.0159143862586852));
#3090=CARTESIAN_POINT('',(9.99999999479844E-6,0.0155651266122488,0.0165913236027982));
#3091=CARTESIAN_POINT('',(-0.00458500000000414,0.0183,0.00915));
#3092=CARTESIAN_POINT('',(9.99999999633404E-6,0.00911466584052329,0.016250000000001));
#3093=CARTESIAN_POINT('',(0.0019736224444726,0.00911473471631641,0.016248930429857));
#3094=CARTESIAN_POINT('',(0.00393720861026262,0.00911480357756242,0.0164282360696508));
#3095=CARTESIAN_POINT('',(0.00586815045281419,0.00911487246788642,0.0167849356505734));
#3096=CARTESIAN_POINT('',(9.99999999633138E-6,0.00912644389368253,0.016250000000001));
#3097=CARTESIAN_POINT('',(0.00197359948587503,0.00912648981087809,0.0162492869532385));
#3098=CARTESIAN_POINT('',(0.00393716277377922,0.00912653571837558,0.0164286103260277));
#3099=CARTESIAN_POINT('',(0.00586814299713831,0.00912658164525839,0.0167849949589133));
#3100=CARTESIAN_POINT('',(9.99999999632871E-6,0.00913822194684176,0.016250000000001));
#3101=CARTESIAN_POINT('',(0.00197357652727747,0.00913824490543977,0.01624964347662));
#3102=CARTESIAN_POINT('',(0.00393711693729581,0.00913826785918873,0.0164289845824046));
#3103=CARTESIAN_POINT('',(0.00586813554146243,0.00913829082263035,0.0167850542672533));
#3104=CARTESIAN_POINT('',(9.99999999632605E-6,0.009150000000001,0.016250000000001));
#3105=CARTESIAN_POINT('',(0.00197355356867991,0.00915000000000144,0.0162500000000015));
#3106=CARTESIAN_POINT('',(0.00393707110081241,0.00915000000000189,0.0164293588387815));
#3107=CARTESIAN_POINT('',(0.00586812808578655,0.00915000000000232,0.0167851135755933));
#3108=CARTESIAN_POINT('',(9.99999999588221E-6,0.011113073326433,0.016250000000001));
#3109=CARTESIAN_POINT('',(0.0019697270100901,0.0111092467678441,0.0163094225149965));
#3110=CARTESIAN_POINT('',(0.00392943143602826,0.011105421017455,0.0164917369500708));
#3111=CARTESIAN_POINT('',(0.00586688543233157,0.0111015936515679,0.0167949986235397));
#3112=CARTESIAN_POINT('',(9.99999999539784E-6,0.0130761105171715,0.0164292721779684));
#3113=CARTESIAN_POINT('',(0.00196590045150026,0.0130684708490981,0.0164916745961741));
#3114=CARTESIAN_POINT('',(0.0039217857872907,0.0130608264121668,0.0166206174205746));
#3115=CARTESIAN_POINT('',(0.00586564225601338,0.0130531849784137,0.0168148903801359));
#3116=CARTESIAN_POINT('',(9.99999999488094E-6,0.0150067111966676,0.0167848525814534));
#3117=CARTESIAN_POINT('',(0.00196207389291039,0.0150054635461904,0.0167947785825015));
#3118=CARTESIAN_POINT('',(0.00391414545220057,0.0150042153745912,0.0168147575762916));
#3119=CARTESIAN_POINT('',(0.00586439954398869,0.0150029676597142,0.0168446069310186));
#3120=CARTESIAN_POINT('',(1.00000028830512E-5,0.0125008901673261,0.0164241950145371));
#3121=CARTESIAN_POINT('',(0.000839414818481974,0.0116041163066625,0.0163508006277526));
#3122=CARTESIAN_POINT('',(0.0016694273097425,0.0107066962372192,0.0163323748967979));
#3123=CARTESIAN_POINT('',(0.0025,0.00980867046772999,0.0163654715774506));
#3124=CARTESIAN_POINT('',(0.0025,0.00980867046772999,0.0163654715774506));
#3125=CARTESIAN_POINT('',(0.00306296490567189,0.0091630419033916,0.0163948662351729));
#3126=CARTESIAN_POINT('',(0.00287537155427932,0.00937818076003926,0.0163823358353274));
#3127=CARTESIAN_POINT('',(0.00268771712450712,0.00959338966358712,0.0163725137256954));
#3128=CARTESIAN_POINT('',(0.0025,0.00980867046772999,0.0163654715774506));
#3129=CARTESIAN_POINT('',(0.00306296490567189,0.0091630419033916,0.0163948662351729));
#3130=CARTESIAN_POINT('',(0.0025,0.00915845112205949,0.0163463061665786));
#3131=CARTESIAN_POINT('',(0.00268779615131116,0.00915998253379936,0.0163608559922555));
#3132=CARTESIAN_POINT('',(0.00287545101012541,0.00916151279334848,0.0163770439541409));
#3133=CARTESIAN_POINT('',(0.0030629649056719,0.0091630419033916,0.0163948662351729));
#3134=CARTESIAN_POINT('',(0.0025,0.00915845112205949,0.0163463061665786));
#3135=CARTESIAN_POINT('',(0.0025,0.00915845112205949,0.0163463061665786));
#3136=CARTESIAN_POINT('',(0.0025,0.00915563529022932,0.0163462403039103));
#3137=CARTESIAN_POINT('',(0.0025,0.00915281945322312,0.0163461746638962));
#3138=CARTESIAN_POINT('',(0.0025,0.00915000361104067,0.0163461092465458));
#3139=CARTESIAN_POINT('',(-0.0059532087456395,0.0040913881553036,0.0162556860506826));
#3140=CARTESIAN_POINT('',(-0.00580987656777956,0.00914995075612258,0.0167689454396167));
#3141=CARTESIAN_POINT('',(-0.00605425906732712,0.00915148407998476,0.0168424702793403));
#3142=CARTESIAN_POINT('',(-0.00634128582394552,0.00915091096337188,0.0167359679872285));
#3143=CARTESIAN_POINT('',(-0.00647855118499595,0.00915000375937424,0.0165208126466261));
#3144=CARTESIAN_POINT('',(-0.00647969807849498,0.00915000192730385,0.0165215443524339));
#3145=CARTESIAN_POINT('',(-0.00647856552772041,0.00915000341553971,0.0165207901635112));
#3146=CARTESIAN_POINT('',(-0.0064649806116233,0.00746403814294081,0.016537863462898));
#3147=CARTESIAN_POINT('',(-0.00645140981628824,0.00577807236210202,0.0165548952863017));
#3148=CARTESIAN_POINT('',(-0.00643785375028294,0.00409210607255737,0.0165718859005001));
#3149=CARTESIAN_POINT('',(-0.00643889177954571,0.00409210455173101,0.0165725631880364));
#3150=CARTESIAN_POINT('',(-0.0064378537481281,0.00409210582373504,0.0165718859032439));
#3151=CARTESIAN_POINT('',(-0.00631657756072139,0.00409603140784043,0.0167577651529754));
#3152=CARTESIAN_POINT('',(-0.00608135669494306,0.00409971387033793,0.0168620370527986));
#3153=CARTESIAN_POINT('',(-0.00586215475593294,0.00410185783538225,0.016827079762201));
#3154=CARTESIAN_POINT('',(-0.00505797667091278,0.00329877667531806,0.0168327187811353));
#3155=CARTESIAN_POINT('',(-0.00508891497009307,0.00329826600707226,0.016833177509518));
#3156=CARTESIAN_POINT('',(-0.00521406570087308,0.00329658893239961,0.0168350331295502));
#3157=CARTESIAN_POINT('',(-0.00539506383921125,0.00329588029854273,0.0168375429683826));
#3158=CARTESIAN_POINT('',(-0.00559293758105582,0.00334443222441009,0.0168390972505686));
#3159=CARTESIAN_POINT('',(-0.00569966614747888,0.00341678356499447,0.0168393507978126));
#3160=CARTESIAN_POINT('',(-0.00576020304780629,0.00348770541333218,0.0168392699886272));
#3161=CARTESIAN_POINT('',(-0.00580858479718066,0.00356377767587274,0.0168390339499631));
#3162=CARTESIAN_POINT('',(-0.00584718377163872,0.00367969828473173,0.0168382794255184));
#3163=CARTESIAN_POINT('',(-0.00586597958039916,0.00387082021499119,0.0168361571671031));
#3164=CARTESIAN_POINT('',(-0.00586273504884088,0.00401208452215995,0.0168340535399363));
#3165=CARTESIAN_POINT('',(-0.00586125544948195,0.00410190747988945,0.0168327219658689));
#3166=CARTESIAN_POINT('',(-0.00505861543160892,0.00323615382929566,0.0168357687536251));
#3167=CARTESIAN_POINT('',(-0.00508953668965011,0.00323567050783536,0.0168361460032234));
#3168=CARTESIAN_POINT('',(-0.00521527952562814,0.00323485280651632,0.0168376760312701));
#3169=CARTESIAN_POINT('',(-0.00540069417271683,0.00323695174626432,0.0168396502632449));
#3170=CARTESIAN_POINT('',(-0.00561447573847207,0.00329749179661396,0.0168406729457534));
#3171=CARTESIAN_POINT('',(-0.00573204515851922,0.00337976125111751,0.016840793489276));
#3172=CARTESIAN_POINT('',(-0.00579960410113526,0.00345799845805662,0.0168407536112706));
#3173=CARTESIAN_POINT('',(-0.00585481620708091,0.00354159723320042,0.0168406197214293));
#3174=CARTESIAN_POINT('',(-0.00590145581699321,0.00366774032847701,0.0168401494714705));
#3175=CARTESIAN_POINT('',(-0.005927155453905,0.0038687115445387,0.0168385795103747));
#3176=CARTESIAN_POINT('',(-0.00592506378768765,0.00401137522613463,0.0168368713153175));
#3177=CARTESIAN_POINT('',(-0.00592386847584358,0.00410126666291284,0.016835771215715));
#3178=CARTESIAN_POINT('',(-0.00505992298415605,0.00311053196045665,0.0168399464865009));
#3179=CARTESIAN_POINT('',(-0.0050908891944203,0.00311030245069477,0.0168400980469811));
#3180=CARTESIAN_POINT('',(-0.00521762441183289,0.00311070403085572,0.0168411746533731));
#3181=CARTESIAN_POINT('',(-0.00541178803912897,0.00311863482013554,0.0168420983936332));
#3182=CARTESIAN_POINT('',(-0.00565760798767277,0.00320325074656241,0.0168424513003959));
#3183=CARTESIAN_POINT('',(-0.00579684006070572,0.00330536262722711,0.0168423642255792));
#3184=CARTESIAN_POINT('',(-0.00587878682359831,0.00339850850227454,0.0168424143745687));
#3185=CARTESIAN_POINT('',(-0.00594754002091791,0.00349713625763619,0.0168423782507172));
#3186=CARTESIAN_POINT('',(-0.00601037163412433,0.00364381626971918,0.0168423052967332));
#3187=CARTESIAN_POINT('',(-0.00604982126278155,0.00386451091916164,0.0168415248302672));
#3188=CARTESIAN_POINT('',(-0.00605022936345541,0.00401012784130519,0.0168405590072812));
#3189=CARTESIAN_POINT('',(-0.00604947086244643,0.00409995499994193,0.016839948361191));
#3190=CARTESIAN_POINT('',(-0.00506283992884749,0.00292141570813624,0.0167759680992957));
#3191=CARTESIAN_POINT('',(-0.00509380139896674,0.0029215873058496,0.0167760246864086));
#3192=CARTESIAN_POINT('',(-0.00522219067865041,0.00292506675711613,0.0167770783553753));
#3193=CARTESIAN_POINT('',(-0.00542912494898537,0.00294221196928084,0.0167848801269098));
#3194=CARTESIAN_POINT('',(-0.00572244694406633,0.00306208271330808,0.0168006273467989));
#3195=CARTESIAN_POINT('',(-0.00589428898938351,0.00319383921945156,0.0168039901771969));
#3196=CARTESIAN_POINT('',(-0.00599745003860899,0.00330909480140063,0.0168029974598903));
#3197=CARTESIAN_POINT('',(-0.00608652452634072,0.00343030502812271,0.0168002389565144));
#3198=CARTESIAN_POINT('',(-0.00617310358050397,0.00360759511535782,0.0167917570366714));
#3199=CARTESIAN_POINT('',(-0.00623308313566919,0.00385733027295044,0.0167789501559381));
#3200=CARTESIAN_POINT('',(-0.00623797385355558,0.00400711409407219,0.0167762412521287));
#3201=CARTESIAN_POINT('',(-0.00623856046445245,0.00409703236758136,0.0167759943558509));
#3202=CARTESIAN_POINT('',(-0.00506560276297023,0.00279839806561536,0.0166702397312121));
#3203=CARTESIAN_POINT('',(-0.00509658660186221,0.00279875181678923,0.0166704867188085));
#3204=CARTESIAN_POINT('',(-0.00522604297210252,0.00280316208955971,0.0166730273737934));
#3205=CARTESIAN_POINT('',(-0.00544073414367143,0.00282234493844087,0.0166917097494003));
#3206=CARTESIAN_POINT('',(-0.00576824977308159,0.00296166052140149,0.0167292785586503));
#3207=CARTESIAN_POINT('',(-0.00596412842037219,0.00311385151366537,0.0167376570277425));
#3208=CARTESIAN_POINT('',(-0.00608233396245009,0.00324521220160728,0.0167351503983224));
#3209=CARTESIAN_POINT('',(-0.00618509127761524,0.0033829124601974,0.0167284397262479));
#3210=CARTESIAN_POINT('',(-0.00628577733051222,0.00358249533761379,0.0167080363425847));
#3211=CARTESIAN_POINT('',(-0.00635464437014885,0.00385206436963056,0.016677718588122));
#3212=CARTESIAN_POINT('',(-0.00636064294102182,0.00400439372403218,0.0166710488624513));
#3213=CARTESIAN_POINT('',(-0.00636156756613076,0.0040942661185597,0.0166702956934906));
#3214=CARTESIAN_POINT('',(-0.005067221007854,0.00273971885899959,0.0165975546504744));
#3215=CARTESIAN_POINT('',(-0.00509821014456353,0.00274010154760493,0.0165979337784103));
#3216=CARTESIAN_POINT('',(-0.00522823125244761,0.00274467502326692,0.0166016326262842));
#3217=CARTESIAN_POINT('',(-0.00544635587331184,0.00276268209902205,0.0166272378337624));
#3218=CARTESIAN_POINT('',(-0.00579210506272835,0.00290894275782997,0.0166791090254774));
#3219=CARTESIAN_POINT('',(-0.00600116494237231,0.00307150591179597,0.016690858421289));
#3220=CARTESIAN_POINT('',(-0.00612715060696547,0.0032114794587983,0.01668734366626));
#3221=CARTESIAN_POINT('',(-0.00623670696749659,0.00335813722838398,0.0166779909717855));
#3222=CARTESIAN_POINT('',(-0.00634315233588822,0.00356977159818811,0.0166497362429576));
#3223=CARTESIAN_POINT('',(-0.00641361964523638,0.00384936432972931,0.0166080919503582));
#3224=CARTESIAN_POINT('',(-0.00641930121228649,0.00400279177191329,0.016598802646885));
#3225=CARTESIAN_POINT('',(-0.00642024677206502,0.00409264630883732,0.0165976291626546));
#3226=CARTESIAN_POINT('',(-0.00506776401094405,0.00272003622457622,0.0165731593261756));
#3227=CARTESIAN_POINT('',(-0.00509872581977266,0.00272039426355728,0.0165736043672928));
#3228=CARTESIAN_POINT('',(-0.00522901574184136,0.0027252649769692,0.0165775158631939));
#3229=CARTESIAN_POINT('',(-0.00544825895613598,0.00274287435109443,0.0166054899421175));
#3230=CARTESIAN_POINT('',(-0.00580007192599172,0.00289133827749755,0.0166622698627206));
#3231=CARTESIAN_POINT('',(-0.00601358492347632,0.0030573643972083,0.0166752039655062));
#3232=CARTESIAN_POINT('',(-0.00614209608065806,0.00320017675210183,0.0166713153341579));
#3233=CARTESIAN_POINT('',(-0.00625395638858172,0.00334985758646082,0.0166610793583635));
#3234=CARTESIAN_POINT('',(-0.00636224326517615,0.00356552353659823,0.016630091512413));
#3235=CARTESIAN_POINT('',(-0.00643324304083583,0.00384845149220249,0.0165846219462784));
#3236=CARTESIAN_POINT('',(-0.00643889276289705,0.00400221224361213,0.0165745254494917));
#3237=CARTESIAN_POINT('',(-0.0064399298037766,0.00409210278225302,0.0165732404818418));
#3238=CARTESIAN_POINT('',(-0.00643992979773239,0.00409210225834426,0.016573240489331));
#3239=CARTESIAN_POINT('',(-0.00643857612050933,0.00397476681554858,0.0165749178019925));
#3240=CARTESIAN_POINT('',(-0.00644256996608403,0.00371509387079331,0.0166029779049367));
#3241=CARTESIAN_POINT('',(-0.00610996823775864,0.00305107504323709,0.0167081216418685));
#3242=CARTESIAN_POINT('',(-0.00544170189008808,0.00271533671341028,0.0166027259265238));
#3243=CARTESIAN_POINT('',(-0.00518510042761065,0.00272139309010358,0.0165748459049618));
#3244=CARTESIAN_POINT('',(-0.00506776401094405,0.00272003622457622,0.0165731593261756));
#3245=CARTESIAN_POINT('',(-0.00506776401141681,0.0027200362239648,0.0165731593254178));
#3246=CARTESIAN_POINT('',(-0.00505802631138892,0.00329787768100503,0.0168270780823932));
#3247=CARTESIAN_POINT('',(-0.00506016173809737,0.00307864009030927,0.0168620381750789));
#3248=CARTESIAN_POINT('',(-0.00506383733816799,0.00284338254644764,0.0167577307286576));
#3249=CARTESIAN_POINT('',(-0.00506776104617671,0.00272211000542136,0.0165718066006942));
#3250=CARTESIAN_POINT('',(-0.00506849922237959,0.00320682492048018,0.0162556473800021));
#3251=CARTESIAN_POINT('',(-0.00506776104611561,0.00272211000548708,0.0165718066007951));
#3252=CARTESIAN_POINT('',(-0.00338183893843808,0.00270852723898885,0.0165546787248859));
#3253=CARTESIAN_POINT('',(-0.00169591737850884,0.00269492928749079,0.016537506136784));
#3254=CARTESIAN_POINT('',(-9.99636571587722E-6,0.00268131685716371,0.0165202885365279));
#3255=CARTESIAN_POINT('',(-0.00789626246245799,0.00239729496015535,0.0142640056714997));
#3256=CARTESIAN_POINT('',(-0.00776832447747044,0.00255985405798129,0.0145346584020335));
#3257=CARTESIAN_POINT('',(-0.00738997147601571,0.0030247285510088,0.0152572841321676));
#3258=CARTESIAN_POINT('',(-0.00694524398289912,0.00353286377356214,0.0159190357221779));
#3259=CARTESIAN_POINT('',(-0.00657670123610155,0.00394170325329611,0.0164014751066629));
#3260=CARTESIAN_POINT('',(-0.00650870134534455,0.00401668484956649,0.0164880300444072));
#3261=CARTESIAN_POINT('',(-0.00643982118783448,0.00409222189668027,0.016573375062843));
#3262=CARTESIAN_POINT('',(-0.00786846284611506,0.00224499981894874,0.0143228157432053));
#3263=CARTESIAN_POINT('',(-0.00773682716579557,0.00240462282930385,0.014597202145453));
#3264=CARTESIAN_POINT('',(-0.00734754481779604,0.00286313855094499,0.0153291134408246));
#3265=CARTESIAN_POINT('',(-0.00689122715103789,0.00336859359258502,0.0159964946646235));
#3266=CARTESIAN_POINT('',(-0.00651432864610327,0.00377627434283799,0.0164816345109273));
#3267=CARTESIAN_POINT('',(-0.00644482020277589,0.00385108789773942,0.0165686325254399));
#3268=CARTESIAN_POINT('',(-0.00637446656537081,0.00392648632942896,0.0166543518152294));
#3269=CARTESIAN_POINT('',(-0.00780355100852481,0.00194140556432234,0.014435563235356));
#3270=CARTESIAN_POINT('',(-0.00766446730106601,0.00209499514657976,0.0147171406863829));
#3271=CARTESIAN_POINT('',(-0.00725344365385724,0.00254027981212712,0.0154669930408859));
#3272=CARTESIAN_POINT('',(-0.00677430913935603,0.0030399433193197,0.016145190907127));
#3273=CARTESIAN_POINT('',(-0.00638105856906124,0.0034450619475627,0.0166356075081655));
#3274=CARTESIAN_POINT('',(-0.00630861475635498,0.00351949101942446,0.0167234495789775));
#3275=CARTESIAN_POINT('',(-0.00623538479427233,0.00359457380252379,0.0168099041670949));
#3276=CARTESIAN_POINT('',(-0.00747990470381453,0.00154155752648837,0.0144714810914322));
#3277=CARTESIAN_POINT('',(-0.00733174408782387,0.00168649900920616,0.0147553591609823));
#3278=CARTESIAN_POINT('',(-0.00689849694855247,0.00211225590838044,0.0155109779360338));
#3279=CARTESIAN_POINT('',(-0.00640429619909949,0.0026022942995146,0.0161926076390153));
#3280=CARTESIAN_POINT('',(-0.0060018617267196,0.00300258898821661,0.0166847223183598));
#3281=CARTESIAN_POINT('',(-0.00592784700944242,0.00307626937783381,0.0167728489374586));
#3282=CARTESIAN_POINT('',(-0.00585313416690083,0.00315068401399516,0.016859548492311));
#3283=CARTESIAN_POINT('',(-0.00710325001749514,0.00132905396616994,0.0143938319393194));
#3284=CARTESIAN_POINT('',(-0.00694737304255446,0.00146531545030647,0.0146727663942822));
#3285=CARTESIAN_POINT('',(-0.00649703726228696,0.00186816785335265,0.0154160475780608));
#3286=CARTESIAN_POINT('',(-0.00599514752358001,0.00233874579540183,0.0160901646131507));
#3287=CARTESIAN_POINT('',(-0.00558917608269717,0.0027260205418004,0.0165787015540692));
#3288=CARTESIAN_POINT('',(-0.00551462786698784,0.00279740153283023,0.0166662502781635));
#3289=CARTESIAN_POINT('',(-0.00543945604267807,0.00286960730902469,0.0167524632600167));
#3290=CARTESIAN_POINT('',(-0.00687713774545491,0.0012848840769045,0.0143078161207515));
#3291=CARTESIAN_POINT('',(-0.00671675833142728,0.00141554314981654,0.0145812795670349));
#3292=CARTESIAN_POINT('',(-0.00625653253562915,0.00180198255112254,0.0153109224870961));
#3293=CARTESIAN_POINT('',(-0.00575027453795644,0.00225516000989326,0.0159767800096326));
#3294=CARTESIAN_POINT('',(-0.00534232440657541,0.00262991729415851,0.0164613383228378));
#3295=CARTESIAN_POINT('',(-0.00526747624862578,0.00269904983886964,0.0165482524639614));
#3296=CARTESIAN_POINT('',(-0.00519205154504503,0.00276905428021957,0.0166339191400001));
#3297=CARTESIAN_POINT('',(-0.00676292773893791,0.00126405727853759,0.0142636683707801));
#3298=CARTESIAN_POINT('',(-0.00660034710436576,0.00139193879647943,0.0145343323166886));
#3299=CARTESIAN_POINT('',(-0.00613534957216483,0.00177018094409024,0.0152570179741142));
#3300=CARTESIAN_POINT('',(-0.00562708952461539,0.00221466190780973,0.0159186375281337));
#3301=CARTESIAN_POINT('',(-0.0052182706369938,0.00258313818280433,0.0164011815205848));
#3302=CARTESIAN_POINT('',(-0.00514329479090723,0.00265113822107379,0.0164877678373677));
#3303=CARTESIAN_POINT('',(-0.00506776401094372,0.00272003622457608,0.0165731593261755));
#3304=CARTESIAN_POINT('',(-0.00789626226646704,0.00239729496015536,0.0142640055788501));
#3305=CARTESIAN_POINT('',(-0.0077975210362076,0.00252275156017356,0.0144728827097144));
#3306=CARTESIAN_POINT('',(-0.00758828653325955,0.00278174226600358,0.0148822661291543));
#3307=CARTESIAN_POINT('',(-0.0072885006580138,0.00313624820914237,0.0153872126844473));
#3308=CARTESIAN_POINT('',(-0.00704254630957645,0.0034192806667031,0.0157621420849964));
#3309=CARTESIAN_POINT('',(-0.0068788103648701,0.0036047681587299,0.0159967110176068));
#3310=CARTESIAN_POINT('',(-0.00674687751786481,0.00375259947967072,0.0161771964549687));
#3311=CARTESIAN_POINT('',(-0.0066642379444883,0.0038446318132743,0.0162871846943865));
#3312=CARTESIAN_POINT('',(-0.0066011630314958,0.00391449171403818,0.0163691368958585));
#3313=CARTESIAN_POINT('',(-0.006573513302871,0.0039450900678788,0.0164048153197946));
#3314=CARTESIAN_POINT('',(-0.00651162814162198,0.00401331630851612,0.0164838352809782));
#3315=CARTESIAN_POINT('',(-0.0064599673012765,0.00406971575366873,0.0165484180096511));
#3316=CARTESIAN_POINT('',(-0.00644234610577557,0.00408923571258355,0.016570246511245));
#3317=CARTESIAN_POINT('',(-0.00643992980377419,0.00409216168311584,0.0165732404818448));
#3318=CARTESIAN_POINT('',(-0.0078962624232598,0.00239729496015535,0.0142640056529697));
#3319=CARTESIAN_POINT('',(-0.0067629291255448,0.00126450597008194,0.0142635192421449));
#3320=CARTESIAN_POINT('',(-0.00737883102982758,0.00134534184775694,0.0145121007791547));
#3321=CARTESIAN_POINT('',(-0.00781515281997503,0.00178080197547433,0.0145125954773175));
#3322=CARTESIAN_POINT('',(-0.00789594281987346,0.00239729385583517,0.0142638990968533));
#3323=CARTESIAN_POINT('',(-0.00676292749881401,0.00126405508159559,0.0142636698964274));
#3324=CARTESIAN_POINT('',(-0.00676292749932428,0.00126405746701117,0.0142636687696884));
#3325=CARTESIAN_POINT('',(-0.00625406556969444,0.00166431447444491,0.0151108211306091));
#3326=CARTESIAN_POINT('',(-0.0056778716442991,0.00216350552437684,0.0158834008042809));
#3327=CARTESIAN_POINT('',(-0.00506776401094372,0.00272003622457608,0.0165731593261755));
#3328=CARTESIAN_POINT('',(-0.00916000000000006,0.000250567258295377,0.00914999999999893));
#3329=CARTESIAN_POINT('',(-0.00916000000000207,0.00915000341460834,0.00914999999999893));
#3330=CARTESIAN_POINT('',(-0.00903556528999547,0.000250567258295406,0.010488104187506));
#3331=CARTESIAN_POINT('',(-0.00903556528999748,0.00915000341460837,0.010488104187506));
#3332=CARTESIAN_POINT('',(-0.00858382946382073,0.000250567258295517,0.0131709017548955));
#3333=CARTESIAN_POINT('',(-0.00858382946382275,0.00915000341460848,0.0131709017548955));
#3334=CARTESIAN_POINT('',(-0.00728421388337492,0.0002505672582958,0.015527112261638));
#3335=CARTESIAN_POINT('',(-0.00728421388337693,0.00915000341460877,0.015527112261638));
#3336=CARTESIAN_POINT('',(-0.00643992980377332,0.000250567258295987,0.0165732404818448));
#3337=CARTESIAN_POINT('',(-0.00643992980377533,0.00915000341460895,0.0165732404818448));
#3338=CARTESIAN_POINT('',(-0.00648076849180612,0.00914999999999953,0.0165223650216909));
#3339=CARTESIAN_POINT('',(-0.00731207186487477,0.00914999999999934,0.0154811443678327));
#3340=CARTESIAN_POINT('',(-0.00859043456891706,0.00914999999999907,0.0131376294386884));
#3341=CARTESIAN_POINT('',(-0.00903657215268896,0.00914999999999896,0.0104772769256941));
#3342=CARTESIAN_POINT('',(-0.00916000000000207,0.00914999999999893,0.00914999999999893));
#3343=CARTESIAN_POINT('',(-0.00915999999992181,0.00915000000091393,0.00915000000086204));
#3344=CARTESIAN_POINT('',(-0.00916000000000175,0.000303645406345004,0.00914999999999897));
#3345=CARTESIAN_POINT('',(-0.00916000000000186,0.00325243027089632,0.00914999999999897));
#3346=CARTESIAN_POINT('',(-0.00916000000000196,0.00620121513544765,0.00914999999999897));
#3347=CARTESIAN_POINT('',(-0.00916000000000207,0.00914999999999896,0.00914999999999897));
#3348=CARTESIAN_POINT('',(-0.00915999999984148,0.000303645394038807,0.00915000000170877));
#3349=CARTESIAN_POINT('',(-0.00916000000000007,0.00030364540635028,0.00914999999999893));
#3350=CARTESIAN_POINT('',(-0.0090702919095792,0.00056423673843569,0.0101146727303094));
#3351=CARTESIAN_POINT('',(-0.00892612569449935,0.000871625423083685,0.0110361336096494));
#3352=CARTESIAN_POINT('',(-0.00871599229697802,0.00122581146029419,0.0119024858604227));
#3353=CARTESIAN_POINT('',(-0.00871599228272539,0.00122581148419672,0.0119024859191844));
#3354=CARTESIAN_POINT('',(-0.00871276934770702,0.00123124070973309,0.0119157475751584));
#3355=CARTESIAN_POINT('',(-0.00871384565184226,0.00122942933351945,0.0119113275100996));
#3356=CARTESIAN_POINT('',(-0.00871491995484289,0.00122761960437107,0.0119069069852585));
#3357=CARTESIAN_POINT('',(-0.0087159922619283,0.00122581151939375,0.0119024860049281));
#3358=CARTESIAN_POINT('',(-0.0087127693521026,0.00123124070973309,0.0119157475762287));
#3359=CARTESIAN_POINT('',(-0.00871276936968493,0.00123124070973309,0.01191574758051));
#3360=CARTESIAN_POINT('',(-0.00851228938638459,0.00156864496466389,0.0127390718270842));
#3361=CARTESIAN_POINT('',(-0.00826325494545709,0.00193173344777505,0.0134834256621046));
#3362=CARTESIAN_POINT('',(-0.00790628746914606,0.00238454599516055,0.0142427396373903));
#3363=CARTESIAN_POINT('',(-0.00790628745523586,0.00238454601269342,0.014242739666979));
#3364=CARTESIAN_POINT('',(-0.00789594281987346,0.00239729385583517,0.0142638990968533));
#3365=CARTESIAN_POINT('',(-0.007898426236625,0.00239307743339167,0.0142564944326521));
#3366=CARTESIAN_POINT('',(-0.00790087852408911,0.00238881861107004,0.0142491183424034));
#3367=CARTESIAN_POINT('',(-0.00790330029412855,0.00238451768702143,0.0142417716258404));
#3368=CARTESIAN_POINT('',(-0.00738741026776278,0.00177388779223294,0.0136439818062065));
#3369=CARTESIAN_POINT('',(-0.00790330031872799,0.00238451764392504,0.0142417715511979));
#3370=CARTESIAN_POINT('',(-0.00782832627286453,0.00176753414584457,0.0144911822060214));
#3371=CARTESIAN_POINT('',(-0.00739237040105891,0.00133219476176145,0.0144907735947365));
#3372=CARTESIAN_POINT('',(-0.00677570629033414,0.00125715297827655,0.0142413171259936));
#3373=CARTESIAN_POINT('',(-0.00677567784869217,0.00125400303423091,0.0142423350044243));
#3374=CARTESIAN_POINT('',(-0.00677570621089433,0.00125715329111871,0.0142413180922059));
#3375=CARTESIAN_POINT('',(-0.00677140455577048,0.00125957327199718,0.0142486895946352));
#3376=CARTESIAN_POINT('',(-0.00676714532917566,0.00126202410099789,0.0142560906774853));
#3377=CARTESIAN_POINT('',(-0.00676292883257604,0.0012645063989002,0.0142635205294882));
#3378=CARTESIAN_POINT('',(-0.00871276934770702,0.00123124070973309,0.0119157475751584));
#3379=CARTESIAN_POINT('',(-0.00862752963121695,0.00137469569596969,0.0122658020626787));
#3380=CARTESIAN_POINT('',(-0.0084038560636963,0.00172632070942466,0.0130600169230276));
#3381=CARTESIAN_POINT('',(-0.00810175435762397,0.00213659662838265,0.0138269573883667));
#3382=CARTESIAN_POINT('',(-0.00790628746916963,0.00238454599516054,0.0142427396373401));
#3383=CARTESIAN_POINT('',(-0.00870642633501617,0.00111799918551451,0.011941796465833));
#3384=CARTESIAN_POINT('',(-0.00861951650879335,0.00125380357353548,0.0122959928362907));
#3385=CARTESIAN_POINT('',(-0.00839080564490563,0.00158945243599578,0.0131009738572748));
#3386=CARTESIAN_POINT('',(-0.00808002454331712,0.0019888709840908,0.0138796898721351));
#3387=CARTESIAN_POINT('',(-0.00787878112694367,0.00223247613144348,0.0143012490295057));
#3388=CARTESIAN_POINT('',(-0.00868611203622073,0.000893288532820804,0.0119916048532687));
#3389=CARTESIAN_POINT('',(-0.00859542475687882,0.00101379435755976,0.0123537576920973));
#3390=CARTESIAN_POINT('',(-0.00835582427247661,0.00131738668860859,0.0131793703603832));
#3391=CARTESIAN_POINT('',(-0.0080272830481035,0.00169477657501932,0.0139807292351447));
#3392=CARTESIAN_POINT('',(-0.00781445935909924,0.00192934603696953,0.0144134171287168));
#3393=CARTESIAN_POINT('',(-0.00845879743677173,0.000600854187839716,0.0120075099701095));
#3394=CARTESIAN_POINT('',(-0.00835153223232513,0.000701108581878811,0.0123721834180165));
#3395=CARTESIAN_POINT('',(-0.00807586183080091,0.000961849180293144,0.0132043558904734));
#3396=CARTESIAN_POINT('',(-0.00771808592455767,0.00130850411898095,0.0140129190650422));
#3397=CARTESIAN_POINT('',(-0.0074915264350964,0.00153016397150464,0.0144491314472934));
#3398=CARTESIAN_POINT('',(-0.00818121877011195,0.000463836588585159,0.0119733053471374));
#3399=CARTESIAN_POINT('',(-0.00805492863291311,0.000553004178774177,0.0123325087780253));
#3400=CARTESIAN_POINT('',(-0.00773924177710499,0.000788295674560777,0.0131504143286263));
#3401=CARTESIAN_POINT('',(-0.00735348462420465,0.00110998427179552,0.0139433352024836));
#3402=CARTESIAN_POINT('',(-0.00711547539158579,0.00131833955528802,0.0143718555444033));
#3403=CARTESIAN_POINT('',(-0.00801383223891422,0.000452414487842527,0.0119353292450441));
#3404=CARTESIAN_POINT('',(-0.00787615242445748,0.000538973950182486,0.0122884583062543));
#3405=CARTESIAN_POINT('',(-0.00753660620653987,0.000766508295802814,0.013090603044599));
#3406=CARTESIAN_POINT('',(-0.00713445066749375,0.00107498055269824,0.0138662428332447));
#3407=CARTESIAN_POINT('',(-0.00688971574861315,0.00127461262616344,0.0142862641767491));
#3408=CARTESIAN_POINT('',(-0.00792889788410558,0.000447690810502206,0.011915798391513));
#3409=CARTESIAN_POINT('',(-0.00778548013654377,0.000533002506481677,0.0122658173359318));
#3410=CARTESIAN_POINT('',(-0.00743395539518827,0.000756760696528335,0.0130598682462343));
#3411=CARTESIAN_POINT('',(-0.00702366401094244,0.00105871391722187,0.0138266579505815));
#3412=CARTESIAN_POINT('',(-0.00677567784921068,0.00125400561508772,0.0142423337921354));
#3413=CARTESIAN_POINT('',(-0.00871276934770702,0.00123124070973309,0.0119157475751584));
#3414=CARTESIAN_POINT('',(-0.0087072192116026,0.00113215437604309,0.0119385403544984));
#3415=CARTESIAN_POINT('',(-0.00869226728986806,0.000936553720779264,0.0119825613011496));
#3416=CARTESIAN_POINT('',(-0.00851000333049708,0.000648461354383966,0.0120083784300438));
#3417=CARTESIAN_POINT('',(-0.00822404749687436,0.000468565655402425,0.0119825819927293));
#3418=CARTESIAN_POINT('',(-0.00802798796472913,0.000453201767400141,0.0119385843873024));
#3419=CARTESIAN_POINT('',(-0.00792889788412048,0.000447690810503035,0.0119157983915164));
#3420=CARTESIAN_POINT('',(-0.00792889788388878,0.000447690232286446,0.0119157985323341));
#3421=CARTESIAN_POINT('',(-0.00792889788412048,0.000447690810503035,0.0119157983915164));
#3422=CARTESIAN_POINT('',(-0.00760094511987224,0.000642772709327025,0.0127161852495852));
#3423=CARTESIAN_POINT('',(-0.00721639500251051,0.000906936244194783,0.0135036011455365));
#3424=CARTESIAN_POINT('',(-0.00677567784922965,0.00125400561509114,0.0142423337921427));
#3425=CARTESIAN_POINT('',(-0.0087159922619283,0.00122581151939375,0.0119024860049281));
#3426=CARTESIAN_POINT('',(-0.00871491995484289,0.00122761960437107,0.0119069069852585));
#3427=CARTESIAN_POINT('',(-0.00871384565184226,0.00122942933351945,0.0119113275100996));
#3428=CARTESIAN_POINT('',(-0.00871276934770702,0.00123124070973309,0.0119157475751584));
#3429=CARTESIAN_POINT('',(-0.00870971235838936,0.00111285999617223,0.0119283772169182));
#3430=CARTESIAN_POINT('',(-0.00870861936838485,0.00111457132496578,0.0119328508407186));
#3431=CARTESIAN_POINT('',(-0.00870752349309602,0.00111628434936955,0.0119373235860829));
#3432=CARTESIAN_POINT('',(-0.00870642633501617,0.00111799918551451,0.011941796465833));
#3433=CARTESIAN_POINT('',(-0.00868954619590332,0.000888730317296751,0.0119778843092624));
#3434=CARTESIAN_POINT('',(-0.00868840580367604,0.000890248395838355,0.0119824584506027));
#3435=CARTESIAN_POINT('',(-0.00868726233176584,0.000891768051314464,0.0119870320754511));
#3436=CARTESIAN_POINT('',(-0.00868611745528829,0.000893290051635383,0.0119916058027462));
#3437=CARTESIAN_POINT('',(-0.00846285617314777,0.000597062066504918,0.0119936913669324));
#3438=CARTESIAN_POINT('',(-0.00846150617555196,0.000598324035309891,0.0119982979508756));
#3439=CARTESIAN_POINT('',(-0.00846015340558878,0.000599588035579476,0.0120029040539172));
#3440=CARTESIAN_POINT('',(-0.00845879918435759,0.000600854419699216,0.0120075103391569));
#3441=CARTESIAN_POINT('',(-0.00818599890628007,0.000460464156844941,0.0119596933441516));
#3442=CARTESIAN_POINT('',(-0.00818440775597662,0.000461585974469383,0.0119642310204884));
#3443=CARTESIAN_POINT('',(-0.00818281534157562,0.00046271035964153,0.01196876859768));
#3444=CARTESIAN_POINT('',(-0.00818122046241148,0.000463836585898289,0.0119733057598741));
#3445=CARTESIAN_POINT('',(-0.00801904237142681,0.000449140567670764,0.0119219464425012));
#3446=CARTESIAN_POINT('',(-0.00801730777057759,0.00045022993018349,0.0119264079348469));
#3447=CARTESIAN_POINT('',(-0.00801557026435995,0.000451320969205103,0.0119308685092808));
#3448=CARTESIAN_POINT('',(-0.00801383223891422,0.000452414487842527,0.0119353292450441));
#3449=CARTESIAN_POINT('',(-0.00793432563324071,0.000444464058702675,0.0119025334629474));
#3450=CARTESIAN_POINT('',(-0.0079325180139624,0.000445537629371354,0.0119069555461252));
#3451=CARTESIAN_POINT('',(-0.00793070876508891,0.000446613211279023,0.0119113771895729));
#3452=CARTESIAN_POINT('',(-0.00792889788410558,0.000447690810502206,0.011915798391513));
#3453=CARTESIAN_POINT('',(-0.0087159922619283,0.00122581151939375,0.0119024860049281));
#3454=CARTESIAN_POINT('',(-0.00871049734925254,0.00112697893164995,0.0119251408033773));
#3455=CARTESIAN_POINT('',(-0.00869566869693436,0.000931883964900627,0.0119688954798166));
#3456=CARTESIAN_POINT('',(-0.008513927284717,0.000644541776578803,0.0119945547862959));
#3457=CARTESIAN_POINT('',(-0.00822871750835689,0.000465164442763092,0.0119689137931397));
#3458=CARTESIAN_POINT('',(-0.00803316187916731,0.000449919953063137,0.0119251818050944));
#3459=CARTESIAN_POINT('',(-0.00793432569232504,0.000444464023611653,0.011902533318406));
#3460=CARTESIAN_POINT('',(-0.00793432353159283,0.000444464535625694,0.0119025387907988));
#3461=CARTESIAN_POINT('',(-0.00793432137135234,0.000444466589900417,0.0119025438890422));
#3462=CARTESIAN_POINT('',(-0.00793251517014309,0.000445539319996576,0.0119069624961641));
#3463=CARTESIAN_POINT('',(-0.00793070734189703,0.000446614058176461,0.0119113806642456));
#3464=CARTESIAN_POINT('',(-0.00792889788410558,0.000447690810502206,0.011915798391513));
#3465=CARTESIAN_POINT('',(-0.00916000000000762,0.000303645406350277,0.00914999999991772));
#3466=CARTESIAN_POINT('',(-0.00910028817814127,0.000477101146288902,0.00979210893305347));
#3467=CARTESIAN_POINT('',(-0.00897668890487449,0.000763841320427049,0.0107150714669242));
#3468=CARTESIAN_POINT('',(-0.00878359684507998,0.00111186200117875,0.0116237612354868));
#3469=CARTESIAN_POINT('',(-0.00871599229697801,0.00122581146029419,0.0119024858604228));
#3470=CARTESIAN_POINT('',(-0.00915961265319098,0.000258466439180907,0.00915416532003332));
#3471=CARTESIAN_POINT('',(-0.0090995098107095,0.00041516809643483,0.00979904569561181));
#3472=CARTESIAN_POINT('',(-0.00897492221566835,0.000678128872283888,0.0107280542029248));
#3473=CARTESIAN_POINT('',(-0.00877864339412212,0.00100500389381798,0.0116463463009815));
#3474=CARTESIAN_POINT('',(-0.00870971239411513,0.00111285994023527,0.0119283770706921));
#3475=CARTESIAN_POINT('',(-0.00915562811821075,0.000169010469176327,0.00916211358992865));
#3476=CARTESIAN_POINT('',(-0.0090935831088839,0.000292449613882102,0.00981228582519664));
#3477=CARTESIAN_POINT('',(-0.00896540167989227,0.000508316334062021,0.0107528388634498));
#3478=CARTESIAN_POINT('',(-0.0087614743502456,0.000793058580013406,0.0116895193548618));
#3479=CARTESIAN_POINT('',(-0.00868954629395934,0.000888730284736695,0.0119778841703525));
#3480=CARTESIAN_POINT('',(-0.00906709792521351,5.32418999773278E-5,0.00916464657612829));
#3481=CARTESIAN_POINT('',(-0.00897193028734313,0.000133616158893091,0.00981651171653478));
#3482=CARTESIAN_POINT('',(-0.00879636049380161,0.000288212472419229,0.0107607686985299));
#3483=CARTESIAN_POINT('',(-0.00854798369997353,0.000517517486237335,0.0117033120675194));
#3484=CARTESIAN_POINT('',(-0.00846285623675433,0.000597062027834524,0.0119936912204594));
#3485=CARTESIAN_POINT('',(-0.00895688393022438,1.72028113508242E-6,0.00915918857900308));
#3486=CARTESIAN_POINT('',(-0.00882077280685182,6.26106002118623E-5,0.00980742674622904));
#3487=CARTESIAN_POINT('',(-0.00858696860329123,0.000188963904829646,0.0107437858583351));
#3488=CARTESIAN_POINT('',(-0.00828627778061472,0.000389745227583324,0.0116736836923527));
#3489=CARTESIAN_POINT('',(-0.00818599897715205,0.000460464120110787,0.0119596932004232));
#3490=CARTESIAN_POINT('',(-0.00889023881905894,2.90510107116282E-7,0.00915312399000061));
#3491=CARTESIAN_POINT('',(-0.00872934872843796,6.02982559858543E-5,0.00979733033197968));
#3492=CARTESIAN_POINT('',(-0.00846046138087338,0.000184772680720603,0.0107249006029593));
#3493=CARTESIAN_POINT('',(-0.00812839282632496,0.000380490171960181,0.0116407733471358));
#3494=CARTESIAN_POINT('',(-0.00801904242812444,0.000449140532063566,0.0119219462966716));
#3495=CARTESIAN_POINT('',(-0.008856354593682,-9.08474684369054E-15,0.00914999999991343));
#3496=CARTESIAN_POINT('',(-0.00868289885374294,5.97137645385951E-5,0.00979212982360648));
#3497=CARTESIAN_POINT('',(-0.00839617520892236,0.000183460901633471,0.0107151753310799));
#3498=CARTESIAN_POINT('',(-0.00804824580209186,0.000376805259791358,0.0116238439848449));
#3499=CARTESIAN_POINT('',(-0.00793432569232504,0.000444464023611664,0.011902533318406));
#3500=CARTESIAN_POINT('',(-0.00916000000000762,0.000303645406350277,0.00914999999991772));
#3501=CARTESIAN_POINT('',(-0.00915932214307849,0.000224582213803942,0.00915728931012012));
#3502=CARTESIAN_POINT('',(-0.0091128127711139,4.63532995220284E-5,0.00916953834364151));
#3503=CARTESIAN_POINT('',(-0.00893541778622818,6.77856928707971E-7,0.00915728931011675));
#3504=CARTESIAN_POINT('',(-0.008856354593682,-9.08474684369054E-15,0.00914999999991343));
#3505=CARTESIAN_POINT('',(-0.00885635459367688,-5.01508556904895E-15,0.00914999999995652));
#3506=CARTESIAN_POINT('',(-0.008856354593682,-9.08474684369054E-15,0.00914999999991343));
#3507=CARTESIAN_POINT('',(-0.00860547499776551,8.63676527744641E-5,0.0100787514540342));
#3508=CARTESIAN_POINT('',(-0.00830346554907594,0.000225226643699721,0.0109994852009202));
#3509=CARTESIAN_POINT('',(-0.00793432569232504,0.000444464023611664,0.011902533318406));
#3510=CARTESIAN_POINT('',(-0.00916126756629908,0.000299914744231186,0.00913636927130108));
#3511=CARTESIAN_POINT('',(-0.00916125851279767,0.000299941390215848,0.00913646662780352));
#3512=CARTESIAN_POINT('',(-0.00916124945929626,0.000299968036200511,0.00913656398430597));
#3513=CARTESIAN_POINT('',(-0.00916124040579485,0.000299994682185176,0.00913666134080842));
#3514=CARTESIAN_POINT('',(-0.00916082693715102,0.000301211590278866,0.00914110756102875));
#3515=CARTESIAN_POINT('',(-0.00916041346854762,0.000302428498361316,0.00914555378081404));
#3516=CARTESIAN_POINT('',(-0.00916000000000762,0.000303645406350277,0.00914999999991772));
#3517=CARTESIAN_POINT('',(-0.00916088335071176,0.000255102254333056,0.00914050080267323));
#3518=CARTESIAN_POINT('',(-0.00916087428706615,0.000255126286438879,0.00914059840130552));
#3519=CARTESIAN_POINT('',(-0.00916086522342054,0.000255150318544701,0.00914069599993781));
#3520=CARTESIAN_POINT('',(-0.00916085615977494,0.000255174350650527,0.00914079359857011));
#3521=CARTESIAN_POINT('',(-0.00916044222785092,0.000256271884273567,0.0091452508767332));
#3522=CARTESIAN_POINT('',(-0.00916002652536909,0.000257368887794837,0.00914970803910235));
#3523=CARTESIAN_POINT('',(-0.00915961265319097,0.000258466439180947,0.0091541653200335));
#3524=CARTESIAN_POINT('',(-0.009157012035063,0.0001663754991305,0.00914839178912388));
#3525=CARTESIAN_POINT('',(-0.0091570027143323,0.000166394343216061,0.00914848984630006));
#3526=CARTESIAN_POINT('',(-0.00915699339360159,0.000166413187301624,0.00914858790347623));
#3527=CARTESIAN_POINT('',(-0.00915698407287089,0.000166432031387189,0.00914868596065241));
#3528=CARTESIAN_POINT('',(-0.00915655840000592,0.000167292630855678,0.00915316418027319));
#3529=CARTESIAN_POINT('',(-0.00915613383071408,0.000168153580747519,0.00915764246949195));
#3530=CARTESIAN_POINT('',(-0.00915570868362722,0.000169014129754799,0.00916212074156307));
#3531=CARTESIAN_POINT('',(-0.00906916343525159,5.15718663069912E-5,0.00915089842631004));
#3532=CARTESIAN_POINT('',(-0.00906914900750226,5.15840232782837E-5,0.00915099663042451));
#3533=CARTESIAN_POINT('',(-0.00906913457975293,5.15961802495767E-5,0.00915109483453897));
#3534=CARTESIAN_POINT('',(-0.00906912015200359,5.16083372208674E-5,0.00915119303865344));
#3535=CARTESIAN_POINT('',(-0.00906846124428596,5.21635397005473E-5,0.0091556779688686));
#3536=CARTESIAN_POINT('',(-0.0090678005513272,5.27177669525872E-5,0.00916016282331682));
#3537=CARTESIAN_POINT('',(-0.00906714204773256,5.32724746804877E-5,0.00916464783598529));
#3538=CARTESIAN_POINT('',(-0.00895980146161447,4.33291084791674E-7,0.00914548404096863));
#3539=CARTESIAN_POINT('',(-0.00895978062748919,4.42444416981751E-7,0.00914558192865141));
#3540=CARTESIAN_POINT('',(-0.00895975979336391,4.51597749171612E-7,0.00914567981633418));
#3541=CARTESIAN_POINT('',(-0.00895973895923862,4.60751081361038E-7,0.00914577770401695));
#3542=CARTESIAN_POINT('',(-0.00895878747570365,8.78778944361433E-7,0.00915024818296323));
#3543=CARTESIAN_POINT('',(-0.00895783780868151,1.29770238748231E-6,0.00915471874710744));
#3544=CARTESIAN_POINT('',(-0.00895688626856122,1.715355734613E-6,0.00915918925448315));
#3545=CARTESIAN_POINT('',(-0.00889369460647375,-9.79418420992426E-7,0.00913946791955838));
#3546=CARTESIAN_POINT('',(-0.00889366993987323,-9.70341639042454E-7,0.00913956545796533));
#3547=CARTESIAN_POINT('',(-0.00889364527327271,-9.61264857092699E-7,0.00913966299637228));
#3548=CARTESIAN_POINT('',(-0.00889362060667219,-9.5218807514251E-7,0.00913976053477924));
#3549=CARTESIAN_POINT('',(-0.00889249409601051,-5.37656221342997E-7,0.00914421506248263));
#3550=CARTESIAN_POINT('',(-0.00889136525098311,-1.24052940852007E-7,0.0091486694590132));
#3551=CARTESIAN_POINT('',(-0.00889023881905902,2.90510107256794E-7,0.00915312399000186));
#3552=CARTESIAN_POINT('',(-0.00886008525575918,-1.26756631093575E-6,0.00913636927129955));
#3553=CARTESIAN_POINT('',(-0.00886005860977454,-1.25851280951845E-6,0.00913646662780199));
#3554=CARTESIAN_POINT('',(-0.00886003196378991,-1.24945930810114E-6,0.00913656398430444));
#3555=CARTESIAN_POINT('',(-0.00886000531780527,-1.24040580668644E-6,0.00913666134080688));
#3556=CARTESIAN_POINT('',(-0.00885878840971278,-8.26937162546129E-7,0.00914110756102717));
#3557=CARTESIAN_POINT('',(-0.00885757150167105,-4.13468548962972E-7,0.009145553780811));
#3558=CARTESIAN_POINT('',(-0.00885635459368209,-8.96505092384814E-15,0.00914999999991468));
#3559=CARTESIAN_POINT('',(-0.00916,0.000303645394038807,0.00914999999999893));
#3560=CARTESIAN_POINT('',(-0.0091599999995032,0.000221070975924568,0.00914999999999893));
#3561=CARTESIAN_POINT('',(-0.00911471037932685,4.48741014355573E-5,0.00915000000004017));
#3562=CARTESIAN_POINT('',(-0.00893887072340639,-3.93447788436553E-15,0.00914999999991667));
#3563=CARTESIAN_POINT('',(-0.00885635459370393,-8.77423134149069E-15,0.00914999999991669));
#3564=CARTESIAN_POINT('',(-0.00885635459368435,-1.00440489259057E-15,0.009149999999999));
#3565=CARTESIAN_POINT('',(-0.0087732274682142,8.62434872631549E-5,0.010077416244621));
#3566=CARTESIAN_POINT('',(-0.00863508359220749,0.000229784783290947,0.011020033899181));
#3567=CARTESIAN_POINT('',(-0.00823261029529363,0.000647296656106045,0.0127383263636617));
#3568=CARTESIAN_POINT('',(-0.00797979986102701,0.000909470133041074,0.0135109918816294));
#3569=CARTESIAN_POINT('',(-0.00727177140428123,0.00164181758145814,0.0150670390674758));
#3570=CARTESIAN_POINT('',(-0.00680272780308083,0.00212630853894993,0.0158368433496913));
#3571=CARTESIAN_POINT('',(-0.00623052307273499,0.00271660488099937,0.0165689412464822));
#3572=CARTESIAN_POINT('',(-0.0059075697291229,-3.38271077815478E-16,0.00914999999999966));
#3573=CARTESIAN_POINT('',(-0.00585215164547623,8.88199898392041E-5,0.0101048712943284));
#3574=CARTESIAN_POINT('',(-0.00576040456350835,0.000238058852847814,0.0110616600141716));
#3575=CARTESIAN_POINT('',(-0.00549340750983412,0.000665564279577615,0.0127927454221653));
#3576=CARTESIAN_POINT('',(-0.00532657611428358,0.000932584591312903,0.0135653269860376));
#3577=CARTESIAN_POINT('',(-0.00485345904941882,0.00166663564641666,0.0151079068801021));
#3578=CARTESIAN_POINT('',(-0.00453896793494877,0.00214702930086417,0.0158634484443098));
#3579=CARTESIAN_POINT('',(-0.00415709588917974,0.00272275634045814,0.0165765307320228));
#3580=CARTESIAN_POINT('',(-0.00295878486456145,3.27862736959616E-16,0.00915000000000033));
#3581=CARTESIAN_POINT('',(-0.00293107582273824,9.13531132341553E-5,0.0101323624240794));
#3582=CARTESIAN_POINT('',(-0.00288459894047799,0.000238605066838075,0.0110765632036748));
#3583=CARTESIAN_POINT('',(-0.00274881999133365,0.000664533185202806,0.0128057357929188));
#3584=CARTESIAN_POINT('',(-0.0026624486120179,0.000939007631757334,0.0135930288926063));
#3585=CARTESIAN_POINT('',(-0.00242778932866572,0.00168347458540001,0.0151382710250421));
#3586=CARTESIAN_POINT('',(-0.00227364903872178,0.00216646407122113,0.0158875947578366));
#3587=CARTESIAN_POINT('',(-0.00208340870007939,0.00272870770369743,0.0165837045693299));
#3588=CARTESIAN_POINT('',(-9.99999999999544E-6,9.95731275210687E-16,0.009150000000001));
#3589=CARTESIAN_POINT('',(-1.0000000000245E-5,9.39079262196555E-5,0.0101598355138086));
#3590=CARTESIAN_POINT('',(-1.00000000004973E-5,0.000247416408107895,0.0111200990764351));
#3591=CARTESIAN_POINT('',(-1.00000000009913E-5,0.000684179629208036,0.0128630942290454));
#3592=CARTESIAN_POINT('',(-1.00000000012329E-5,0.000963314403642647,0.0136492525436713));
#3593=CARTESIAN_POINT('',(-1.00000000017489E-5,0.00170884878303857,0.0151798947576605));
#3594=CARTESIAN_POINT('',(-1.00000000020237E-5,0.0021872622885869,0.0159143862586852));
#3595=CARTESIAN_POINT('',(-1.00000000023007E-5,0.00273487338775323,0.0165913236027982));
#3596=CARTESIAN_POINT('',(-0.004585,-3.98986399474665E-17,0.00915));
#3597=CARTESIAN_POINT('',(-0.00595320874545552,0.014208611844624,0.0162556860503029));
#3598=CARTESIAN_POINT('',(-0.00580985853761985,0.00915002933049006,0.0167689398249008));
#3599=CARTESIAN_POINT('',(-0.00581635885381665,0.0108455519673874,0.016786964441786));
#3600=CARTESIAN_POINT('',(-0.00583376586486553,0.0125282402762205,0.016807861813518));
#3601=CARTESIAN_POINT('',(-0.00586215477559381,0.0141981421636245,0.0168270797653752));
#3602=CARTESIAN_POINT('',(-0.00586125544651234,0.0141980925193919,0.016832722027123));
#3603=CARTESIAN_POINT('',(-0.00586215475592517,0.0141981421646167,0.0168270797622489));
#3604=CARTESIAN_POINT('',(-0.00608135669494861,0.01420028612968,0.0168620370527552));
#3605=CARTESIAN_POINT('',(-0.00631657756068107,0.0142039685921772,0.0167577651529459));
#3606=CARTESIAN_POINT('',(-0.0064378537481564,0.0142078941762641,0.0165718859032598));
#3607=CARTESIAN_POINT('',(-0.00643889177956101,0.0142078954482681,0.0165725631880443));
#3608=CARTESIAN_POINT('',(-0.00643785375031125,0.0142078939274418,0.016571885900516));
#3609=CARTESIAN_POINT('',(-0.00645140980865006,0.0125219289226155,0.0165548952951493));
#3610=CARTESIAN_POINT('',(-0.00646498059631061,0.0108359644264955,0.0165378634805234));
#3611=CARTESIAN_POINT('',(-0.00647856550472339,0.00915000043861598,0.01652079018986));
#3612=CARTESIAN_POINT('',(-0.00505797667091543,0.0150012233246816,0.0168327187811353));
#3613=CARTESIAN_POINT('',(-0.00508891497009572,0.0150017339929275,0.016833177509518));
#3614=CARTESIAN_POINT('',(-0.00521406570087573,0.0150034110676001,0.0168350331295502));
#3615=CARTESIAN_POINT('',(-0.0053950638392139,0.0150041197014569,0.0168375429683826));
#3616=CARTESIAN_POINT('',(-0.00559293758105844,0.0149555677755894,0.0168390972505686));
#3617=CARTESIAN_POINT('',(-0.00569966614748147,0.0148832164350049,0.0168393507978126));
#3618=CARTESIAN_POINT('',(-0.00576020304780885,0.0148122945866672,0.0168392699886272));
#3619=CARTESIAN_POINT('',(-0.00580858479718319,0.0147362223241266,0.0168390339499631));
#3620=CARTESIAN_POINT('',(-0.00584718377164119,0.0146203017152676,0.0168382794255184));
#3621=CARTESIAN_POINT('',(-0.00586597958040155,0.0144291797850081,0.0168361571671031));
#3622=CARTESIAN_POINT('',(-0.00586273504884321,0.0142879154778394,0.0168340535399363));
#3623=CARTESIAN_POINT('',(-0.00586125544948424,0.0141980925201099,0.0168327219658689));
#3624=CARTESIAN_POINT('',(-0.00505861543161159,0.0150638461707041,0.0168357687536251));
#3625=CARTESIAN_POINT('',(-0.00508953668965279,0.0150643294921644,0.0168361460032234));
#3626=CARTESIAN_POINT('',(-0.00521527952563082,0.0150651471934833,0.0168376760312701));
#3627=CARTESIAN_POINT('',(-0.0054006941727195,0.0150630482537353,0.0168396502632449));
#3628=CARTESIAN_POINT('',(-0.00561447573847471,0.0150025082033855,0.0168406729457534));
#3629=CARTESIAN_POINT('',(-0.00573204515852183,0.0149202387488819,0.016840793489276));
#3630=CARTESIAN_POINT('',(-0.00579960410113784,0.0148420015419427,0.0168407536112706));
#3631=CARTESIAN_POINT('',(-0.00585481620708345,0.0147584027667989,0.0168406197214293));
#3632=CARTESIAN_POINT('',(-0.00590145581699569,0.0146322596715223,0.0168401494714705));
#3633=CARTESIAN_POINT('',(-0.00592715545390739,0.0144312884554606,0.0168385795103747));
#3634=CARTESIAN_POINT('',(-0.00592506378768997,0.0142886247738647,0.0168368713153175));
#3635=CARTESIAN_POINT('',(-0.00592386847584586,0.0141987333370865,0.016835771215715));
#3636=CARTESIAN_POINT('',(-0.00505992298415878,0.0151894680395431,0.0168399464865009));
#3637=CARTESIAN_POINT('',(-0.00509088919442303,0.0151896975493049,0.0168400980469811));
#3638=CARTESIAN_POINT('',(-0.00521762441183562,0.0151892959691439,0.0168411746533731));
#3639=CARTESIAN_POINT('',(-0.0054117880391317,0.015181365179864,0.0168420983936332));
#3640=CARTESIAN_POINT('',(-0.00565760798767546,0.015096749253437,0.0168424513003959));
#3641=CARTESIAN_POINT('',(-0.00579684006070836,0.0149946373727723,0.0168423642255792));
#3642=CARTESIAN_POINT('',(-0.00587878682360091,0.0149014914977248,0.0168424143745687));
#3643=CARTESIAN_POINT('',(-0.00594754002092047,0.0148028637423631,0.0168423782507172));
#3644=CARTESIAN_POINT('',(-0.00601037163412682,0.0146561837302801,0.0168423052967332));
#3645=CARTESIAN_POINT('',(-0.00604982126278394,0.0144354890808376,0.0168415248302672));
#3646=CARTESIAN_POINT('',(-0.00605022936345773,0.0142898721586941,0.0168405590072812));
#3647=CARTESIAN_POINT('',(-0.00604947086244871,0.0142000450000573,0.016839948361191));
#3648=CARTESIAN_POINT('',(-0.0050628399288503,0.0153785842918635,0.0167759680992957));
#3649=CARTESIAN_POINT('',(-0.00509380139896955,0.0153784126941501,0.0167760246864086));
#3650=CARTESIAN_POINT('',(-0.00522219067865322,0.0153749332428835,0.0167770783553753));
#3651=CARTESIAN_POINT('',(-0.00542912494898818,0.0153577880307187,0.0167848801269098));
#3652=CARTESIAN_POINT('',(-0.00572244694406908,0.0152379172866914,0.0168006273467989));
#3653=CARTESIAN_POINT('',(-0.00589428898938621,0.0151061607805478,0.0168039901771969));
#3654=CARTESIAN_POINT('',(-0.00599745003861163,0.0149909051985986,0.0168029974598903));
#3655=CARTESIAN_POINT('',(-0.0060865245263433,0.0148696949718765,0.0168002389565144));
#3656=CARTESIAN_POINT('',(-0.00617310358050648,0.0146924048846414,0.0167917570366714));
#3657=CARTESIAN_POINT('',(-0.00623308313567158,0.0144426697270487,0.0167789501559381));
#3658=CARTESIAN_POINT('',(-0.00623797385355791,0.014292885905927,0.0167762412521287));
#3659=CARTESIAN_POINT('',(-0.00623856046445474,0.0142029676324178,0.0167759943558509));
#3660=CARTESIAN_POINT('',(-0.00506560276297311,0.0155016019343843,0.0166702397312121));
#3661=CARTESIAN_POINT('',(-0.00509658660186509,0.0155012481832104,0.0166704867188085));
#3662=CARTESIAN_POINT('',(-0.00522604297210538,0.01549683791044,0.0166730273737934));
#3663=CARTESIAN_POINT('',(-0.0054407341436743,0.0154776550615587,0.0166917097494003));
#3664=CARTESIAN_POINT('',(-0.00576824977308439,0.0153383394785979,0.0167292785586503));
#3665=CARTESIAN_POINT('',(-0.00596412842037492,0.015186148486334,0.0167376570277425));
#3666=CARTESIAN_POINT('',(-0.00608233396245276,0.015054787798392,0.0167351503983224));
#3667=CARTESIAN_POINT('',(-0.00618509127761785,0.0149170875398018,0.0167284397262479));
#3668=CARTESIAN_POINT('',(-0.00628577733051474,0.0147175046623854,0.0167080363425847));
#3669=CARTESIAN_POINT('',(-0.00635464437015125,0.0144479356303686,0.016677718588122));
#3670=CARTESIAN_POINT('',(-0.00636064294102414,0.0142956062759669,0.0166710488624513));
#3671=CARTESIAN_POINT('',(-0.00636156756613304,0.0142057338814394,0.0166702956934906));
#3672=CARTESIAN_POINT('',(-0.0050672210078569,0.0155602811410001,0.0165975546504744));
#3673=CARTESIAN_POINT('',(-0.00509821014456643,0.0155598984523947,0.0165979337784103));
#3674=CARTESIAN_POINT('',(-0.00522823125245051,0.0155553249767327,0.0166016326262842));
#3675=CARTESIAN_POINT('',(-0.00544635587331472,0.0155373179009775,0.0166272378337624));
#3676=CARTESIAN_POINT('',(-0.00579210506273117,0.0153910572421694,0.0166791090254774));
#3677=CARTESIAN_POINT('',(-0.00600116494237506,0.0152284940882033,0.016690858421289));
#3678=CARTESIAN_POINT('',(-0.00612715060696816,0.015088520541201,0.01668734366626));
#3679=CARTESIAN_POINT('',(-0.00623670696749921,0.0149418627716152,0.0166779909717855));
#3680=CARTESIAN_POINT('',(-0.00634315233589075,0.014730228401811,0.0166497362429576));
#3681=CARTESIAN_POINT('',(-0.00641361964523877,0.0144506356702698,0.0166080919503582));
#3682=CARTESIAN_POINT('',(-0.00641930121228882,0.0142972082280858,0.016598802646885));
#3683=CARTESIAN_POINT('',(-0.00642024677206731,0.0142073536911618,0.0165976291626546));
#3684=CARTESIAN_POINT('',(-0.00506776401094696,0.0155799637754235,0.0165731593261756));
#3685=CARTESIAN_POINT('',(-0.00509872581977557,0.0155796057364424,0.0165736043672928));
#3686=CARTESIAN_POINT('',(-0.00522901574184427,0.0155747350230304,0.0165775158631939));
#3687=CARTESIAN_POINT('',(-0.00544825895613887,0.0155571256489051,0.0166054899421175));
#3688=CARTESIAN_POINT('',(-0.00580007192599455,0.0154086617225018,0.0166622698627206));
#3689=CARTESIAN_POINT('',(-0.00601358492347908,0.015242635602791,0.0166752039655062));
#3690=CARTESIAN_POINT('',(-0.00614209608066076,0.0150998232478974,0.0166713153341579));
#3691=CARTESIAN_POINT('',(-0.00625395638858434,0.0149501424135384,0.0166610793583635));
#3692=CARTESIAN_POINT('',(-0.00636224326517867,0.0147344764634009,0.016630091512413));
#3693=CARTESIAN_POINT('',(-0.00643324304083823,0.0144515485077966,0.0165846219462784));
#3694=CARTESIAN_POINT('',(-0.00643889276289938,0.014297787756387,0.0165745254494917));
#3695=CARTESIAN_POINT('',(-0.00643992980377889,0.0142078972177461,0.0165732404818418));
#3696=CARTESIAN_POINT('',(-0.00586125544948602,0.0141980925202183,0.0168327219658705));
#3697=CARTESIAN_POINT('',(-0.00586318679235989,0.0143153397521894,0.0168344600891467));
#3698=CARTESIAN_POINT('',(-0.00587645555759282,0.0145493781503924,0.0168380378663957));
#3699=CARTESIAN_POINT('',(-0.00575641227584851,0.0148965159621327,0.0168399406833255));
#3700=CARTESIAN_POINT('',(-0.00540838498876592,0.0150166052472183,0.016838037810635));
#3701=CARTESIAN_POINT('',(-0.00517522403634354,0.0150031586122706,0.0168344572313974));
#3702=CARTESIAN_POINT('',(-0.00505797667091543,0.0150012233246816,0.0168327187811353));
#3703=CARTESIAN_POINT('',(-0.00505797665864666,0.0150012233217028,0.0168327188384114));
#3704=CARTESIAN_POINT('',(-0.00506776104617962,0.0155778899945784,0.0165718066006943));
#3705=CARTESIAN_POINT('',(-0.00506383733817084,0.0154566174535521,0.0167577307286576));
#3706=CARTESIAN_POINT('',(-0.00506016173810012,0.0152213599096904,0.0168620381750789));
#3707=CARTESIAN_POINT('',(-0.00505802631139157,0.0150021223189947,0.0168270780823932));
#3708=CARTESIAN_POINT('',(-0.00506776401142256,0.0155799637760348,0.0165731593254179));
#3709=CARTESIAN_POINT('',(-0.00506776401094696,0.0155799637754235,0.0165731593261756));
#3710=CARTESIAN_POINT('',(-0.00518510042761356,0.015578606909896,0.0165748459049618));
#3711=CARTESIAN_POINT('',(-0.00544170189009098,0.0155846632865893,0.0166027259265238));
#3712=CARTESIAN_POINT('',(-0.0061099682377614,0.0152489249567622,0.0167081216418685));
#3713=CARTESIAN_POINT('',(-0.00644256996608648,0.0145849061292058,0.0166029779049367));
#3714=CARTESIAN_POINT('',(-0.00643857612051167,0.0143252331844505,0.0165749178019925));
#3715=CARTESIAN_POINT('',(-0.00643992979773468,0.0142078977416548,0.016573240489331));
#3716=CARTESIAN_POINT('',(-0.00506849922238242,0.0150931750795195,0.0162556473800021));
#3717=CARTESIAN_POINT('',(-9.99643027060643E-6,0.0156186831425209,0.016520288536867));
#3718=CARTESIAN_POINT('',(-0.00169591742154628,0.015605070712299,0.0165375061370119));
#3719=CARTESIAN_POINT('',(-0.00338183895995825,0.015591472760906,0.0165546787250008));
#3720=CARTESIAN_POINT('',(-0.00506776104611852,0.0155778899945127,0.0165718066007952));
#3721=CARTESIAN_POINT('',(-0.005058026299001,0.0150021223372458,0.0168270780851929));
#3722=CARTESIAN_POINT('',(-0.00338329695406358,0.0149735961615331,0.0168077933777435));
#3723=CARTESIAN_POINT('',(-0.00170065426266802,0.0149561227744022,0.0167868690582328));
#3724=CARTESIAN_POINT('',(-1.00498392982462E-5,0.0149496305312748,0.0167688994495977));
#3725=CARTESIAN_POINT('',(-0.00789626246246104,0.015902705039843,0.0142640056714997));
#3726=CARTESIAN_POINT('',(-0.00776832447747342,0.0157401459420172,0.0145346584020335));
#3727=CARTESIAN_POINT('',(-0.00738997147601848,0.0152752714489899,0.0152572841321676));
#3728=CARTESIAN_POINT('',(-0.00694524398290166,0.0147671362264367,0.0159190357221779));
#3729=CARTESIAN_POINT('',(-0.00657670123610391,0.0143582967467029,0.0164014751066629));
#3730=CARTESIAN_POINT('',(-0.00650870134534687,0.0142833151504326,0.0164880300444072));
#3731=CARTESIAN_POINT('',(-0.00643982118783677,0.0142077781033188,0.016573375062843));
#3732=CARTESIAN_POINT('',(-0.00786846284611818,0.0160550001810497,0.0143228157432053));
#3733=CARTESIAN_POINT('',(-0.00773682716579862,0.0158953771706946,0.014597202145453));
#3734=CARTESIAN_POINT('',(-0.00734754481779888,0.0154368614490537,0.0153291134408246));
#3735=CARTESIAN_POINT('',(-0.0068912271510405,0.0149314064074139,0.0159964946646235));
#3736=CARTESIAN_POINT('',(-0.0065143286461057,0.0145237256571611,0.0164816345109273));
#3737=CARTESIAN_POINT('',(-0.00644482020277828,0.0144489121022597,0.0165686325254399));
#3738=CARTESIAN_POINT('',(-0.00637446656537318,0.0143735136705702,0.0166543518152294));
#3739=CARTESIAN_POINT('',(-0.00780355100852807,0.0163585944356762,0.014435563235356));
#3740=CARTESIAN_POINT('',(-0.0076644673010692,0.0162050048534188,0.0147171406863829));
#3741=CARTESIAN_POINT('',(-0.00725344365386023,0.0157597201878716,0.0154669930408859));
#3742=CARTESIAN_POINT('',(-0.00677430913935879,0.0152600566806793,0.016145190907127));
#3743=CARTESIAN_POINT('',(-0.00638105856906382,0.0148549380524364,0.0166356075081655));
#3744=CARTESIAN_POINT('',(-0.00630861475635752,0.0147805089805747,0.0167234495789775));
#3745=CARTESIAN_POINT('',(-0.00623538479427484,0.0147054261974754,0.0168099041670949));
#3746=CARTESIAN_POINT('',(-0.00747990470381797,0.0167584424735103,0.0144714810914322));
#3747=CARTESIAN_POINT('',(-0.00733174408782724,0.0166135009907925,0.0147553591609823));
#3748=CARTESIAN_POINT('',(-0.00689849694855565,0.0161877440916184,0.0155109779360338));
#3749=CARTESIAN_POINT('',(-0.00640429619910245,0.0156977057004845,0.0161926076390153));
#3750=CARTESIAN_POINT('',(-0.00600186172672238,0.0152974110117826,0.0166847223183598));
#3751=CARTESIAN_POINT('',(-0.00592784700944517,0.0152237306221655,0.0167728489374586));
#3752=CARTESIAN_POINT('',(-0.00585313416690354,0.0151493159860042,0.016859548492311));
#3753=CARTESIAN_POINT('',(-0.00710325001749867,0.0169709460338289,0.0143938319393194));
#3754=CARTESIAN_POINT('',(-0.00694737304255793,0.0168346845496924,0.0146727663942822));
#3755=CARTESIAN_POINT('',(-0.00649703726229025,0.0164318321466464,0.0154160475780608));
#3756=CARTESIAN_POINT('',(-0.00599514752358309,0.0159612542045975,0.0160901646131507));
#3757=CARTESIAN_POINT('',(-0.00558917608270007,0.0155739794581991,0.0165787015540692));
#3758=CARTESIAN_POINT('',(-0.00551462786699072,0.0155025984671692,0.0166662502781635));
#3759=CARTESIAN_POINT('',(-0.00543945604268091,0.0154303926909748,0.0167524632600167));
#3760=CARTESIAN_POINT('',(-0.00687713774545846,0.0170151159230944,0.0143078161207515));
#3761=CARTESIAN_POINT('',(-0.00671675833143078,0.0168844568501824,0.0145812795670349));
#3762=CARTESIAN_POINT('',(-0.00625653253563247,0.0164980174488766,0.0153109224870961));
#3763=CARTESIAN_POINT('',(-0.00575027453795956,0.0160448399901062,0.0159767800096326));
#3764=CARTESIAN_POINT('',(-0.00534232440657836,0.0156700827058411,0.0164613383228378));
#3765=CARTESIAN_POINT('',(-0.0052674762486287,0.01560095016113,0.0165482524639614));
#3766=CARTESIAN_POINT('',(-0.00519205154504791,0.0155309457197801,0.0166339191400001));
#3767=CARTESIAN_POINT('',(-0.00676292773894148,0.0170359427214613,0.0142636683707801));
#3768=CARTESIAN_POINT('',(-0.00660034710436927,0.0169080612035196,0.0145343323166886));
#3769=CARTESIAN_POINT('',(-0.00613534957216817,0.016529819055909,0.0152570179741142));
#3770=CARTESIAN_POINT('',(-0.00562708952461853,0.0160853380921897,0.0159186375281337));
#3771=CARTESIAN_POINT('',(-0.00521827063699677,0.0157168618171953,0.0164011815205848));
#3772=CARTESIAN_POINT('',(-0.00514329479091017,0.0156488617789259,0.0164877678373677));
#3773=CARTESIAN_POINT('',(-0.00506776401094663,0.0155799637754236,0.0165731593261755));
#3774=CARTESIAN_POINT('',(-0.00506776401094663,0.0155799637754236,0.0165731593261755));
#3775=CARTESIAN_POINT('',(-0.00567787174006501,0.0161364945629762,0.0158834006960161));
#3776=CARTESIAN_POINT('',(-0.00625406575089447,0.016635685682082,0.015110820886638));
#3777=CARTESIAN_POINT('',(-0.00676292773894148,0.0170359427214613,0.0142636683707801));
#3778=CARTESIAN_POINT('',(-0.00676292773781761,0.0170359451068827,0.014263669497534));
#3779=CARTESIAN_POINT('',(-0.00789594281987651,0.0159027061441632,0.0142638990968533));
#3780=CARTESIAN_POINT('',(-0.00781517168331147,0.0165190540823071,0.0145125374101969));
#3781=CARTESIAN_POINT('',(-0.00737897460884819,0.0169546392890715,0.0145121587227089));
#3782=CARTESIAN_POINT('',(-0.00676292917067547,0.017035494023997,0.0142635192603498));
#3783=CARTESIAN_POINT('',(-0.00789626237826079,0.015902705039843,0.0142640056316941));
#3784=CARTESIAN_POINT('',(-0.00643992980377647,0.0142078383168842,0.0165732404818448));
#3785=CARTESIAN_POINT('',(-0.00644215097724485,0.0142105280041062,0.0165704882894212));
#3786=CARTESIAN_POINT('',(-0.00645869105729739,0.0142288180429457,0.0165500644054704));
#3787=CARTESIAN_POINT('',(-0.00651837042203975,0.0142940619047679,0.0164752846022382));
#3788=CARTESIAN_POINT('',(-0.00657224067706099,0.0143534974080784,0.0164064666836463));
#3789=CARTESIAN_POINT('',(-0.00660144344502924,0.0143857828141339,0.0163688433250183));
#3790=CARTESIAN_POINT('',(-0.00666418781530259,0.0144552702854151,0.0162873234407122));
#3791=CARTESIAN_POINT('',(-0.00674627753333256,0.014546642970202,0.0161781724452485));
#3792=CARTESIAN_POINT('',(-0.00687942309282597,0.0146957732670873,0.0159961469059792));
#3793=CARTESIAN_POINT('',(-0.00704176095245055,0.0148796342515724,0.0157635840634631));
#3794=CARTESIAN_POINT('',(-0.00722516400873815,0.0150906185244598,0.0154844101070773));
#3795=CARTESIAN_POINT('',(-0.00741755078090995,0.0153161398578632,0.0151705398942919));
#3796=CARTESIAN_POINT('',(-0.00764793292968184,0.0155919976487927,0.0147656845779062));
#3797=CARTESIAN_POINT('',(-0.00780234721464267,0.0157833859007013,0.0144626621821149));
#3798=CARTESIAN_POINT('',(-0.00789626204145981,0.0159027050398431,0.0142640054724716));
#3799=CARTESIAN_POINT('',(-0.00643992980377533,0.00914999999999954,0.0165732404818448));
#3800=CARTESIAN_POINT('',(-0.00643992980377734,0.0180494327212154,0.0165732404818448));
#3801=CARTESIAN_POINT('',(-0.00728586095067794,0.00914999999999937,0.0155250714277225));
#3802=CARTESIAN_POINT('',(-0.00728586095067995,0.0180494327212153,0.0155250714277225));
#3803=CARTESIAN_POINT('',(-0.00859175872218007,0.00914999999999912,0.0131455202779296));
#3804=CARTESIAN_POINT('',(-0.00859175872218209,0.018049432721215,0.0131455202779296));
#3805=CARTESIAN_POINT('',(-0.00903574066500479,0.00914999999999895,0.0104862182986601));
#3806=CARTESIAN_POINT('',(-0.00903574066500681,0.0180494327212148,0.0104862182986601));
#3807=CARTESIAN_POINT('',(-0.00916000000000207,0.00914999999999892,0.00914999999999893));
#3808=CARTESIAN_POINT('',(-0.00916000000000408,0.0180494327212148,0.00914999999999893));
#3809=CARTESIAN_POINT('',(-0.00790330029413161,0.015915482312977,0.0142417716258404));
#3810=CARTESIAN_POINT('',(-0.00790087852409216,0.0159111813889284,0.0142491183424034));
#3811=CARTESIAN_POINT('',(-0.00789842623662806,0.0159069225666067,0.0142564944326521));
#3812=CARTESIAN_POINT('',(-0.00789594281987651,0.0159027061441632,0.0142638990968533));
#3813=CARTESIAN_POINT('',(-0.00790628745523892,0.015915453987305,0.014242739666979));
#3814=CARTESIAN_POINT('',(-0.0079062874691491,0.0159154540048379,0.0142427396373903));
#3815=CARTESIAN_POINT('',(-0.00824248678879676,0.0163419221861037,0.0135276021001335));
#3816=CARTESIAN_POINT('',(-0.00850930543758382,0.016726357281246,0.0127512637056736));
#3817=CARTESIAN_POINT('',(-0.00871276925609219,0.017068759290265,0.0119157475528476));
#3818=CARTESIAN_POINT('',(-0.00871276932938691,0.017068759290265,0.0119157475706962));
#3819=CARTESIAN_POINT('',(-0.00871378584452534,0.0170742909359655,0.011902213656295));
#3820=CARTESIAN_POINT('',(-0.00871314902994636,0.0170724464695173,0.011906678901014));
#3821=CARTESIAN_POINT('',(-0.00871250685129946,0.0170706152132524,0.0119111515049005));
#3822=CARTESIAN_POINT('',(-0.00871185917808735,0.0170687971912484,0.0119156313690311));
#3823=CARTESIAN_POINT('',(-0.00871599228272897,0.0170741885158014,0.0119024859191844));
#3824=CARTESIAN_POINT('',(-0.00871599229698161,0.0170741885397039,0.0119024858604227));
#3825=CARTESIAN_POINT('',(-0.00892743090043352,0.0174305745399934,0.011030752417945));
#3826=CARTESIAN_POINT('',(-0.00907104924285755,0.0177379632246413,0.0101065287741266));
#3827=CARTESIAN_POINT('',(-0.00916000000000407,0.0179963545936476,0.00914999999999893));
#3828=CARTESIAN_POINT('',(-0.00915999999984548,0.0179963546059584,0.00915000000170877));
#3829=CARTESIAN_POINT('',(-0.00916000000000207,0.00914999999999896,0.00914999999999897));
#3830=CARTESIAN_POINT('',(-0.0091600000000033,0.0120987848645503,0.00914999999999897));
#3831=CARTESIAN_POINT('',(-0.00916000000000452,0.0150475697291016,0.00914999999999897));
#3832=CARTESIAN_POINT('',(-0.00916000000000575,0.0179963545936529,0.00914999999999897));
#3833=CARTESIAN_POINT('',(-0.00738741026776612,0.0165261122077657,0.0136439818062065));
#3834=CARTESIAN_POINT('',(-0.00676292907162015,0.0170354937398986,0.0142635201140701));
#3835=CARTESIAN_POINT('',(-0.00676714549012756,0.0170379759903671,0.0142560904016149));
#3836=CARTESIAN_POINT('',(-0.00677140463703662,0.0170404267731127,0.0142486894572526));
#3837=CARTESIAN_POINT('',(-0.0067757062108979,0.0170428467088802,0.0142413180922059));
#3838=CARTESIAN_POINT('',(-0.00677567784869574,0.017045996965768,0.0142423350044243));
#3839=CARTESIAN_POINT('',(-0.00677570629033772,0.0170428470217224,0.0142413171259936));
#3840=CARTESIAN_POINT('',(-0.00739222650140305,0.0169678227493606,0.0144907153836578));
#3841=CARTESIAN_POINT('',(-0.00782830873942591,0.0165326101420102,0.0144912405332357));
#3842=CARTESIAN_POINT('',(-0.00790330031873105,0.0159154823560734,0.0142417715511979));
#3843=CARTESIAN_POINT('',(-0.0087127693477106,0.017068759290265,0.0119157475751584));
#3844=CARTESIAN_POINT('',(-0.00862752963122046,0.0169253043040284,0.0122658020626787));
#3845=CARTESIAN_POINT('',(-0.00840385606369966,0.0165736792905736,0.0130600169230276));
#3846=CARTESIAN_POINT('',(-0.00810175435762714,0.0161634033716157,0.0138269573883667));
#3847=CARTESIAN_POINT('',(-0.00790628746917269,0.0159154540048379,0.0142427396373401));
#3848=CARTESIAN_POINT('',(-0.00870642633501981,0.0171820008144835,0.011941796465833));
#3849=CARTESIAN_POINT('',(-0.00861951650879692,0.0170461964264626,0.0122959928362907));
#3850=CARTESIAN_POINT('',(-0.00839080564490905,0.0167105475640024,0.0131009738572748));
#3851=CARTESIAN_POINT('',(-0.00808002454332036,0.0163111290159076,0.0138796898721351));
#3852=CARTESIAN_POINT('',(-0.0078787811269468,0.0160675238685549,0.0143012490295057));
#3853=CARTESIAN_POINT('',(-0.00868611203622447,0.0174067114671773,0.0119916048532687));
#3854=CARTESIAN_POINT('',(-0.0085954247568825,0.0172862056424384,0.0123537576920973));
#3855=CARTESIAN_POINT('',(-0.00835582427248015,0.0169826133113896,0.0131793703603832));
#3856=CARTESIAN_POINT('',(-0.00802728304810687,0.016605223424979,0.0139807292351447));
#3857=CARTESIAN_POINT('',(-0.0078144593591025,0.0163706539630289,0.0144134171287168));
#3858=CARTESIAN_POINT('',(-0.0084587974367756,0.0176991458121585,0.0120075099701095));
#3859=CARTESIAN_POINT('',(-0.00835153223232895,0.0175988914181194,0.0123721834180165));
#3860=CARTESIAN_POINT('',(-0.00807586183080462,0.0173381508197052,0.0132043558904734));
#3861=CARTESIAN_POINT('',(-0.00771808592456121,0.0169914958810175,0.0140129190650422));
#3862=CARTESIAN_POINT('',(-0.00749152643509985,0.016769836028494,0.0144491314472934));
#3863=CARTESIAN_POINT('',(-0.00818121877011588,0.0178361634114132,0.0119733053471374));
#3864=CARTESIAN_POINT('',(-0.00805492863291699,0.0177469958212241,0.0123325087780253));
#3865=CARTESIAN_POINT('',(-0.00773924177710878,0.0175117043254377,0.0131504143286263));
#3866=CARTESIAN_POINT('',(-0.00735348462420829,0.0171900157282032,0.0139433352024836));
#3867=CARTESIAN_POINT('',(-0.00711547539158933,0.0169816604447107,0.0143718555444033));
#3868=CARTESIAN_POINT('',(-0.00801383223891816,0.0178475855121558,0.0119353292450441));
#3869=CARTESIAN_POINT('',(-0.00787615242446137,0.0177610260498159,0.0122884583062543));
#3870=CARTESIAN_POINT('',(-0.00753660620654366,0.0175334917041958,0.013090603044599));
#3871=CARTESIAN_POINT('',(-0.0071344506674974,0.0172250194473005,0.0138662428332447));
#3872=CARTESIAN_POINT('',(-0.00688971574861671,0.0170253873738354,0.0142862641767491));
#3873=CARTESIAN_POINT('',(-0.00792889788410951,0.0178523091894962,0.011915798391513));
#3874=CARTESIAN_POINT('',(-0.00778548013654766,0.0177669974935168,0.0122658173359318));
#3875=CARTESIAN_POINT('',(-0.00743395539519206,0.0175432393034703,0.0130598682462343));
#3876=CARTESIAN_POINT('',(-0.0070236640109461,0.0172412860827769,0.0138266579505815));
#3877=CARTESIAN_POINT('',(-0.00677567784921425,0.0170459943849112,0.0142423337921354));
#3878=CARTESIAN_POINT('',(-0.00677567784923322,0.0170459943849078,0.0142423337921427));
#3879=CARTESIAN_POINT('',(-0.00721639500251425,0.017393063755804,0.0135036011455365));
#3880=CARTESIAN_POINT('',(-0.00760094511987608,0.0176572272906715,0.0127161852495852));
#3881=CARTESIAN_POINT('',(-0.00792889788412441,0.0178523091894954,0.0119157983915164));
#3882=CARTESIAN_POINT('',(-0.00792890739440382,0.0178523157157875,0.0119157753833187));
#3883=CARTESIAN_POINT('',(-0.00871185917808735,0.0170687971912484,0.0119156313690311));
#3884=CARTESIAN_POINT('',(-0.00871687946492383,0.0175213251957809,0.0120239040058248));
#3885=CARTESIAN_POINT('',(-0.00838089560040068,0.01785724180673,0.0120239572562774));
#3886=CARTESIAN_POINT('',(-0.00792893633366088,0.017851519343167,0.0119156966644427));
#3887=CARTESIAN_POINT('',(-0.00824383496808597,0.0173848444049884,0.0115151188263484));
#3888=CARTESIAN_POINT('',(-0.00792894216592386,0.0178515227467399,0.0119156724388372));
#3889=CARTESIAN_POINT('',(-0.00793075669602626,0.0178521834332116,0.0119111997606289));
#3890=CARTESIAN_POINT('',(-0.0079325843880143,0.0178528387109083,0.011906734273358));
#3891=CARTESIAN_POINT('',(-0.00793442521780205,0.0178534887084222,0.0119022760748373));
#3892=CARTESIAN_POINT('',(-0.00793432569213234,0.0178555364905464,0.0119025334431319));
#3893=CARTESIAN_POINT('',(-0.00793442514292111,0.0178534887271133,0.0119022758972601));
#3894=CARTESIAN_POINT('',(-0.00838541950443885,0.0178618287102726,0.0120101832400925));
#3895=CARTESIAN_POINT('',(-0.00872143782729592,0.0175260690795841,0.0120101770710266));
#3896=CARTESIAN_POINT('',(-0.00871378586534676,0.0170742909958418,0.0119022135101364));
#3897=CARTESIAN_POINT('',(-0.00916000000001162,0.0179963545936476,0.00914999999991772));
#3898=CARTESIAN_POINT('',(-0.00910028817814519,0.017822898853709,0.00979210893305347));
#3899=CARTESIAN_POINT('',(-0.00897668890487828,0.0175361586795709,0.0107150714669242));
#3900=CARTESIAN_POINT('',(-0.00878359684508362,0.0171881379988193,0.0116237612354868));
#3901=CARTESIAN_POINT('',(-0.00871599229698159,0.0170741885397038,0.0119024858604228));
#3902=CARTESIAN_POINT('',(-0.009159612653195,0.018041533560817,0.00915416532003332));
#3903=CARTESIAN_POINT('',(-0.00909950981071345,0.017884831903563,0.00979904569561181));
#3904=CARTESIAN_POINT('',(-0.00897492221567218,0.0176218711277141,0.0107280542029248));
#3905=CARTESIAN_POINT('',(-0.0087786433941258,0.0172949961061801,0.0116463463009815));
#3906=CARTESIAN_POINT('',(-0.00870971239411877,0.0171871400597628,0.0119283770706921));
#3907=CARTESIAN_POINT('',(-0.00915562811821481,0.0181309895308216,0.00916211358992865));
#3908=CARTESIAN_POINT('',(-0.0090935831088879,0.0180075503861158,0.00981228582519663));
#3909=CARTESIAN_POINT('',(-0.00896540167989618,0.0177916836659359,0.0107528388634498));
#3910=CARTESIAN_POINT('',(-0.00876147435024937,0.0175069414199846,0.0116895193548618));
#3911=CARTESIAN_POINT('',(-0.00868954629396308,0.0174112697152614,0.0119778841703525));
#3912=CARTESIAN_POINT('',(-0.00906709792521763,0.0182467581000205,0.00916464657612829));
#3913=CARTESIAN_POINT('',(-0.00897193028734721,0.0181663838411049,0.00981651171653478));
#3914=CARTESIAN_POINT('',(-0.00879636049380562,0.0180117875275788,0.0107607686985299));
#3915=CARTESIAN_POINT('',(-0.00854798369997743,0.0177824825137608,0.0117033120675194));
#3916=CARTESIAN_POINT('',(-0.0084628562367582,0.0177029379721637,0.0119936912204594));
#3917=CARTESIAN_POINT('',(-0.00895688393022852,0.0182982797188629,0.00915918857900308));
#3918=CARTESIAN_POINT('',(-0.00882077280685593,0.0182373893997862,0.00980742674622904));
#3919=CARTESIAN_POINT('',(-0.00858696860329529,0.0181110360951685,0.0107437858583351));
#3920=CARTESIAN_POINT('',(-0.00828627778061868,0.017910254772415,0.0116736836923527));
#3921=CARTESIAN_POINT('',(-0.00818599897715598,0.0178395358798875,0.0119596932004232));
#3922=CARTESIAN_POINT('',(-0.00889023881906308,0.0182997094898908,0.00915312399000061));
#3923=CARTESIAN_POINT('',(-0.00872934872844207,0.0182397017440122,0.00979733033197968));
#3924=CARTESIAN_POINT('',(-0.00846046138087743,0.0181152273192775,0.0107249006029593));
#3925=CARTESIAN_POINT('',(-0.00812839282632893,0.0179195098280381,0.0116407733471358));
#3926=CARTESIAN_POINT('',(-0.00801904242812837,0.0178508594679348,0.0119219462966716));
#3927=CARTESIAN_POINT('',(-0.00885635459368614,0.0183000000000071,0.00914999999991343));
#3928=CARTESIAN_POINT('',(-0.00868289885374705,0.0182402862354594,0.00979212982360648));
#3929=CARTESIAN_POINT('',(-0.00839617520892642,0.0181165390983648,0.0107151753310799));
#3930=CARTESIAN_POINT('',(-0.00804824580209583,0.017923194740207,0.0116238439848449));
#3931=CARTESIAN_POINT('',(-0.00793432569232898,0.0178555359763867,0.011902533318406));
#3932=CARTESIAN_POINT('',(-0.00793432569232898,0.0178555359763867,0.011902533318406));
#3933=CARTESIAN_POINT('',(-0.00830346554907998,0.0180747733562985,0.0109994852009202));
#3934=CARTESIAN_POINT('',(-0.0086054749977696,0.0182136323472236,0.0100787514540342));
#3935=CARTESIAN_POINT('',(-0.00885635459368614,0.0183000000000071,0.00914999999991343));
#3936=CARTESIAN_POINT('',(-0.00885635459368102,0.018300000000003,0.00914999999995652));
#3937=CARTESIAN_POINT('',(-0.00885635459368614,0.0183000000000071,0.00914999999991343));
#3938=CARTESIAN_POINT('',(-0.00893541778623233,0.0182993221430692,0.00915728931011675));
#3939=CARTESIAN_POINT('',(-0.00911281277111803,0.0182536467004759,0.00916953834364151));
#3940=CARTESIAN_POINT('',(-0.00915932214308253,0.0180754177861939,0.00915728931012012));
#3941=CARTESIAN_POINT('',(-0.00916000000001162,0.0179963545936476,0.00914999999991772));
#3942=CARTESIAN_POINT('',(-0.00916126756630309,0.0180000852557667,0.00913636927130108));
#3943=CARTESIAN_POINT('',(-0.00916125851280167,0.018000058609782,0.00913646662780352));
#3944=CARTESIAN_POINT('',(-0.00916124945930026,0.0180000319637974,0.00913656398430597));
#3945=CARTESIAN_POINT('',(-0.00916124040579885,0.0180000053178127,0.00913666134080842));
#3946=CARTESIAN_POINT('',(-0.00916082693715502,0.017998788409719,0.00914110756102875));
#3947=CARTESIAN_POINT('',(-0.00916041346855162,0.0179975715016365,0.00914555378081404));
#3948=CARTESIAN_POINT('',(-0.00916000000001162,0.0179963545936476,0.00914999999991772));
#3949=CARTESIAN_POINT('',(-0.00916088335071578,0.0180448977456648,0.00914050080267323));
#3950=CARTESIAN_POINT('',(-0.00916087428707018,0.018044873713559,0.00914059840130552));
#3951=CARTESIAN_POINT('',(-0.00916086522342457,0.0180448496814532,0.00914069599993781));
#3952=CARTESIAN_POINT('',(-0.00916085615977896,0.0180448256493474,0.00914079359857011));
#3953=CARTESIAN_POINT('',(-0.00916044222785494,0.0180437281157243,0.0091452508767332));
#3954=CARTESIAN_POINT('',(-0.00916002652537311,0.018042631112203,0.00914970803910235));
#3955=CARTESIAN_POINT('',(-0.00915961265319499,0.0180415335608169,0.0091541653200335));
#3956=CARTESIAN_POINT('',(-0.00915701203506706,0.0181336245008673,0.00914839178912388));
#3957=CARTESIAN_POINT('',(-0.00915700271433636,0.0181336056567818,0.00914848984630006));
#3958=CARTESIAN_POINT('',(-0.00915699339360566,0.0181335868126962,0.00914858790347623));
#3959=CARTESIAN_POINT('',(-0.00915698407287495,0.0181335679686106,0.00914868596065241));
#3960=CARTESIAN_POINT('',(-0.00915655840000998,0.0181327073691422,0.00915316418027319));
#3961=CARTESIAN_POINT('',(-0.00915613383071814,0.0181318464192503,0.00915764246949195));
#3962=CARTESIAN_POINT('',(-0.00915570868363128,0.0181309858702431,0.00916212074156307));
#3963=CARTESIAN_POINT('',(-0.00906916343525571,0.0182484281336909,0.00915089842631004));
#3964=CARTESIAN_POINT('',(-0.00906914900750638,0.0182484159767196,0.00915099663042451));
#3965=CARTESIAN_POINT('',(-0.00906913457975704,0.0182484038197483,0.00915109483453897));
#3966=CARTESIAN_POINT('',(-0.0090691201520077,0.018248391662777,0.00915119303865344));
#3967=CARTESIAN_POINT('',(-0.00906846124429008,0.0182478364602973,0.00915567796886859));
#3968=CARTESIAN_POINT('',(-0.00906780055133132,0.0182472822330453,0.00916016282331682));
#3969=CARTESIAN_POINT('',(-0.00906714204773668,0.0182467275253174,0.00916464783598528));
#3970=CARTESIAN_POINT('',(-0.00895980146161861,0.0182995667089132,0.00914548404096863));
#3971=CARTESIAN_POINT('',(-0.00895978062749333,0.018299557555581,0.00914558192865141));
#3972=CARTESIAN_POINT('',(-0.00895975979336805,0.0182995484022488,0.00914567981633418));
#3973=CARTESIAN_POINT('',(-0.00895973895924276,0.0182995392489166,0.00914577770401695));
#3974=CARTESIAN_POINT('',(-0.00895878747570779,0.0182991212210536,0.00915024818296323));
#3975=CARTESIAN_POINT('',(-0.00895783780868565,0.0182987022976105,0.00915471874710744));
#3976=CARTESIAN_POINT('',(-0.00895688626856536,0.0182982846442633,0.00915918925448315));
#3977=CARTESIAN_POINT('',(-0.00889369460647789,0.0183009794184189,0.00913946791955837));
#3978=CARTESIAN_POINT('',(-0.00889366993987737,0.018300970341637,0.00913956545796533));
#3979=CARTESIAN_POINT('',(-0.00889364527327685,0.0183009612648551,0.00913966299637228));
#3980=CARTESIAN_POINT('',(-0.00889362060667633,0.0183009521880731,0.00913976053477923));
#3981=CARTESIAN_POINT('',(-0.00889249409601465,0.0183005376562193,0.00914421506248263));
#3982=CARTESIAN_POINT('',(-0.00889136525098725,0.0183001240529389,0.0091486694590132));
#3983=CARTESIAN_POINT('',(-0.00889023881906316,0.0182997094898907,0.00915312399000186));
#3984=CARTESIAN_POINT('',(-0.00886008525576332,0.0183012675663089,0.00913636927129955));
#3985=CARTESIAN_POINT('',(-0.00886005860977868,0.0183012585128075,0.00913646662780199));
#3986=CARTESIAN_POINT('',(-0.00886003196379404,0.0183012494593061,0.00913656398430444));
#3987=CARTESIAN_POINT('',(-0.0088600053178094,0.0183012404058047,0.00913666134080688));
#3988=CARTESIAN_POINT('',(-0.00885878840971692,0.0183008269371605,0.00914110756102717));
#3989=CARTESIAN_POINT('',(-0.00885757150167519,0.018300413468547,0.009145553780811));
#3990=CARTESIAN_POINT('',(-0.00885635459368623,0.0183000000000069,0.00914999999991468));
#3991=CARTESIAN_POINT('',(-0.00916000000000407,0.0179963546059584,0.00914999999999893));
#3992=CARTESIAN_POINT('',(-0.00915999999950732,0.0180789290240728,0.00914999999999893));
#3993=CARTESIAN_POINT('',(-0.00911471037933133,0.0182551258985621,0.00915000000004017));
#3994=CARTESIAN_POINT('',(-0.00893887072341063,0.0183000000000018,0.00914999999991667));
#3995=CARTESIAN_POINT('',(-0.00885635459370807,0.0183000000000068,0.00914999999991669));
#3996=CARTESIAN_POINT('',(-0.00885635459368849,0.018299999999999,0.00914999999999899));
#3997=CARTESIAN_POINT('',(-0.0087732274682183,0.0182137565127349,0.010077416244621));
#3998=CARTESIAN_POINT('',(-0.00863508359221153,0.0180702152167071,0.011020033899181));
#3999=CARTESIAN_POINT('',(-0.00823261029529747,0.0176527033438923,0.0127383263636617));
#4000=CARTESIAN_POINT('',(-0.00797979986103074,0.0173905298669573,0.0135109918816294));
#4001=CARTESIAN_POINT('',(-0.00727177140428462,0.0166581824185405,0.0150670390674758));
#4002=CARTESIAN_POINT('',(-0.00680272780308401,0.016173691461049,0.0158368433496913));
#4003=CARTESIAN_POINT('',(-0.0062305230727379,0.0155833951189998,0.0165689412464822));
#4004=CARTESIAN_POINT('',(-0.00590756972912704,0.0182999999999996,0.00914999999999966));
#4005=CARTESIAN_POINT('',(-0.00585215164548032,0.0182111800101602,0.0101048712943284));
#4006=CARTESIAN_POINT('',(-0.00576040456351238,0.0180619411471515,0.0110616600141715));
#4007=CARTESIAN_POINT('',(-0.00549340750983796,0.0176344357204219,0.0127927454221653));
#4008=CARTESIAN_POINT('',(-0.00532657611428729,0.0173674154086867,0.0135653269860376));
#4009=CARTESIAN_POINT('',(-0.00485345904942221,0.0166333643535832,0.0151079068801021));
#4010=CARTESIAN_POINT('',(-0.00453896793495194,0.0161529706991358,0.0158634484443098));
#4011=CARTESIAN_POINT('',(-0.00415709588918265,0.015577243659542,0.0165765307320228));
#4012=CARTESIAN_POINT('',(-0.00295878486456559,0.0183000000000004,0.00915000000000033));
#4013=CARTESIAN_POINT('',(-0.00293107582274233,0.0182086468867665,0.0101323624240794));
#4014=CARTESIAN_POINT('',(-0.00288459894048202,0.0180613949331626,0.0110765632036748));
#4015=CARTESIAN_POINT('',(-0.00274881999133749,0.017635466814798,0.0128057357929188));
#4016=CARTESIAN_POINT('',(-0.00266244861202161,0.0173609923682435,0.0135930288926063));
#4017=CARTESIAN_POINT('',(-0.0024277893286691,0.0166165254146009,0.0151382710250421));
#4018=CARTESIAN_POINT('',(-0.00227364903872494,0.0161335359287798,0.0158875947578366));
#4019=CARTESIAN_POINT('',(-0.00208340870008229,0.0155712922963037,0.0165837045693299));
#4020=CARTESIAN_POINT('',(-1.0000000004133E-5,0.018300000000001,0.00915000000000099));
#4021=CARTESIAN_POINT('',(-1.00000000043401E-5,0.0182060920737823,0.0101598355138086));
#4022=CARTESIAN_POINT('',(-1.0000000004523E-5,0.0180525835918941,0.0111200990764351));
#4023=CARTESIAN_POINT('',(-1.00000000048195E-5,0.017615820370794,0.0128630942290454));
#4024=CARTESIAN_POINT('',(-1.00000000049349E-5,0.0173366855963594,0.0136492525436713));
#4025=CARTESIAN_POINT('',(-1.00000000051137E-5,0.0165911512169634,0.0151798947576605));
#4026=CARTESIAN_POINT('',(-1.00000000051722E-5,0.0161127377114151,0.0159143862586852));
#4027=CARTESIAN_POINT('',(-1.00000000052016E-5,0.0155651266122488,0.0165913236027982));
#4028=CARTESIAN_POINT('',(-0.00458500000000414,0.018300000000002,0.00915));
#4029=CARTESIAN_POINT('',(-0.0045850000000031,0.013725,0.00915));
#4030=CARTESIAN_POINT('',(-1.00000000036739E-5,0.009150000000001,0.016250000000001));
#4031=CARTESIAN_POINT('',(-0.00197355356868726,0.00915000000000055,0.0162500000000006));
#4032=CARTESIAN_POINT('',(-0.00393707110081984,0.00915000000000011,0.0164293588387798));
#4033=CARTESIAN_POINT('',(-0.00586812808579414,0.00914999999999967,0.0167851135755906));
#4034=CARTESIAN_POINT('',(-1.00000000041178E-5,0.011113073326433,0.016250000000001));
#4035=CARTESIAN_POINT('',(-0.00196972701009836,0.0111092467678432,0.0163094225149956));
#4036=CARTESIAN_POINT('',(-0.0039294314360366,0.0111054210174532,0.016491736950069));
#4037=CARTESIAN_POINT('',(-0.00586688543234005,0.0111015936515653,0.0167949986235371));
#4038=CARTESIAN_POINT('',(-1.00000000046022E-5,0.0130761105171715,0.0164292721779684));
#4039=CARTESIAN_POINT('',(-0.00196590045150949,0.0130684708490972,0.0164916745961732));
#4040=CARTESIAN_POINT('',(-0.00392178578729998,0.013060826412165,0.0166206174205728));
#4041=CARTESIAN_POINT('',(-0.00586564225602274,0.0130531849784111,0.0168148903801333));
#4042=CARTESIAN_POINT('',(-1.00000000051191E-5,0.0150067111966676,0.0167848525814534));
#4043=CARTESIAN_POINT('',(-0.00196207389292063,0.0150054635461896,0.0167947785825006));
#4044=CARTESIAN_POINT('',(-0.00391414545221083,0.0150042153745895,0.0168147575762898));
#4045=CARTESIAN_POINT('',(-0.00586439954399895,0.0150029676597115,0.0168446069310159));
#4046=CARTESIAN_POINT('',(-1.00000028740421E-5,0.0125008901673359,0.0164241950145377));
#4047=CARTESIAN_POINT('',(-0.000839414818475944,0.011604116306669,0.0163508006277521));
#4048=CARTESIAN_POINT('',(-0.00166942730973947,0.0107066962372225,0.0163323748967966));
#4049=CARTESIAN_POINT('',(-0.0025,0.00980867046772999,0.0163654715774489));
#4050=CARTESIAN_POINT('',(-0.0025,0.00980867046772999,0.0163654715774489));
#4051=CARTESIAN_POINT('',(-0.00250000000170137,0.00915000000000043,0.0163461091629159));
#4052=CARTESIAN_POINT('',(-0.00250000000170137,0.0091528170458796,0.0163461746080399));
#4053=CARTESIAN_POINT('',(-0.0025,0.00915563408656996,0.0163462402757549));
#4054=CARTESIAN_POINT('',(-0.0025,0.00915845112205949,0.016346306166577));
#4055=CARTESIAN_POINT('',(-0.0025,0.00915845112205949,0.016346306166577));
#4056=CARTESIAN_POINT('',(-0.00315612895261143,0.00915023677814527,0.0164035259866211));
#4057=CARTESIAN_POINT('',(-0.00293761305494099,0.00915297246710861,0.0163822306334162));
#4058=CARTESIAN_POINT('',(-0.00271890315596242,0.00915571058485285,0.0163631602055231));
#4059=CARTESIAN_POINT('',(-0.0025,0.00915845112205949,0.016346306166577));
#4060=CARTESIAN_POINT('',(-0.00315612895261143,0.00915023677814527,0.0164035259866211));
#4061=CARTESIAN_POINT('',(-0.0025,0.00980867046772999,0.0163654715774489));
#4062=CARTESIAN_POINT('',(-0.00271880678340548,0.00958909509747628,0.0163747951023801));
#4063=CARTESIAN_POINT('',(-0.0029375164511882,0.0093696171839764,0.0163874793201883));
#4064=CARTESIAN_POINT('',(-0.00315612895261144,0.00915023677814527,0.0164035259866211));
#4065=CARTESIAN_POINT('',(0.0016,0.00513763120397925,0.017));
#4066=CARTESIAN_POINT('',(0.0025,0.00513763120397925,0.017));
#4067=CARTESIAN_POINT('',(0.0025,0.00513763120397925,0.016));
#4068=CARTESIAN_POINT('',(6.50521303491303E-19,0.00513763120397925,0.016));
#4069=CARTESIAN_POINT('',(-0.0025,0.00513763120397925,0.016));
#4070=CARTESIAN_POINT('',(-0.0025,0.00513763120397925,0.017));
#4071=CARTESIAN_POINT('',(-0.0025,0.00714804116301937,0.017));
#4072=CARTESIAN_POINT('',(-0.0025,0.00714804116301937,0.016));
#4073=CARTESIAN_POINT('',(-0.0025,0.00915845112205949,0.016));
#4074=CARTESIAN_POINT('',(-0.0025,0.00915845112205949,0.016));
#4075=CARTESIAN_POINT('',(0.0025,0.00714804116301937,0.017));
#4076=CARTESIAN_POINT('',(0.0025,0.00915845112205949,0.016));
#4077=CARTESIAN_POINT('',(0.0025,0.00915845112205949,0.016));
#4078=CARTESIAN_POINT('',(0.0025,0.00714804116301937,0.016));
#4079=CARTESIAN_POINT('',(0.00278148245283595,0.00916074651272554,0.016));
#4080=CARTESIAN_POINT('',(0.00306296490567189,0.0091630419033916,0.016));
#4081=CARTESIAN_POINT('',(0.00306296490567189,0.0091630419033916,0.016));
#4082=CARTESIAN_POINT('',(0.00278148245283595,0.00916074651272554,0.016));
#4083=CARTESIAN_POINT('',(0.00278148245283595,0.00948585618556079,0.016));
#4084=CARTESIAN_POINT('',(0.0025,0.00980867046772999,0.016));
#4085=CARTESIAN_POINT('',(0.0025,0.00980867046772999,0.016));
#4086=CARTESIAN_POINT('',(0.00278148245283595,0.00948585618556079,0.016));
#4087=CARTESIAN_POINT('',(0.00125,0.0111601863856366,0.016));
#4088=CARTESIAN_POINT('',(8.67361737988404E-19,0.0125117023035432,0.016));
#4089=CARTESIAN_POINT('',(8.67361737988404E-19,0.0125117023035432,0.016));
#4090=CARTESIAN_POINT('',(0.00125,0.0111601863856366,0.016));
#4091=CARTESIAN_POINT('',(-0.00125,0.0111601863856366,0.016));
#4092=CARTESIAN_POINT('',(-0.0025,0.00980867046772999,0.016));
#4093=CARTESIAN_POINT('',(-0.0025,0.00980867046772999,0.016));
#4094=CARTESIAN_POINT('',(-0.00125,0.0111601863856366,0.016));
#4095=CARTESIAN_POINT('',(-0.00282806447630572,0.00947945362293763,0.016));
#4096=CARTESIAN_POINT('',(-0.00315612895261143,0.00915023677814527,0.016));
#4097=CARTESIAN_POINT('',(-0.00315612895261143,0.00915023677814527,0.016));
#4098=CARTESIAN_POINT('',(-0.00282806447630572,0.00947945362293763,0.016));
#4099=CARTESIAN_POINT('',(-0.00282806447630572,0.00915434395010238,0.016));
#4100=CARTESIAN_POINT('',(-0.00282806447630572,0.00915434395010238,0.016));
#4101=CARTESIAN_POINT('',(-4.65820234697694E-5,0.00882466675376123,0.016));
#4102=MECHANICAL_DESIGN_GEOMETRIC_PRESENTATION_REPRESENTATION('',(#1513,
#12),#4103);
#4103=(
GEOMETRIC_REPRESENTATION_CONTEXT(3)
GLOBAL_UNCERTAINTY_ASSIGNED_CONTEXT((#4104))
GLOBAL_UNIT_ASSIGNED_CONTEXT((#4107,#4106,#4105))
REPRESENTATION_CONTEXT('Body11','TOP_LEVEL_ASSEMBLY_PART')
);
#4104=UNCERTAINTY_MEASURE_WITH_UNIT(LENGTH_MEASURE(2.E-5),#4107,
'DISTANCE_ACCURACY_VALUE','Maximum Tolerance applied to model');
#4105=(
NAMED_UNIT(*)
SI_UNIT($,.STERADIAN.)
SOLID_ANGLE_UNIT()
);
#4106=(
NAMED_UNIT(*)
PLANE_ANGLE_UNIT()
SI_UNIT($,.RADIAN.)
);
#4107=(
LENGTH_UNIT()
NAMED_UNIT(*)
SI_UNIT($,.METRE.)
);
#4108=PRODUCT_DEFINITION_SHAPE('','',#4109);
#4109=PRODUCT_DEFINITION('','',#4111,#4110);
#4110=PRODUCT_DEFINITION_CONTEXT('',#4117,'design');
#4111=PRODUCT_DEFINITION_FORMATION_WITH_SPECIFIED_SOURCE('','',#4113,
 .NOT_KNOWN.);
#4112=PRODUCT_RELATED_PRODUCT_CATEGORY('','',(#4113));
#4113=PRODUCT('Body11','Body11','Body11',(#4115));
#4114=PRODUCT_CATEGORY('','');
#4115=PRODUCT_CONTEXT('',#4117,'mechanical');
#4116=APPLICATION_PROTOCOL_DEFINITION('international standard',
'ap242_managed_model_based_3d_engineering',2020,#4117);
#4117=APPLICATION_CONTEXT('managed model based 3d engineering');
ENDSEC;
END-ISO-10303-21;
